Isoelectric_Point	Amphipathicity	Net_Charge	Molecular_Weight	ID	Sequence	Y_PRED	RESIDUAL	RESIDUAL_Z	OUTLIER	OUTLIER_REASON
7.03	9.4	1.11	8645.8	tr|A0A8J6ESU0|A0A8J6ESU0_ELECQ	RPMTEQQSARYGAQKKSPIPSEISRRDLLASLSHEQKQFMMSQLLPQLLAEMSTAEGHLHPMQDRDYAGWMDFGR	7.545341379475855	1.8546586205241455	3.5193059468759986	True	abs_residual_z >= 1.5
9.75	13.55	1.99	1144.42	tr|A0A0A1I6K1|A0A0A1I6K1_BOMOR	RFLGLLGSLLG	10.979942157267839	2.5700578427321616	4.8768111552445355	True	abs_residual_z >= 1.5
9.75	13.55	1.99	1846.28	tr|A0A1M4NFQ7|A0A1M4NFQ7_BOMOR	RLLGPVLGLVSNVLGGLLG	10.979942157267839	2.5700578427321616	4.8768111552445355	True	abs_residual_z >= 1.5
9.77	13.55	2.12	2298.7	tr|A0A7L7EYU4|A0A7L7EYU4_PITHY	RFLSLIPHAINAVGTLVHHFG	11.0051965747516	2.5448034252484	4.8288896560252486	True	abs_residual_z >= 1.5
5.99	8.74	0.84	863.04	tr|A6MAX3|A6MAX3_ODOGR	LPFCQEK	6.232111670320095	2.507888329679905	4.7588414466534426	True	abs_residual_z >= 1.5
8.77	11.4	2.12	2797.36	tr|B5AKW4|B5AKW4_9NEOB	RGLLSVLGSVAKHVLPHVVPVIAEHLG	9.742475700563372	1.6575242994366288	3.145233877299878	True	abs_residual_z >= 1.5
8.77	11.4	2.12	2797.36	tr|B5AKW5|B5AKW5_9NEOB	RGLLSVLGSVAKHVLPHVVPVIAEHLG	9.742475700563372	1.6575242994366288	3.145233877299878	True	abs_residual_z >= 1.5
11.17	13.57	3.99	2187.73	tr|B5L0Y9|B5L0Y9_BOMMX	RILGPVLSLVGNALGGLIKKIG	12.773005798615124	0.7969942013848765	1.5123356942997956	True	abs_residual_z >= 1.5
11.17	13.57	3.99	2157.7	tr|B5L0Z0|B5L0Z0_BOMMX	RILGPVLGLVGNALGGLIKKIG	12.773005798615124	0.7969942013848765	1.5123356942997956	True	abs_residual_z >= 1.5
11.17	13.57	3.99	2157.7	tr|B5L0Z1|B5L0Z1_BOMMX	RILGPVLGLVGNALGGLIKKIG	12.773005798615124	0.7969942013848765	1.5123356942997956	True	abs_residual_z >= 1.5
11.17	13.57	3.99	2187.73	tr|B5L0Z2|B5L0Z2_BOMMX	RILGPVLSLVGNALGGLIKKIG	12.773005798615124	0.7969942013848765	1.5123356942997956	True	abs_residual_z >= 1.5
11.17	13.57	3.99	2187.73	tr|B5L0Z3|B5L0Z3_BOMMX	RILGPVLGLVSNALGGLIKKIG	12.773005798615124	0.7969942013848765	1.5123356942997956	True	abs_residual_z >= 1.5
11.17	13.57	3.99	2130.68	tr|B5L0Z4|B5L0Z4_BOMMX	RILGPVLGLVGSALGGLIKKIG	12.773005798615124	0.7969942013848765	1.5123356942997956	True	abs_residual_z >= 1.5
11.17	13.57	3.99	2246.77	tr|B5L0Z5|B5L0Z5_BOMMX	RILGPVLSMVGSALGGFFKKIG	12.773005798615124	0.7969942013848765	1.5123356942997956	True	abs_residual_z >= 1.5
11.0	13.56	2.99	2146.63	tr|B5L0Z6|B5L0Z6_BOMMX	RILGPVISTIGGVLGGLLKNLG	12.558343250003123	1.0016567499968776	1.9006929458512738	True	abs_residual_z >= 1.5
8.75	11.14	1.99	820.94	tr|B5L0Z8|B5L0Z8_BOMMX	RIWGQY	9.71722128307961	1.4227787169203907	2.699792589393864	True	abs_residual_z >= 1.5
11.0	13.56	2.99	2146.63	tr|B5L0Z9|B5L0Z9_BOMMX	RILGPVISTIGGVLGGLLKNLG	12.558343250003123	1.0016567499968776	1.9006929458512738	True	abs_residual_z >= 1.5
11.17	13.57	3.99	2157.7	tr|B5L102|B5L102_BOMMX	RILGPVLGLVGNALGGLIKKIG	12.773005798615124	0.7969942013848765	1.5123356942997956	True	abs_residual_z >= 1.5
11.17	13.57	3.99	2157.7	tr|B5L104|B5L104_BOMMX	RILGPVLGLVGNALGGLIKKIG	12.773005798615124	0.7969942013848765	1.5123356942997956	True	abs_residual_z >= 1.5
11.0	13.56	2.99	2146.63	tr|B5L105|B5L105_BOMMX	RILGPVISTIGGVLGGLLKNLG	12.558343250003123	1.0016567499968776	1.9006929458512738	True	abs_residual_z >= 1.5
11.17	13.57	3.99	2178.74	tr|B5L106|B5L106_BOMMX	RILGPVLSMVGSALGGLIKKIG	12.773005798615124	0.7969942013848765	1.5123356942997956	True	abs_residual_z >= 1.5
11.17	13.57	3.99	1369.67	tr|B5L110|B5L110_BOMMX	RGIGGKILSGLKTA	12.773005798615124	0.7969942013848765	1.5123356942997956	True	abs_residual_z >= 1.5
11.17	13.57	3.99	2157.7	tr|B5L112|B5L112_BOMMX	RILGPVLGLVGNALGGLIKKIG	12.773005798615124	0.7969942013848765	1.5123356942997956	True	abs_residual_z >= 1.5
11.17	13.57	3.99	2187.73	tr|B5L113|B5L113_BOMMX	RILGPVIGTIGNVLGGLIKKIG	12.773005798615124	0.7969942013848765	1.5123356942997956	True	abs_residual_z >= 1.5
11.0	13.56	2.99	2146.63	tr|B5L116|B5L116_BOMMX	RILGPVISTIGGVLGGLLKNLG	12.558343250003123	1.0016567499968776	1.9006929458512738	True	abs_residual_z >= 1.5
11.17	13.57	3.99	2157.7	tr|B5L118|B5L118_BOMMX	RILGPVLGLVGNALGGLIKKIG	12.773005798615124	0.7969942013848765	1.5123356942997956	True	abs_residual_z >= 1.5
11.17	13.57	3.99	2157.7	tr|B5L125|B5L125_BOMMX	RILGPVLGLVGNALGGLIKKIG	12.773005798615124	0.7969942013848765	1.5123356942997956	True	abs_residual_z >= 1.5
11.17	13.57	3.99	2157.7	tr|B5L128|B5L128_BOMMX	RILGPVLGLVGNALGGLIKKIG	12.773005798615124	0.7969942013848765	1.5123356942997956	True	abs_residual_z >= 1.5
9.75	13.55	1.99	1846.28	tr|B5L129|B5L129_BOMMX	RILGPVLGLVSNVLGGLLG	10.979942157267839	2.5700578427321616	4.8768111552445355	True	abs_residual_z >= 1.5
11.17	13.57	3.99	2183.74	tr|B5L130|B5L130_BOMMX	RILGPVLGLVGNPLGGLIKKIG	12.773005798615124	0.7969942013848765	1.5123356942997956	True	abs_residual_z >= 1.5
11.0	13.56	2.99	2161.6	tr|B5L131|B5L131_BOMMX	RILGPVIGTTGNVLGGLLKNLG	12.558343250003123	1.0016567499968776	1.9006929458512738	True	abs_residual_z >= 1.5
11.17	13.57	3.99	2157.7	tr|B5L132|B5L132_BOMMX	RILGPVLGLVGNALGGLIKKIG	12.773005798615124	0.7969942013848765	1.5123356942997956	True	abs_residual_z >= 1.5
11.17	13.57	3.99	2187.73	tr|B5L133|B5L133_BOMMX	RILGPVLSLVGNALGGLIKKIG	12.773005798615124	0.7969942013848765	1.5123356942997956	True	abs_residual_z >= 1.5
11.0	13.56	2.99	2143.63	tr|B5L136|B5L136_BOMMX	RILGPVLGLVGNALGGLLKNLG	12.558343250003123	1.0016567499968776	1.9006929458512738	True	abs_residual_z >= 1.5
11.17	13.57	3.99	2157.7	tr|B5L138|B5L138_BOMMX	RILGPVLGLVGNALGGLIKKIG	12.773005798615124	0.7969942013848765	1.5123356942997956	True	abs_residual_z >= 1.5
11.0	13.56	2.99	2146.63	tr|B5L141|B5L141_BOMMX	RILGPVISTIGGVLGGLLKNLG	12.558343250003123	1.0016567499968776	1.9006929458512738	True	abs_residual_z >= 1.5
11.0	13.56	2.99	2146.63	tr|B5L143|B5L143_BOMMX	RILGPVISTIGGVLGGLLKNLG	12.558343250003123	1.0016567499968776	1.9006929458512738	True	abs_residual_z >= 1.5
11.17	13.57	3.99	2130.68	tr|B5L145|B5L145_BOMMX	RILGPVLGLVGSALGGLIKKIG	12.773005798615124	0.7969942013848765	1.5123356942997956	True	abs_residual_z >= 1.5
6.14	10.58	0.99	2427.89	tr|B5L152|B5L152_BOMMX	RIQVVRLQMATMISPQEVVET	6.421519801448329	4.158480198551671	7.890920696010883	True	abs_residual_z >= 1.5
11.0	13.56	2.99	2146.63	tr|B5L153|B5L153_BOMMX	RILGPVISTIGGVLGGLLKNLG	12.558343250003123	1.0016567499968776	1.9006929458512738	True	abs_residual_z >= 1.5
11.17	13.57	3.99	2157.7	tr|B5L154|B5L154_BOMMX	RILGPVLGLVGNALGGLIKKIG	12.773005798615124	0.7969942013848765	1.5123356942997956	True	abs_residual_z >= 1.5
11.17	13.57	3.99	2215.78	tr|B5L156|B5L156_BOMMX	RILGPVISKIGVVLGGLLKNLG	12.773005798615124	0.7969942013848765	1.5123356942997956	True	abs_residual_z >= 1.5
11.17	13.57	3.99	2157.7	tr|B5L157|B5L157_BOMMX	RILGPVLGLVGNALGGLIKKIG	12.773005798615124	0.7969942013848765	1.5123356942997956	True	abs_residual_z >= 1.5
11.0	13.56	2.99	2161.6	tr|B5L158|B5L158_BOMMX	RILGPVIGTTGNVLGGLLKNLG	12.558343250003123	1.0016567499968776	1.9006929458512738	True	abs_residual_z >= 1.5
11.0	13.56	2.99	2146.63	tr|B5L160|B5L160_BOMMX	RILGPVISTIGGVLGGLLKNLG	12.558343250003123	1.0016567499968776	1.9006929458512738	True	abs_residual_z >= 1.5
11.0	13.56	2.99	2146.63	tr|B5L161|B5L161_BOMMX	RILGPVISTIGGVLGGLLKNLG	12.558343250003123	1.0016567499968776	1.9006929458512738	True	abs_residual_z >= 1.5
8.78	8.65	3.22	3546.25	tr|B5L1M1|B5L1M1_NIDPL	RSFLCDLKILATNAAKNAGQCVVTTLSCKLCGTC	9.755102909305254	-1.1051029093052538	-2.0969871207504567	True	abs_residual_z >= 1.5
11.0	13.56	2.99	2146.63	tr|C3RSP0|C3RSP0_9ANUR	RILGPVISTIGGVLGGLLKNLG	12.558343250003123	1.0016567499968776	1.9006929458512738	True	abs_residual_z >= 1.5
11.17	13.57	3.99	2129.65	tr|C3RSP1|C3RSP1_9ANUR	RILGPVLGLAGNALGGLIKKIG	12.773005798615124	0.7969942013848765	1.5123356942997956	True	abs_residual_z >= 1.5
11.17	13.57	3.99	2157.7	tr|C3RSP2|C3RSP2_9ANUR	RILGPVLGLVGNALGGLIKKIG	12.773005798615124	0.7969942013848765	1.5123356942997956	True	abs_residual_z >= 1.5
11.17	13.57	3.99	2157.7	tr|C3RSP4|C3RSP4_9ANUR	RILGPVLGLVGNALGGLIKKIG	12.773005798615124	0.7969942013848765	1.5123356942997956	True	abs_residual_z >= 1.5
11.17	13.57	3.99	2147.66	tr|C3RSP5|C3RSP5_9ANUR	RILGSVLGLVGNALGGLIKKIG	12.773005798615124	0.7969942013848765	1.5123356942997956	True	abs_residual_z >= 1.5
11.17	13.57	3.99	2145.65	tr|C3RSP6|C3RSP6_9ANUR	RVLGPVLGLASNALGGLIKKIG	12.773005798615124	0.7969942013848765	1.5123356942997956	True	abs_residual_z >= 1.5
11.17	13.57	3.99	2104.6	tr|C3RSP7|C3RSP7_9ANUR	RISGPVLGLVGSALGGLIKKIG	12.773005798615124	0.7969942013848765	1.5123356942997956	True	abs_residual_z >= 1.5
11.17	13.57	3.99	2187.73	tr|C3RSP8|C3RSP8_9ANUR	RILGPVLGLVSNALGGLIKKIG	12.773005798615124	0.7969942013848765	1.5123356942997956	True	abs_residual_z >= 1.5
11.17	13.57	3.99	2130.68	tr|C3RSQ0|C3RSQ0_9ANUR	RILGPVLGLVGSALGGLIKKIG	12.773005798615124	0.7969942013848765	1.5123356942997956	True	abs_residual_z >= 1.5
4.21	6.69	-0.01	1877.24	tr|C3RSQ1|C3RSQ1_9ANUR	RILGPVLGLVGDTLGDLLG	3.9844685142650462	2.705531485734954	5.133879055605596	True	abs_residual_z >= 1.5
11.17	13.57	3.99	2157.7	tr|C3RSQ2|C3RSQ2_9ANUR	RILGPVLGLVGNALGGLIKKIG	12.773005798615124	0.7969942013848765	1.5123356942997956	True	abs_residual_z >= 1.5
11.0	13.56	2.99	2203.68	tr|C3RSQ3|C3RSQ3_9ANUR	RILGPVISTIGNVLGGLLKNLG	12.558343250003123	1.0016567499968776	1.9006929458512738	True	abs_residual_z >= 1.5
11.0	13.56	2.99	2219.72	tr|C3RSQ4|C3RSQ4_9ANUR	RILGLVISTIGNVLGGLLKNLG	12.558343250003123	1.0016567499968776	1.9006929458512738	True	abs_residual_z >= 1.5
8.59	10.68	1.99	2275.75	tr|C3RSQ5|C3RSQ5_9ANUR	RILGPVLGLDSNALEGLIKKIG	9.515185943209492	1.164814056790508	2.2102919597726713	True	abs_residual_z >= 1.5
11.17	13.57	3.99	2157.7	tr|C3RSQ6|C3RSQ6_9ANUR	RILGPVLGLVGNALGGLIKKIG	12.773005798615124	0.7969942013848765	1.5123356942997956	True	abs_residual_z >= 1.5
11.17	13.57	3.99	2157.7	tr|C3RSQ7|C3RSQ7_9ANUR	RILGPVLGLVGNALGGLIKKIG	12.773005798615124	0.7969942013848765	1.5123356942997956	True	abs_residual_z >= 1.5
11.17	13.57	3.99	2157.7	tr|C3RSQ8|C3RSQ8_9ANUR	RILGPVLGLVGNALGGLIKKIG	12.773005798615124	0.7969942013848765	1.5123356942997956	True	abs_residual_z >= 1.5
11.0	13.56	2.99	2129.6	tr|C3RSR0|C3RSR0_9ANUR	RILGPVVGLVGNALGGLLKNLG	12.558343250003123	1.0016567499968776	1.9006929458512738	True	abs_residual_z >= 1.5
11.0	13.56	2.99	2173.66	tr|C3RSR1|C3RSR1_9ANUR	RILGPVLGLVSNALGGLLKNLG	12.558343250003123	1.0016567499968776	1.9006929458512738	True	abs_residual_z >= 1.5
11.0	13.56	2.99	2143.63	tr|C3RSR2|C3RSR2_9ANUR	RILGPVLGLVGNALGGLLKNLG	12.558343250003123	1.0016567499968776	1.9006929458512738	True	abs_residual_z >= 1.5
4.21	6.69	-0.01	1877.24	tr|C3RSR3|C3RSR3_9ANUR	RILGPVLGLVGDTLGDLLG	3.9844685142650462	2.705531485734954	5.133879055605596	True	abs_residual_z >= 1.5
9.75	13.55	1.99	1818.22	tr|C3RSR4|C3RSR4_9ANUR	RILGPVLGLVSNALGGLLG	10.979942157267839	2.5700578427321616	4.8768111552445355	True	abs_residual_z >= 1.5
11.17	13.57	3.99	2187.73	tr|C3RSR5|C3RSR5_9ANUR	RILGPVLGLVSNALGGLIKKIG	12.773005798615124	0.7969942013848765	1.5123356942997956	True	abs_residual_z >= 1.5
11.17	13.57	3.99	2187.73	tr|C3RSR6|C3RSR6_9ANUR	RILGPVIKTIGGVIGGLLKNLG	12.773005798615124	0.7969942013848765	1.5123356942997956	True	abs_residual_z >= 1.5
11.0	13.56	2.99	2143.63	tr|C3RSR7|C3RSR7_9ANUR	RILGPVLGLVGNALGGLLKNLG	12.558343250003123	1.0016567499968776	1.9006929458512738	True	abs_residual_z >= 1.5
11.0	13.56	2.99	2116.61	tr|C3RSR8|C3RSR8_9ANUR	RILGPVLGLVGSALGGLLKNLG	12.558343250003123	1.0016567499968776	1.9006929458512738	True	abs_residual_z >= 1.5
4.21	6.69	-0.01	1877.24	tr|C3RSR9|C3RSR9_9ANUR	RILGPVLGLVGDTLGDLLG	3.9844685142650462	2.705531485734954	5.133879055605596	True	abs_residual_z >= 1.5
11.0	13.56	2.99	2203.68	tr|C3RSS0|C3RSS0_9ANUR	RILGPVISTIGNVLGGLLKNLG	12.558343250003123	1.0016567499968776	1.9006929458512738	True	abs_residual_z >= 1.5
4.21	6.69	-0.01	1877.24	tr|C3RSS1|C3RSS1_9ANUR	RILGPVLGLVGDTLGDLLG	3.9844685142650462	2.705531485734954	5.133879055605596	True	abs_residual_z >= 1.5
11.17	13.57	3.99	2157.7	tr|C3RSS2|C3RSS2_9ANUR	RILGPVLGLVGNALGGLIKKIG	12.773005798615124	0.7969942013848765	1.5123356942997956	True	abs_residual_z >= 1.5
11.17	13.57	3.99	2187.73	tr|C3RSS3|C3RSS3_9ANUR	RILGPVLGLVGNTLGGLIKKIG	12.773005798615124	0.7969942013848765	1.5123356942997956	True	abs_residual_z >= 1.5
11.0	13.56	2.99	2116.61	tr|C3RSS4|C3RSS4_9ANUR	RILGPVLGLVGSALGGLLKNLG	12.558343250003123	1.0016567499968776	1.9006929458512738	True	abs_residual_z >= 1.5
11.0	13.56	2.99	2116.61	tr|C3RSS5|C3RSS5_9ANUR	RILGPVLGLVGSALGGLLKNLG	12.558343250003123	1.0016567499968776	1.9006929458512738	True	abs_residual_z >= 1.5
11.0	13.56	2.99	1832.29	tr|C3RSS6|C3RSS6_9ANUR	RILGPVLGLVGSALGGLIK	12.558343250003123	1.0016567499968776	1.9006929458512738	True	abs_residual_z >= 1.5
5.84	9.74	0.99	920.98	tr|C3RSS6|C3RSS6_9ANUR	RLDNYNQ	6.04270353919186	3.69729646080814	7.015801872049296	True	abs_residual_z >= 1.5
4.21	6.69	-0.01	1877.24	tr|C3RSS7|C3RSS7_9ANUR	RILGPVLGLVGDTLGDLLG	3.9844685142650462	2.705531485734954	5.133879055605596	True	abs_residual_z >= 1.5
11.17	13.57	3.99	2157.7	tr|C3RSS8|C3RSS8_9ANUR	RILGPVLGLVGNALGGLIKKIG	12.773005798615124	0.7969942013848765	1.5123356942997956	True	abs_residual_z >= 1.5
7.05	9.34	1.12	8993.15	tr|C3RSS9|C3RSS9_9ANUR	RGIGGKILGGLRTALKGAAKELAATYLHRKGTAEEHEVMKRLEAVMRDLDSLDHPEEAFERETRGFNQDEIANLFTKKEK	7.570595796959618	1.7694042030403816	3.3575314967816374	True	abs_residual_z >= 1.5
11.17	13.57	3.99	2187.73	tr|C3RSS9|C3RSS9_9ANUR	RILGPVLGLVSNALGGLIKKIG	12.773005798615124	0.7969942013848765	1.5123356942997956	True	abs_residual_z >= 1.5
4.21	6.69	-0.01	2203.64	tr|C3RST0|C3RST0_9ANUR	RILGPVLGLVSNALDDVLGILG	3.9844685142650462	2.705531485734954	5.133879055605596	True	abs_residual_z >= 1.5
11.17	13.57	3.99	2157.7	tr|C3RST1|C3RST1_9ANUR	RILGPVLGLVGNALGGLIKKIG	12.773005798615124	0.7969942013848765	1.5123356942997956	True	abs_residual_z >= 1.5
11.17	13.57	3.99	2157.7	tr|C3RST2|C3RST2_9ANUR	RILGPVLGLVGNALGGLIKKIG	12.773005798615124	0.7969942013848765	1.5123356942997956	True	abs_residual_z >= 1.5
11.17	13.57	3.99	2100.65	tr|C3RST3|C3RST3_9ANUR	RILGPVLGLVGNALGGLIKKI	12.773005798615124	0.7969942013848765	1.5123356942997956	True	abs_residual_z >= 1.5
11.17	13.57	3.99	2173.7	tr|C3RST4|C3RST4_9ANUR	RILGPVISKIGGVLGGLLKNLG	12.773005798615124	0.7969942013848765	1.5123356942997956	True	abs_residual_z >= 1.5
11.0	13.56	2.99	2173.66	tr|C3RST5|C3RST5_9ANUR	RILGPVLGLVSNALGGLLKNIG	12.558343250003123	1.0016567499968776	1.9006929458512738	True	abs_residual_z >= 1.5
11.17	13.57	3.99	2157.7	tr|C3RST6|C3RST6_9ANUR	RILGPVLGLVGNALGGLIKKIG	12.773005798615124	0.7969942013848765	1.5123356942997956	True	abs_residual_z >= 1.5
11.17	13.57	3.99	2157.7	tr|C3RST7|C3RST7_9ANUR	RILGPVLGLVGNALGGLIKKIG	12.773005798615124	0.7969942013848765	1.5123356942997956	True	abs_residual_z >= 1.5
11.17	11.96	8.03	3190.85	tr|C3RST8|C3RST8_9ANUR	RGIGRKILGGLKTALKGAAKELAATYLHRK	12.773005798615124	-0.8130057986151229	-1.5427184875145696	True	abs_residual_z >= 1.5
11.17	13.57	3.99	2157.7	tr|C3RST8|C3RST8_9ANUR	RILGPVLGLVGNALGGLIKKIG	12.773005798615124	0.7969942013848765	1.5123356942997956	True	abs_residual_z >= 1.5
11.17	13.57	3.99	2187.73	tr|C3RST9|C3RST9_9ANUR	RILGPVIKTIGGVIGGLLKNLG	12.773005798615124	0.7969942013848765	1.5123356942997956	True	abs_residual_z >= 1.5
11.17	13.57	3.99	2187.73	tr|C3RSU0|C3RSU0_9ANUR	RILGPVLGLVSNALGGLIKKIG	12.773005798615124	0.7969942013848765	1.5123356942997956	True	abs_residual_z >= 1.5
11.0	13.56	2.99	2146.63	tr|C3RSU1|C3RSU1_9ANUR	RILGPVISTIGGVLGGLLKNLG	12.558343250003123	1.0016567499968776	1.9006929458512738	True	abs_residual_z >= 1.5
11.0	13.56	2.99	2146.63	tr|C3RSU2|C3RSU2_9ANUR	RILGPVISTIGGVLGGLLKNLG	12.558343250003123	1.0016567499968776	1.9006929458512738	True	abs_residual_z >= 1.5
11.17	13.57	3.99	2173.7	tr|C3RSU3|C3RSU3_9ANUR	RILGPVISKIGGVLGGLLKNLG	12.773005798615124	0.7969942013848765	1.5123356942997956	True	abs_residual_z >= 1.5
11.0	13.56	2.99	2116.61	tr|C3RSU4|C3RSU4_9ANUR	RILGPVLGLVGSALGGLLKNLG	12.558343250003123	1.0016567499968776	1.9006929458512738	True	abs_residual_z >= 1.5
11.0	13.56	2.99	2173.66	tr|C3RSU5|C3RSU5_9ANUR	RILGPVLGLVSNALGGLLKNLG	12.558343250003123	1.0016567499968776	1.9006929458512738	True	abs_residual_z >= 1.5
11.0	13.56	2.99	2116.61	tr|C3RSU6|C3RSU6_9ANUR	RILGPVLGLVGSALGGLLKNLG	12.558343250003123	1.0016567499968776	1.9006929458512738	True	abs_residual_z >= 1.5
11.0	13.56	2.99	2199.74	tr|C3RSU7|C3RSU7_9ANUR	RILLPVLGLVGNALGGLLKNLG	12.558343250003123	1.0016567499968776	1.9006929458512738	True	abs_residual_z >= 1.5
11.17	13.57	3.99	2157.7	tr|C3RSU8|C3RSU8_9ANUR	RILGPVLGLVGNALGGLIKKIG	12.773005798615124	0.7969942013848765	1.5123356942997956	True	abs_residual_z >= 1.5
11.0	13.56	2.99	2144.66	tr|C3RSU9|C3RSU9_9ANUR	RILGPVLGLVGSVLGGLLKNLG	12.558343250003123	1.0016567499968776	1.9006929458512738	True	abs_residual_z >= 1.5
11.0	13.56	2.99	2191.69	tr|C3RSV0|C3RSV0_9ANUR	RIMGPVLGLVSNALGGLLKNLG	12.558343250003123	1.0016567499968776	1.9006929458512738	True	abs_residual_z >= 1.5
11.0	13.56	2.99	2115.58	tr|C3RSV1|C3RSV1_9ANUR	RILGPALGLVGNALGGLLKNLG	12.558343250003123	1.0016567499968776	1.9006929458512738	True	abs_residual_z >= 1.5
8.39	10.12	2.07	4803.5	tr|C3RSV2|C3RSV2_9ANUR	RTAKDHEVMKRLEAVMRDLDPLDHPEKASERETRGFIKKIG	9.262641768371846	0.8573582316281527	1.6268794104649447	True	abs_residual_z >= 1.5
8.59	10.44	1.99	2223.71	tr|C3RSV3|C3RSV3_9ANUR	RILGPVLGLVDSALGGLLKYLG	9.515185943209492	0.9248140567905079	1.754880156272393	True	abs_residual_z >= 1.5
11.17	13.57	3.99	2187.73	tr|C3RSV4|C3RSV4_BOMMX	RILGPVLSLVGNALGGLIKKIG	12.773005798615124	0.7969942013848765	1.5123356942997956	True	abs_residual_z >= 1.5
11.0	13.56	2.99	2203.68	tr|C3RSV5|C3RSV5_BOMMX	RILGPVISTIGNVLGGLLKNLG	12.558343250003123	1.0016567499968776	1.9006929458512738	True	abs_residual_z >= 1.5
11.0	13.56	2.99	2146.63	tr|C3RSV6|C3RSV6_BOMMX	RILGPVISTIGGVLGGLLKNLG	12.558343250003123	1.0016567499968776	1.9006929458512738	True	abs_residual_z >= 1.5
11.0	13.56	2.99	2146.63	tr|C3RSV7|C3RSV7_BOMMX	RILGPVISTIGGVLGGLLKNLG	12.558343250003123	1.0016567499968776	1.9006929458512738	True	abs_residual_z >= 1.5
8.75	11.4	1.99	2158.64	tr|C3RSV8|C3RSV8_BOMMX	RILGPVLGLVGNALGGLIKEIG	9.71722128307961	1.6827787169203905	3.1931553765191647	True	abs_residual_z >= 1.5
11.17	13.57	3.99	2157.7	tr|C3RSV9|C3RSV9_BOMMX	RILGPVLGLVGNALGGLIKKIG	12.773005798615124	0.7969942013848765	1.5123356942997956	True	abs_residual_z >= 1.5
11.0	13.56	2.99	2146.63	tr|C3RSW0|C3RSW0_BOMMX	RILGPVISTIGGVLGGLLKNLG	12.558343250003123	1.0016567499968776	1.9006929458512738	True	abs_residual_z >= 1.5
11.0	13.56	2.99	2146.63	tr|C3RSW3|C3RSW3_BOMMX	RILGPVISTIGGVLGGLLKNLG	12.558343250003123	1.0016567499968776	1.9006929458512738	True	abs_residual_z >= 1.5
4.21	6.69	-0.01	2176.61	tr|C3RSW4|C3RSW4_BOMMX	RILGPVLGLVSGTLDDVLGILG	3.9844685142650462	2.705531485734954	5.133879055605596	True	abs_residual_z >= 1.5
4.21	6.69	-0.01	2233.66	tr|C3RSW5|C3RSW5_BOMMX	RILGPVLGLVSNTLDDVLGILG	3.9844685142650462	2.705531485734954	5.133879055605596	True	abs_residual_z >= 1.5
11.17	13.57	3.99	2157.7	tr|C3RSW7|C3RSW7_BOMMX	RILGPVLGLVGNALGGLIKKIG	12.773005798615124	0.7969942013848765	1.5123356942997956	True	abs_residual_z >= 1.5
11.0	13.56	2.99	2143.63	tr|C3RSW8|C3RSW8_BOMMX	RILGPVLGLVGNALGGLLKNLG	12.558343250003123	1.0016567499968776	1.9006929458512738	True	abs_residual_z >= 1.5
4.56	6.81	-0.01	2913.43	tr|C3RSW9|C3RSW9_BOMMX	RILGPVLGLVGNDLEVYLKILDNYNL	4.426420820230926	2.3835791797690735	4.522958721018116	True	abs_residual_z >= 1.5
4.56	6.81	-0.01	2958.42	tr|C3RSX0|C3RSX0_BOMMX	RLLGPVLGLVSNDLEVYLKILDNYNQ	4.426420820230926	2.3835791797690735	4.522958721018116	True	abs_residual_z >= 1.5
11.0	13.56	2.99	2173.66	tr|C3RSX1|C3RSX1_BOMMX	RLLGPVLGLVSNALGGLLKNIG	12.558343250003123	1.0016567499968776	1.9006929458512738	True	abs_residual_z >= 1.5
11.17	13.57	3.99	2157.7	tr|C3RSX3|C3RSX3_BOMMX	RILGPVLGLVGNALGGLIKKIG	12.773005798615124	0.7969942013848765	1.5123356942997956	True	abs_residual_z >= 1.5
11.0	13.56	2.99	2146.63	tr|C3RSX4|C3RSX4_BOMMX	RILGPVISTIGGVLGGLLKNLG	12.558343250003123	1.0016567499968776	1.9006929458512738	True	abs_residual_z >= 1.5
11.0	13.56	2.99	2146.63	tr|C3RSX5|C3RSX5_BOMMX	RILGPVISTIGGVLGGLLKNLG	12.558343250003123	1.0016567499968776	1.9006929458512738	True	abs_residual_z >= 1.5
11.0	13.56	2.99	2146.63	tr|C3RSX6|C3RSX6_BOMMX	RILGPVISTIGGVLGGLLKNLG	12.558343250003123	1.0016567499968776	1.9006929458512738	True	abs_residual_z >= 1.5
9.75	13.55	1.99	1804.2	tr|C3RSX7|C3RSX7_BOMMX	RVLGPVLGLVSNALGGLLG	10.979942157267839	2.5700578427321616	4.8768111552445355	True	abs_residual_z >= 1.5
11.17	13.57	3.99	2173.7	tr|C3RSX8|C3RSX8_BOMMX	RILGPVISKIGGVLGGLLKNLG	12.773005798615124	0.7969942013848765	1.5123356942997956	True	abs_residual_z >= 1.5
11.0	13.56	2.99	2146.63	tr|C3RSX9|C3RSX9_BOMMX	RILGPVISTIGGVLGGLLKNLG	12.558343250003123	1.0016567499968776	1.9006929458512738	True	abs_residual_z >= 1.5
11.0	13.56	2.99	2203.68	tr|C3RSY0|C3RSY0_BOMMX	RILGPVISTIGNVLGGLLKNLG	12.558343250003123	1.0016567499968776	1.9006929458512738	True	abs_residual_z >= 1.5
11.0	13.56	2.99	2146.63	tr|C3RSY1|C3RSY1_BOMMX	RILGPVISTIGGVLGGLLKNLG	12.558343250003123	1.0016567499968776	1.9006929458512738	True	abs_residual_z >= 1.5
11.17	13.57	3.99	2187.73	tr|C3RSY3|C3RSY3_BOMMX	RILGPVLSLVGNALGGLIKKIG	12.773005798615124	0.7969942013848765	1.5123356942997956	True	abs_residual_z >= 1.5
11.17	13.57	3.99	2157.7	tr|C3RSY4|C3RSY4_BOMMX	RILGPVLGLVGNALGGLIKKIG	12.773005798615124	0.7969942013848765	1.5123356942997956	True	abs_residual_z >= 1.5
11.17	13.57	3.99	2171.73	tr|C3RSY5|C3RSY5_BOMMX	RILGPVLGLIGNALGGLIKKIG	12.773005798615124	0.7969942013848765	1.5123356942997956	True	abs_residual_z >= 1.5
11.17	13.57	3.99	2131.62	tr|C3RSY7|C3RSY7_BOMMX	RISGPVLGLVGNALGGLIKKIG	12.773005798615124	0.7969942013848765	1.5123356942997956	True	abs_residual_z >= 1.5
11.17	13.57	3.99	2157.7	tr|C3RSY8|C3RSY8_BOMMX	RILGPVLGLVGNALGGLIKKIG	12.773005798615124	0.7969942013848765	1.5123356942997956	True	abs_residual_z >= 1.5
5.06	7.06	-0.01	2858.14	tr|C3RSY9|C3RSY9_BOMMX	RSVKNDKQSLSQRDVLEEESLREI	5.057781257325042	2.002218742674958	3.799308535848594	True	abs_residual_z >= 1.5
11.17	13.57	3.99	2173.7	tr|C3RSZ0|C3RSZ0_BOMMX	RILGPVISKIGGVLGGLLKNLG	12.773005798615124	0.7969942013848765	1.5123356942997956	True	abs_residual_z >= 1.5
11.0	13.56	2.99	2146.63	tr|C3RSZ1|C3RSZ1_BOMMX	RILGPVISTIGGVLGGLLKNLG	12.558343250003123	1.0016567499968776	1.9006929458512738	True	abs_residual_z >= 1.5
11.17	13.57	3.99	2187.73	tr|C3RSZ2|C3RSZ2_BOMMX	RILGPVIKTIGGVIGGLLKNLG	12.773005798615124	0.7969942013848765	1.5123356942997956	True	abs_residual_z >= 1.5
11.0	13.56	2.99	2143.63	tr|C3RTJ1|C3RTJ1_9ANUR	RILGPVLGLVGNALGGLLKNLG	12.558343250003123	1.0016567499968776	1.9006929458512738	True	abs_residual_z >= 1.5
11.0	13.56	2.99	2146.63	tr|C3RTJ2|C3RTJ2_9ANUR	RILGPVISTIGGVLGGLLKNLG	12.558343250003123	1.0016567499968776	1.9006929458512738	True	abs_residual_z >= 1.5
11.0	13.56	2.99	2143.63	tr|C3RTJ3|C3RTJ3_9ANUR	RILGPVLGLVGNALGGLLKNLG	12.558343250003123	1.0016567499968776	1.9006929458512738	True	abs_residual_z >= 1.5
11.17	13.57	3.99	2173.7	tr|C3RTJ4|C3RTJ4_9ANUR	RILGPVISKIGGVLGGLLKNLG	12.773005798615124	0.7969942013848765	1.5123356942997956	True	abs_residual_z >= 1.5
11.17	13.57	3.99	2157.7	tr|C3RTJ5|C3RTJ5_9ANUR	RILGPVLGLVGNALGGLIKKIG	12.773005798615124	0.7969942013848765	1.5123356942997956	True	abs_residual_z >= 1.5
11.0	13.56	2.99	2173.66	tr|C3RTJ6|C3RTJ6_9ANUR	RILGPVLGLVSNALGGLLKNLG	12.558343250003123	1.0016567499968776	1.9006929458512738	True	abs_residual_z >= 1.5
11.0	13.56	2.99	2203.68	tr|C3RTJ7|C3RTJ7_9ANUR	RILGPVISTIGNVLGGLLKNLG	12.558343250003123	1.0016567499968776	1.9006929458512738	True	abs_residual_z >= 1.5
9.75	13.55	1.99	1818.22	tr|C3RTJ8|C3RTJ8_9ANUR	RILGPVLGLVSNALGGLLG	10.979942157267839	2.5700578427321616	4.8768111552445355	True	abs_residual_z >= 1.5
11.0	13.56	2.99	2203.68	tr|C3RTJ9|C3RTJ9_9ANUR	RILGPVISTIGNVLGGLLKNLG	12.558343250003123	1.0016567499968776	1.9006929458512738	True	abs_residual_z >= 1.5
11.17	13.57	3.99	2157.7	tr|C3RTK0|C3RTK0_9ANUR	RILGPVLGLVGNALGGLIKKIG	12.773005798615124	0.7969942013848765	1.5123356942997956	True	abs_residual_z >= 1.5
11.0	13.56	2.99	2203.68	tr|C3RTK1|C3RTK1_9ANUR	RILGPVISTIGNVLGGLLKNLG	12.558343250003123	1.0016567499968776	1.9006929458512738	True	abs_residual_z >= 1.5
11.17	13.57	3.99	2187.73	tr|C3RTK2|C3RTK2_9ANUR	RILGPVLGLVSNALGGLIKKIG	12.773005798615124	0.7969942013848765	1.5123356942997956	True	abs_residual_z >= 1.5
11.0	13.56	2.99	2143.63	tr|C3RTK4|C3RTK4_9ANUR	RILGPVLGLVGNALGGLLKNLG	12.558343250003123	1.0016567499968776	1.9006929458512738	True	abs_residual_z >= 1.5
11.0	13.56	2.99	2143.63	tr|C3RTK6|C3RTK6_9ANUR	RILGPVLGLVGNALGGLLKNLG	12.558343250003123	1.0016567499968776	1.9006929458512738	True	abs_residual_z >= 1.5
11.0	13.56	2.99	2173.66	tr|C3RTK7|C3RTK7_9ANUR	RILGPVLGLVSNALGGLLKNLG	12.558343250003123	1.0016567499968776	1.9006929458512738	True	abs_residual_z >= 1.5
11.0	13.56	2.99	2146.63	tr|C3RTK8|C3RTK8_9ANUR	RILGPVISTIGGVLGGLLKNLG	12.558343250003123	1.0016567499968776	1.9006929458512738	True	abs_residual_z >= 1.5
11.0	13.56	2.99	2143.63	tr|C3RTK9|C3RTK9_9ANUR	RILGPVLGLVGNALGGLLKNLG	12.558343250003123	1.0016567499968776	1.9006929458512738	True	abs_residual_z >= 1.5
11.0	13.56	2.99	2175.63	tr|C3RTL1|C3RTL1_9ANUR	RILGPVISTIGNALGGLLKNLG	12.558343250003123	1.0016567499968776	1.9006929458512738	True	abs_residual_z >= 1.5
4.53	6.88	-0.01	1015.15	tr|D3WKE2|D3WKE2_RANSP	GPMAEPESAK	4.38853919400528	2.49146080599472	4.7276694125346355	True	abs_residual_z >= 1.5
6.27	9.57	0.99	3855.29	tr|D3WKE2|D3WKE2_RANSP	RGLQKKEIAQLREAVRDMNDQQDYTGWMDFGR	6.5856735150927985	2.9843264849072018	5.662906278021812	True	abs_residual_z >= 1.5
9.75	13.55	1.99	502.53	tr|D3WKE2|D3WKE2_RANSP	RNSGA	10.979942157267839	2.5700578427321616	4.8768111552445355	True	abs_residual_z >= 1.5
11.0	13.56	3.03	1839.2	tr|I3RU60|I3RU60_9ANUR	RFIGKLISAASGLLSHLG	12.558343250003123	1.0016567499968776	1.9006929458512738	True	abs_residual_z >= 1.5
9.76	13.55	2.03	1828.26	tr|I3RU61|I3RU61_9ANUR	RILGAILPLVSGLLSHLG	10.992569366009718	2.5574306339902826	4.852850405634896	True	abs_residual_z >= 1.5
11.17	13.57	3.99	2157.7	tr|Q4L0B6|Q4L0B6_BOMMX	RILGPVLGLVGNALGGLIKKIG	12.773005798615124	0.7969942013848765	1.5123356942997956	True	abs_residual_z >= 1.5
8.76	11.4	2.07	2730.36	tr|Q800R7|Q800R7_RANCA	RGLLSVLGSLKLIVPHVVPLIAEHLG	9.729848491821489	1.6701515081785114	3.169194626909525	True	abs_residual_z >= 1.5
8.77	11.4	2.12	2789.3	tr|Q800R8|Q800R8_RANCA	RGLFGILGSVAKHVLPHVVPVIAEHSG	9.742475700563372	1.6575242994366288	3.145233877299878	True	abs_residual_z >= 1.5
9.75	13.55	1.99	1114.39	tr|X5JAN0|X5JAN0_BOMVA	RFLGLLGGLLG	10.979942157267839	2.5700578427321616	4.8768111552445355	True	abs_residual_z >= 1.5
9.75	13.55	1.99	1144.42	tr|X5JB11|X5JB11_BOMVA	RFLGLIGSLLG	10.979942157267839	2.5700578427321616	4.8768111552445355	True	abs_residual_z >= 1.5
