ENTRY,SITE,CLASS,PROBABILITY
A0A088MIT0,27,0,0.011304456376983874
A0A088MIT0,35,0,0.010287869769399445
A0A088MIT0,46,0,0.09614534361870104
A0A088MIT0,58,1,0.4182435382954191
A0A088MIT0,84,1,0.4841028691431523
A0A088MIT0,123,1,0.30394692684656016
A0A088MIT0,6,0,0.0033258551678339993
A0A088MIT0,98,0,0.005198699343004151
A0A088MIT0,114,0,0.045832421545095876
A0A088MIT0,54,0,0.0074808127588193605
A0A088MIT0,67,0,0.024994558957070197
A0A088MIT0,71,0,0.14413243472829404
A0A088MIT0,80,0,0.022410914889633683
A0A088MIT0,93,0,0.024994558957070197
A0A088MIT0,120,0,0.0248387936586667
A0A088MIT0,124,0,0.042368637798509516
A0A2L2DDD0,27,0,0.0035838738862726694
A0A2L2DDD0,36,0,0.0015052815979867587
A0A2L2DDD0,56,1,0.9806463180476821
A0A2L2DDD0,6,0,0.0033258551678339993
A0A2L2DDD0,32,0,0.00019832053756105875
A0A2L2DDD0,42,0,0.00018481059246840391
A0A2L2DDD0,53,0,0.0016184552071089153
A0A2L2DDD0,63,0,0.0004832765115497838
A0A2L2DDD0,70,0,0.0017627831487050066
A0A2L2DDD0,81,0,0.0007413407908288683
A0A219CMY0,71,0,0.006431239045120392
A0A219CMY0,81,0,0.006993268103500572
A0A219CMY0,114,1,0.955307026131538
A0A219CMY0,4,0,0.005408955793655938
A0A219CMY0,41,0,0.0019517666259680796
A0A219CMY0,54,0,0.0018361086283183675
A0A219CMY0,58,0,0.0021785495486656608
A0A219CMY0,62,0,0.0019101514360800923
A0A219CMY0,111,0,0.0007747550834899959
A0A219CMY0,125,0,0.0037028437672229023
A0A219CMY0,19,0,0.0012660759850322487
A0A219CMY0,31,0,0.006987310745233175
A0A219CMY0,40,0,0.026051037423241236
A0A219CMY0,43,1,0.6185519157030479
A0A219CMY0,87,0,0.002467825311182693
A0A219CMY0,101,0,0.00167638550036242
A0A219CMY0,104,0,0.006985095450159976
C3RT18,33,0,0.008860502376474504
C3RT18,46,1,0.9846865581450569
C3RT18,6,0,0.006270165616690664
C3RT18,53,0,0.0016465689503490245
C3RT18,65,0,0.005251786458720262
C3RT18,26,0,0.002755967218112411
C5H0D6,46,1,0.9965453832138749
C5H0D6,6,0,0.006270165616690664
C5H0D6,33,0,0.009035583365455489
C5H0D6,53,0,0.0015416930766629423
C5H0D6,26,0,0.0030508664114143893
C5H0D6,39,0,0.0010774111066821977
P24302,27,0,0.002629383209332173
P24302,45,1,0.9771412506058109
P24302,6,0,0.004085959165804939
P24302,54,0,0.0026499536891628982
P24302,34,0,0.00014830593698054876
P24302,49,0,0.0017075936518128167
P24302,64,0,0.0016829883069596962
P83083,73,0,0.006991706759419324
P83083,83,0,0.006993268103500572
P83083,123,1,0.9553861100753399
P83083,120,0,0.0025777336785534916
P83083,4,0,0.005408955793655938
P83083,23,0,0.0005094302180079689
P83083,54,0,0.0007957709475335422
P83083,58,0,0.0006778567778732411
P83083,62,0,0.0008857066455106705
P83083,67,0,0.0007961579986946579
P83083,19,0,0.0012660759850322487
P83083,31,0,0.006987310745233175
P83083,40,0,0.006990733945985524
P83083,43,1,0.9553480348075224
P83083,89,0,0.006990502986628423
P83083,103,0,0.00167638550036242
P83083,106,0,0.006985095450159976
P85071,45,1,0.966071538364273
P85071,6,0,0.003503286200762842
P85071,33,0,0.0018275627357535373
P85071,39,0,0.0009279422302597345
P85071,56,0,0.0012413434895250533
P86093,26,0,0.06982317506998523
P86093,44,0,0.020096217698206673
P86093,6,0,0.006270165616690664
P86093,38,0,0.0003057718081446836
Q0VZ38,27,0,0.006984223225968152
Q0VZ38,46,1,0.9869323298171594
Q0VZ38,6,0,0.0033258551678339993
Q0VZ38,41,0,0.0005194164638469595
Q0VZ39,27,0,0.006984223225968152
Q0VZ39,46,1,0.9860223701513254
Q0VZ39,6,0,0.0033258551678339993
Q0VZ39,41,0,0.0005194164638469595
Q0VZ40,27,0,0.006984223225968152
Q0VZ40,46,1,0.9860223701513254
Q0VZ40,6,0,0.0033258551678339993
Q0VZ40,41,0,0.0005194164638469595
Q0VZ40,63,0,0.001430760650309742
Q17UY9,18,0,0.006984223225968152
Q17UY9,37,1,0.9860223701513254
Q17UY9,32,0,0.0005194164638469595
Q58T42,73,0,0.006991706759419324
Q58T42,83,0,0.006993268103500572
Q58T42,118,1,0.9553861100753399
Q58T42,4,0,0.005408955793655938
Q58T42,54,0,0.0007957709475335422
Q58T42,58,0,0.0006778567778732411
Q58T42,62,0,0.0008857066455106705
Q58T42,67,0,0.0007961579986946579
Q58T42,115,0,0.0015839470174063264
Q58T42,19,0,0.0069851592866838385
Q58T42,31,0,0.006987310745233175
Q58T42,40,0,0.006990733945985524
Q58T42,43,1,0.9553480348075224
Q58T42,89,0,0.006990502986628423
Q58T42,103,0,0.00167638550036242
Q58T42,106,0,0.006985095450159976
Q58T44,73,0,0.006991706759419324
Q58T44,83,0,0.006993268103500572
Q58T44,118,1,0.9553861100753399
Q58T44,4,0,0.006990600720744638
Q58T44,54,0,0.0007957709475335422
Q58T44,58,0,0.0006778567778732411
Q58T44,62,0,0.0008857066455106705
Q58T44,67,0,0.0007961579986946579
Q58T44,115,0,0.0015839470174063264
Q58T44,19,0,0.0069851592866838385
Q58T44,31,0,0.006987310745233175
Q58T44,40,0,0.006990733945985524
Q58T44,43,1,0.9553480348075224
Q58T44,89,0,0.006990502986628423
Q58T44,103,0,0.00167638550036242
Q58T44,106,0,0.006985095450159976
Q58T52,73,0,0.006991706759419324
Q58T52,83,0,0.006993268103500572
Q58T52,123,1,0.9553861100753399
Q58T52,120,0,0.0025777336785534916
Q58T52,4,0,0.005408955793655938
Q58T52,23,0,0.0005191252276355599
Q58T52,54,0,0.0007957709475335422
Q58T52,58,0,0.0006778567778732411
Q58T52,62,0,0.0008857066455106705
Q58T52,67,0,0.0007961579986946579
Q58T52,19,0,0.0009975543529149953
Q58T52,31,0,0.006987310745233175
Q58T52,40,0,0.006990733945985524
Q58T52,43,1,0.9553480348075224
Q58T52,89,0,0.006990502986628423
Q58T52,103,0,0.008159251145099711
Q58T52,106,0,0.004672858374260459
Q58T62,73,0,0.006991706759419324
Q58T62,83,0,0.006993268103500572
Q58T62,118,1,0.9553861100753399
Q58T62,4,0,0.005092492810876222
Q58T62,54,0,0.0007957709475335422
Q58T62,58,0,0.0006778567778732411
Q58T62,62,0,0.0008857066455106705
Q58T62,67,0,0.0007961579986946579
Q58T62,115,0,0.0015839470174063264
Q58T62,19,0,0.0069851592866838385
Q58T62,31,0,0.006987310745233175
Q58T62,40,0,0.006990733945985524
Q58T62,43,1,0.9553480348075224
Q58T62,89,0,0.006990502986628423
Q58T62,103,0,0.00167638550036242
Q58T62,106,0,0.006985095450159976
Q58T77,73,0,0.006991706759419324
Q58T77,83,0,0.006993268103500572
Q58T77,118,1,0.9553861100753399
Q58T77,4,0,0.005092492810876222
Q58T77,54,0,0.0007957709475335422
Q58T77,58,0,0.0006778567778732411
Q58T77,62,0,0.0008857066455106705
Q58T77,67,0,0.0007961579986946579
Q58T77,115,0,0.0015839470174063264
Q58T77,19,0,0.0069851592866838385
Q58T77,31,0,0.006987310745233175
Q58T77,40,0,0.006990733945985524
Q58T77,43,1,0.9553480348075224
Q58T77,89,0,0.005194598696968495
Q58T77,103,0,0.00167638550036242
Q58T77,106,0,0.006985095450159976
Q58T79,73,0,0.006991706759419324
Q58T79,83,0,0.006993268103500572
Q58T79,123,1,0.9553861100753399
Q58T79,120,0,0.0025777336785534916
Q58T79,20,0,0.007781483788215882
Q58T79,4,0,0.005408955793655938
Q58T79,23,0,0.0007582230082040293
Q58T79,54,0,0.0007957709475335422
Q58T79,58,0,0.0006778567778732411
Q58T79,62,0,0.0008857066455106705
Q58T79,67,0,0.0007961579986946579
Q58T79,31,0,0.006987310745233175
Q58T79,40,0,0.006990733945985524
Q58T79,43,1,0.9553480348075224
Q58T79,89,0,0.006990502986628423
Q58T79,103,0,0.00167638550036242
Q58T79,106,0,0.006985095450159976
A0A088MI62,35,0,0.018103172922988808
A0A088MI62,50,1,0.4182435382954191
A0A088MI62,6,0,0.0033258551678339993
A0A088MI62,27,0,0.0007316149013481364
A7WNV3,46,1,0.9965453832138749
A7WNV3,6,0,0.006161853602358543
A7WNV3,33,0,0.006904373974889095
A7WNV3,61,0,0.0008310856144743703
A7WNV3,26,0,0.002755967218112411
A7WNV4,46,1,0.9965453832138749
A7WNV4,6,0,0.004627726934488413
A7WNV4,33,0,0.006904373974889095
A7WNV4,57,0,0.015610767410518804
A7WNV4,61,0,0.0008310856144743703
A7WNV4,26,0,0.002755967218112411
C5H0D9,46,1,0.985724757479226
C5H0D9,6,0,0.0050179781028126
C5H0D9,33,0,0.009035583365455489
C5H0D9,53,0,0.0026811115799938168
C5H0D9,26,0,0.0030508664114143893
C5H0D9,39,0,0.0010774111066821977
C5H0E2,46,1,0.985724757479226
C5H0E2,6,0,0.0050179781028126
C5H0E2,33,0,0.009035583365455489
C5H0E2,53,0,0.0036163326143826267
C5H0E2,26,0,0.0030508664114143893
C5H0E2,39,0,0.0010774111066821977
E1AWD5,45,1,0.9965453832138749
E1AWD5,6,0,0.006973277273500683
E1AWD5,33,0,0.0006692602935348072
E1AWD5,60,0,0.0012626774683336772
E1AWD5,64,0,0.001518770537191867
E1AWD5,26,0,0.0030508664114143893
P56249,27,0,0.016553462355285094
P56249,46,1,0.9877711431195344
P56249,6,0,0.006977682491985383
P56249,24,0,0.0005010194923919677
P56249,65,0,0.0012818326995060563
P80282,27,0,0.002629383209332173
P80282,44,1,0.8595857657996816
P80282,6,0,0.004085959165804939
P80282,53,0,0.0069429227478373205
P80282,34,0,0.00015091729383796777
P80282,48,0,0.0019108440360816375
P80282,63,0,0.0016829883069596962
Q1EN13,27,0,0.002629383209332173
Q1EN13,45,1,0.9888953259668588
Q1EN13,6,0,0.0033258551678339993
Q1EN13,49,0,0.0021736234405394907
Q1EN13,53,0,0.001538263792527012
Q1EN13,57,0,0.00055267958381887
Q1EN13,64,0,0.006119312538375701
Q1JS92,43,1,0.9944815778515339
Q1JS92,6,0,0.00456085643167261
Q1JS92,50,0,0.0007725833498281434
Q1JS92,54,0,0.0012334618457535624
Q1JS92,63,0,0.0011192139116641096
Q1JS92,65,0,0.0026797000837465983
Q1JS92,67,0,0.0019454987884572545
Q1JS92,26,0,0.00612206184812036
Q1JS93,46,1,0.9965453832138749
Q1JS93,6,0,0.0050179781028126
Q1JS93,33,0,0.006904373974889095
Q1JS93,61,0,0.0008310856144743703
Q1JS93,26,0,0.002755967218112411
Q571V4,27,0,0.016553462355285094
Q571V4,46,1,0.9877711431195344
Q571V4,6,0,0.006977682491985383
Q571V4,24,0,0.0005010194923919677
Q571V4,54,0,0.0007578029295742805
Q571V4,65,0,0.0006290677429746194
Q571V4,67,0,0.0006034442638903924
E1AWD2,39,0,0.13205764421152852
E1AWD2,46,1,0.9951484464414663
E1AWD2,6,0,0.0050179781028126
E1AWD2,33,0,0.0069748003917409936
E1AWD2,65,0,0.001458854965782497
E1AWD2,26,0,0.0030508664114143893
E1AWD3,40,0,0.13205764421152852
E1AWD3,47,1,0.9951484464414663
E1AWD3,6,0,0.0050179781028126
E1AWD3,34,0,0.0069748003917409936
E1AWD3,58,0,0.0059935436637152065
E1AWD3,66,0,0.0014277369481577502
E1AWD3,26,0,0.001879561537006248
P81488,27,0,0.002629383209332173
P81488,45,1,0.9888953259668588
P81488,6,0,0.0033258551678339993
P81488,49,0,0.002880434485721986
P81488,53,0,0.004851826991729234
P81488,57,0,0.001996987171624089
P81488,64,0,0.0014547479219455873
Q17UZ0,24,0,0.0015052815979867587
Q17UZ0,41,1,0.8658886204902078
Q17UZ0,60,0,0.01682912166364711
Q17UZ0,52,0,0.017603801429114958
Q17UZ0,55,0,0.00140175468234093
Q17UZ0,65,0,0.0007919588600846525
Q17UZ0,67,0,0.0005230607562324538
Q17UZ0,69,0,0.004508194413629404
Q17UZ0,71,0,0.0012728701754204002
Q17UZ0,74,0,0.0003360592492387061
Q17UZ0,31,0,0.0006974087094601952
Q17UZ0,51,0,0.017520678636308896
Q17UZ0,63,0,0.032109107206218804
Q58T90,73,0,0.006991706759419324
Q58T90,83,0,0.11575802316595817
Q58T90,123,1,0.9553861100753399
Q58T90,120,0,0.0025777336785534916
Q58T90,4,0,0.005092492810876222
Q58T90,54,0,0.0007760810229922078
Q58T90,58,0,0.0005915005897210021
Q58T90,62,0,0.0046050129212918565
Q58T90,85,0,0.0053235209193947895
Q58T90,19,0,0.0012723179058698518
Q58T90,31,0,0.005876297792731674
Q58T90,40,0,0.006990733945985524
Q58T90,43,1,0.9553480348075224
Q58T90,89,0,0.006990502986628423
Q58T90,103,0,0.00167638550036242
Q58T90,106,0,0.006985095450159976
Q58T91,71,0,0.006431239045120392
Q58T91,81,0,0.006993268103500572
Q58T91,121,1,0.9553861100753399
Q58T91,118,0,0.0025777336785534916
Q58T91,4,0,0.005092492810876222
Q58T91,54,0,0.0007760810229922078
Q58T91,58,0,0.0005915005897210021
Q58T91,62,0,0.0009796281811885526
Q58T91,19,0,0.0012723179058698518
Q58T91,31,0,0.005876297792731674
Q58T91,40,0,0.006990733945985524
Q58T91,43,1,0.9553480348075224
Q58T91,87,0,0.006990502986628423
Q58T91,101,0,0.00167638550036242
Q58T91,104,0,0.006985095450159976
L0PJV8,27,0,0.006897513597587932
L0PJV8,46,0,0.23340438807636765
L0PJV8,6,0,0.003256512717819119
L0PJV8,40,0,0.00046093648215589925
L0PJV8,51,0,0.037828151751149654
P83080,73,0,0.006904024010690479
P83080,83,0,0.006893317514078384
P83080,123,1,0.9607435533101528
P83080,120,0,0.001719724605064957
P83080,4,0,0.0057176917379710476
P83080,48,0,0.0021713211403243927
P83080,54,0,0.00038713998910299704
P83080,58,0,0.000838526477765724
P83080,62,0,0.00010743290435992122
P83080,141,0,0.0007583936380644642
P83080,19,0,0.00200865443962006
P83080,31,0,0.006881310639603578
P83080,40,0,0.006892959910512174
P83080,43,1,0.9727574596241921
P83080,89,0,0.006894104540343306
P83080,103,0,0.0013372725627893577
P83080,106,0,0.00983648793178782
C5H0D7,46,1,0.9860653191445984
C5H0D7,6,0,0.004502433445579768
C5H0D7,33,0,0.003779943429936976
C5H0D7,53,0,0.0018260089484000218
C5H0D7,26,0,0.0037602178244698346
C5H0D7,39,0,0.004096608058210147
C5H0D8,46,1,0.9860653191445984
C5H0D8,6,0,0.004502433445579768
C5H0D8,33,0,0.003779943429936976
C5H0D8,53,0,0.002204839628737707
C5H0D8,26,0,0.0037602178244698346
C5H0D8,39,0,0.004096608058210147
E7EKC4,47,1,0.996051023372107
E7EKC4,6,0,0.008223801326450031
E7EKC4,34,0,0.004395270377190738
E7EKC4,62,0,0.0019620355286168014
E7EKC4,66,0,0.0017059508651142052
E7EKC4,26,0,0.0013741864946653153
E7EKC4,40,0,0.0034737688336789613
P83081,73,0,0.006904024010690479
P83081,83,0,0.006893317514078384
P83081,123,1,0.9607435533101528
P83081,120,0,0.001719724605064957
P83081,4,0,0.0057176917379710476
P83081,48,0,0.0021713211403243927
P83081,54,0,0.00038713998910299704
P83081,58,0,0.000838526477765724
P83081,62,0,0.00010743290435992122
P83081,141,0,0.0007583936380644642
P83081,19,0,0.00200865443962006
P83081,31,0,0.006881310639603578
P83081,40,0,0.006892959910512174
P83081,43,1,0.9727574596241921
P83081,89,0,0.006894104540343306
P83081,103,0,0.0013372725627893577
P83081,106,0,0.006897071113526218
P83084,73,1,0.5
P83084,84,0,0.006893317514078384
P83084,124,1,0.9607435533101528
P83084,121,0,0.001719724605064957
P83084,4,0,0.0057176917379710476
P83084,48,0,0.001983667716602819
P83084,54,0,0.00047587739521844097
P83084,58,0,0.0028747726428029726
P83084,62,0,0.00010743290435992122
P83084,132,0,0.004947233665370474
P83084,142,0,0.0007583936380644642
P83084,19,0,0.00690616190984866
P83084,31,0,0.006881310639603578
P83084,40,0,0.006892959910512174
P83084,43,1,0.8628568965322406
P83084,71,0,0.014018118711367551
P83084,90,0,0.006894104540343306
P83084,104,0,0.005581634097052395
P83084,107,0,0.02457109273964303
P84276,41,1,0.5738044283489152
P84276,6,0,0.005891195096732142
P84276,37,0,0.0005222931126489038
P84276,51,0,0.0005024995301119023
P84276,54,0,0.0013621093736588489
P84276,63,0,0.0011945102311573465
P84276,26,0,0.006884313001443634
P84276,47,0,0.02045290968438997
Q0VTT9,27,0,0.006897513597587932
Q0VTT9,47,0,0.05772605290987506
Q0VTT9,6,0,0.003256512717819119
Q0VTT9,45,0,0.00041828973261829304
Q0VTT9,52,0,0.035758882397199876
Q58T41,73,0,0.006904024010690479
Q58T41,83,0,0.006893317514078384
Q58T41,123,1,0.9607435533101528
Q58T41,120,0,0.001719724605064957
Q58T41,4,0,0.0057176917379710476
Q58T41,48,0,0.004215042186871552
Q58T41,54,0,0.00033242021607763684
Q58T41,58,0,0.0013171909607197908
Q58T41,62,0,0.00010743290435992122
Q58T41,141,0,0.0007583936380644642
Q58T41,19,0,0.00200865443962006
Q58T41,31,0,0.006881310639603578
Q58T41,40,0,0.006892959910512174
Q58T41,43,1,0.9727574596241921
Q58T41,89,0,0.006894104540343306
Q58T41,103,0,0.0016028195456692644
Q58T41,106,0,0.006897071113526218
Q58T61,73,1,0.5
Q58T61,83,0,0.009311090288893209
Q58T61,123,1,0.9607435533101528
Q58T61,120,0,0.001719724605064957
Q58T61,4,0,0.0057176917379710476
Q58T61,48,0,0.001983667716602819
Q58T61,54,0,0.00047587739521844097
Q58T61,58,0,0.0028747726428029726
Q58T61,62,0,0.00010743290435992122
Q58T61,131,0,0.004947233665370474
Q58T61,141,0,0.0007583936380644642
Q58T61,19,0,0.00690616190984866
Q58T61,31,0,0.006881310639603578
Q58T61,40,0,0.006892959910512174
Q58T61,43,1,0.8628568965322406
Q58T61,71,0,0.014018118711367551
Q58T61,89,0,0.006894104540343306
Q58T61,103,0,0.0016028195456692644
Q58T61,106,0,0.006897071113526218
Q58T74,73,0,0.006904024010690479
Q58T74,83,0,0.006893317514078384
Q58T74,123,1,0.9607435533101528
Q58T74,120,0,0.001719724605064957
Q58T74,4,0,0.0057176917379710476
Q58T74,48,0,0.001983667716602819
Q58T74,54,0,0.00038713998910299704
Q58T74,58,0,0.000838526477765724
Q58T74,62,0,0.00010743290435992122
Q58T74,141,0,0.0007583936380644642
Q58T74,19,0,0.00200865443962006
Q58T74,31,0,0.006881310639603578
Q58T74,40,0,0.006892959910512174
Q58T74,43,1,0.9727574596241921
Q58T74,89,0,0.006894104540343306
Q58T74,103,0,0.0013372725627893577
Q58T74,106,0,0.006897071113526218
Q58T87,73,0,0.006904024010690479
Q58T87,83,0,0.09862304920600866
Q58T87,123,1,0.9248933501517943
Q58T87,120,0,0.0045040946003947185
Q58T87,4,0,0.0057176917379710476
Q58T87,48,0,0.0021713211403243927
Q58T87,54,0,0.00038713998910299704
Q58T87,58,0,0.000838526477765724
Q58T87,62,0,0.00010743290435992122
Q58T87,141,0,0.0012677622704963289
Q58T87,19,0,0.00200865443962006
Q58T87,31,0,0.006881310639603578
Q58T87,40,0,0.006892959910512174
Q58T87,43,1,0.9727574596241921
Q58T87,89,0,0.04355455824130071
Q58T87,103,0,0.0016028195456692644
Q58T87,106,0,0.0026616597719770394
Q800R2,27,0,0.010745739164624658
Q800R2,49,1,0.9932778798838722
Q800R2,6,0,0.004019292788965452
Q800R2,60,0,0.003118783743160414
A0A5P9K6A8,27,0,0.0015468861620174077
A0A5P9K6A8,6,0,0.003256512717819119
A0A5P9K6A8,45,1,0.9607678501262888
A0A5P9K6A8,52,0,0.0007369749128756887
A0A5P9K6A8,60,0,0.006904785130576476
A0A5P9K9Z4,27,0,0.0015468861620174077
A0A5P9K9Z4,6,0,0.003256512717819119
A0A5P9K9Z4,45,1,0.9607678501262888
A0A5P9K9Z4,52,0,0.0007369749128756887
A0A5P9K9Z4,60,0,0.006904785130576476
A0SN45,46,1,0.996051023372107
A0SN45,6,0,0.004502433445579768
A0SN45,33,0,0.003779943429936976
A0SN45,53,0,0.002204839628737707
A0SN45,26,0,0.0037602178244698346
A0SN45,39,0,0.004096608058210147
B3VZU2,47,1,0.9860653191445984
B3VZU2,6,0,0.004502433445579768
B3VZU2,34,0,0.004395270377190738
B3VZU2,56,0,0.0013413916528553006
B3VZU2,26,0,0.0006124520687881856
B3VZU2,40,0,0.002429153492523023
B5LUQ6,27,0,0.010228294376898971
B5LUQ6,51,1,0.9903852216438115
B5LUQ6,6,0,0.004019292788965452
B5LUQ6,30,0,0.00029504368910146625
B5LUQ6,46,0,0.0037491717087861746
C0HJF6,27,0,0.008075570716838993
C0HJF6,6,0,0.004424129978549179
C0HJF6,40,0,0.0068904059554639515
C0HJF6,52,0,0.017966343261205015
C0HJF6,54,0,0.01089464985673563
C5H0E0,46,1,0.9860653191445984
C5H0E0,6,0,0.005413479923227869
C5H0E0,33,0,0.003779943429936976
C5H0E0,53,0,0.002204839628737707
C5H0E0,26,0,0.0037602178244698346
C5H0E0,39,0,0.004096608058210147
C5H0E1,46,1,0.9860653191445984
C5H0E1,6,0,0.004502433445579768
C5H0E1,33,0,0.003779943429936976
C5H0E1,53,0,0.0018260089484000218
C5H0E1,26,0,0.0037602178244698346
C5H0E1,39,0,0.004096608058210147
E1AWD8,45,1,0.9860653191445984
E1AWD8,6,0,0.005538577417201667
E1AWD8,33,0,0.0004861222663864103
E1AWD8,52,0,0.002204839628737707
E1AWD8,26,0,0.0037602178244698346
E1AWD8,38,0,0.0027904981731884534
E1AXF5,41,1,0.9932778798838722
E1AXF5,6,0,0.005786240460881139
E1AXF5,48,0,0.0019699275677824775
E1AXF5,69,0,0.0017376459945810817
E1AXF5,26,0,0.0017989347161577738
E7EKC5,47,1,0.996051023372107
E7EKC5,6,0,0.004502433445579768
E7EKC5,34,0,0.006904511298752166
E7EKC5,62,0,0.0025859850459664813
E7EKC5,66,0,0.0017059508651142052
E7EKC5,26,0,0.0013741864946653153
E7EKC5,40,0,0.011275611932972782
O93456,27,0,0.06282692671328251
O93456,48,1,0.9606628346335312
O93456,63,0,0.017715794937732725
O93456,84,1,0.9606628346335312
O93456,99,0,0.017715794937732725
O93456,120,1,0.9606628346335312
O93456,135,0,0.017715794937732725
O93456,156,1,0.9606628346335312
O93456,168,0,0.09005211889016206
O93456,171,1,0.7515276682295018
O93456,188,1,0.9480938401402003
O93456,6,0,0.004429015741742931
O93456,60,0,0.017883808487153843
O93456,96,0,0.017883808487153843
O93456,132,0,0.017883808487153843
O93456,172,0,0.0034146894215884797
O93456,185,0,0.0007201044645350366
O93456,40,0,0.0008932580563576555
O93456,76,0,0.0008932580563576555
O93456,112,0,0.0008932580563576555
O93456,148,0,0.005302610186162768
P0DTU1,46,1,0.996051023372107
P0DTU1,6,0,0.005413479923227869
P0DTU1,33,0,0.003779943429936976
P0DTU1,53,0,0.002204839628737707
P0DTU1,26,0,0.0037602178244698346
P0DTU1,39,0,0.004096608058210147
Q1JS88,38,1,0.9786065838863933
Q1JS88,6,0,0.005538577417201667
Q1JS88,43,0,0.00662190138547779
Q1JS88,47,0,0.007319583573699193
Q1JS88,50,0,0.0006319837571713186
Q1JS88,58,0,0.0013514222643317493
Q1JS88,62,0,0.002921455341246648
Q1JS88,67,0,0.002721218948964984
Q1JS88,70,0,0.0027950628506388563
Q1JS88,26,0,0.002131521079195694
Q1JS90,39,1,0.9940605176570902
Q1JS90,6,0,0.004305807686195223
Q1JS90,46,0,0.0010950585611257512
Q1JS90,50,0,0.0010156007570690524
Q1JS90,59,0,0.0010163684284656966
Q1JS90,61,0,0.0008883067554057997
Q1JS90,63,0,0.0035324399215301725
Q1JS90,26,0,0.006884313001443634
Q1JS94,41,1,0.5738044283489152
Q1JS94,6,0,0.005786240460881139
Q1JS94,37,0,0.0005222931126489038
Q1JS94,51,0,0.0005024995301119023
Q1JS94,54,0,0.0013621093736588489
Q1JS94,63,0,0.0011945102311573465
Q1JS94,26,0,0.006884313001443634
Q1JS94,47,0,0.02045290968438997
Q2WCN7,44,1,0.9949596093260993
Q2WCN7,6,0,0.005786240460881139
Q2WCN7,52,0,0.0006633560075343022
Q2WCN7,56,0,0.00031818045759028407
Q2WCN7,65,0,0.0010163684284656966
Q2WCN7,67,0,0.0008883067554057997
Q2WCN7,69,0,0.0035324399215301725
Q2WCN7,26,0,0.006884313001443634
Q58T56,73,0,0.006904024010690479
Q58T56,83,0,0.006893317514078384
Q58T56,123,1,0.9607435533101528
Q58T56,120,0,0.001719724605064957
Q58T56,4,0,0.009384010765336437
Q58T56,48,0,0.0021713211403243927
Q58T56,54,0,0.00033242021607763684
Q58T56,58,0,0.0013171909607197908
Q58T56,62,0,0.00010743290435992122
Q58T56,130,0,0.008445237069000784
Q58T56,141,0,0.0007583936380644642
Q58T56,19,0,0.00200865443962006
Q58T56,31,0,0.006881310639603578
Q58T56,40,0,0.006892959910512174
Q58T56,43,1,0.9727574596241921
Q58T56,89,0,0.006894104540343306
Q58T56,103,0,0.0016028195456692644
Q58T56,106,0,0.006897071113526218
Q58T58,73,0,0.006904024010690479
Q58T58,83,0,0.006893317514078384
Q58T58,123,1,0.9607435533101528
Q58T58,120,0,0.001719724605064957
Q58T58,4,0,0.0057176917379710476
Q58T58,48,0,0.001983667716602819
Q58T58,54,0,0.00038713998910299704
Q58T58,58,0,0.000838526477765724
Q58T58,62,0,0.00010743290435992122
Q58T58,130,0,0.008445237069000784
Q58T58,141,0,0.0007583936380644642
Q58T58,19,0,0.00200865443962006
Q58T58,31,0,0.006881310639603578
Q58T58,40,0,0.006892959910512174
Q58T58,43,1,0.9727574596241921
Q58T58,89,0,0.006894104540343306
Q58T58,103,0,0.0013372725627893577
Q58T58,106,0,0.006897071113526218
Q58T72,73,0,0.006904024010690479
Q58T72,83,0,0.006893317514078384
Q58T72,123,1,0.9607435533101528
Q58T72,120,0,0.001719724605064957
Q58T72,4,0,0.0057176917379710476
Q58T72,48,0,0.001983667716602819
Q58T72,54,0,0.00038713998910299704
Q58T72,58,0,0.000838526477765724
Q58T72,62,0,0.00010743290435992122
Q58T72,141,0,0.0007583936380644642
Q58T72,19,0,0.00200865443962006
Q58T72,31,0,0.03457145075295651
Q58T72,40,0,0.006892959910512174
Q58T72,43,1,0.9727574596241921
Q58T72,89,0,0.006894104540343306
Q58T72,103,0,0.0013372725627893577
Q58T72,106,0,0.006897071113526218
Q800R9,27,0,0.010745739164624658
Q800R9,49,1,0.9917332750664826
Q800R9,6,0,0.004019292788965452
Q800R9,60,0,0.003001036452976301
Q800R9,65,1,0.47462909902532213
E1B247,46,1,0.996051023372107
E1B247,6,0,0.005538577417201667
E1B247,33,0,0.003779943429936976
E1B247,53,0,0.002204839628737707
E1B247,26,0,0.0037602178244698346
E1B247,39,0,0.004096608058210147
E1B248,46,1,0.996051023372107
E1B248,6,0,0.005538577417201667
E1B248,33,0,0.003779943429936976
E1B248,53,0,0.002204839628737707
E1B248,26,0,0.0037602178244698346
E1B248,39,0,0.004096608058210147
O93221,27,0,0.00571132257230632
O93221,44,1,0.970433587089487
O93221,6,0,0.003256512717819119
O93221,33,0,0.00010909683746704332
O93221,51,0,0.006715597502009285
O93221,55,0,0.001367860556154437
O93221,62,0,0.0007385019979803666
O93221,70,0,0.0014519724749150888
O93225,27,0,0.0015468861620174077
O93225,45,1,0.9829177664570865
O93225,6,0,0.003256512717819119
O93225,53,0,0.0005770753088184179
O93225,60,0,0.0018135222776629253
O93451,27,0,0.00571132257230632
O93451,44,1,0.970433587089487
O93451,6,0,0.003256512717819119
O93451,33,0,0.00010909683746704332
O93451,51,0,0.006715597502009285
O93451,55,0,0.001367860556154437
O93451,62,0,0.0007385019979803666
O93451,70,0,0.0014519724749150888
Q2UXV8,47,1,0.996051023372107
Q2UXV8,6,0,0.004502433445579768
Q2UXV8,34,0,0.006904511298752166
Q2UXV8,62,0,0.0025859850459664813
Q2UXV8,66,0,0.0017059508651142052
Q2UXV8,26,0,0.0013741864946653153
Q2UXV8,40,0,0.011275611932972782
L0PIN3,27,0,0.0012254795855320018
L0PIN3,46,0,0.11716024249662844
L0PIN3,6,0,0.003698432528761801
L0PIN3,40,0,0.0008416290328636405
L0PIN3,36,0,0.0005022946636679302
L0PIN3,51,0,0.027021418285297475
A0A1M4BLT1,27,0,0.01273132361478636
A0A1M4BLT1,48,1,0.9624074559873873
A0A1M4BLT1,6,0,0.003698432528761801
A0A1M4BLT1,32,0,0.00012676435806486738
A0A1M4BLT1,40,0,0.001975432493038002
A0A1M4BLT1,43,0,0.004495719259152112
A0AEI5,42,1,0.8286249394821967
A0AEI5,6,0,0.007077429264777923
A0AEI5,50,0,0.0005227500257733165
A0AEI5,54,0,0.0005212315057174752
A0AEI5,63,0,0.003059979534878232
A0AEI5,67,0,0.0011643990328936273
A0AEI5,26,0,0.007565974283660123
A0AEI5,62,0,0.0071145184503085355
C3RT17,33,0,0.013750917742632854
C3RT17,46,1,0.9806568103692099
C3RT17,6,0,0.007077429264777923
C3RT17,53,0,0.0012675316398040146
C3RT17,65,0,0.0028363066961346302
C3RT17,26,0,0.005642501058801415
C3RT23,42,1,0.9247315196303477
C3RT23,6,0,0.007077429264777923
C3RT23,47,0,0.0024014763812246166
C3RT23,49,0,0.0011505619999153084
C3RT23,57,0,0.0025177839253161627
C3RT23,65,0,0.0009507222676465312
C3RT23,70,0,0.0008485558057534455
C3RT23,26,0,0.007445560605278986
C3RT23,45,0,0.03507256848021504
C3RT24,42,1,0.9247315196303477
C3RT24,6,0,0.007077429264777923
C3RT24,47,0,0.007759408588476441
C3RT24,49,0,0.0016765868206979678
C3RT24,57,0,0.0025177839253161627
C3RT24,65,0,0.001534796013055802
C3RT24,70,0,0.0006646331836384189
C3RT24,26,0,0.0033413214647663816
C3RT24,45,0,0.11053428863287154
F1T149,38,1,0.957192159144589
F1T149,6,0,0.004437581616907028
F1T149,43,0,0.0028691857426533475
F1T149,47,0,0.0033040514569502876
F1T149,50,0,0.0015294020968473492
F1T149,55,0,0.002296583386344578
F1T149,58,0,0.004937875627396907
F1T149,62,0,0.0013679637775462427
F1T149,79,0,0.0019646893226851524
F1T149,81,0,0.0023776052301040843
F1T149,26,0,0.0032654491275397697
F1T149,70,0,0.007556888861639509
F1T152,41,1,0.9680021994762383
F1T152,6,0,0.004279290662309378
F1T152,48,0,0.0011170876997497019
F1T152,52,0,0.001287057540539052
F1T152,61,0,0.0014336703661724738
F1T152,63,0,0.0010212992038659075
F1T152,65,0,0.003913104567388753
F1T152,26,0,0.013461456754948907
F7UI88,27,0,0.007561429757611271
F7UI88,48,1,0.9624074559873873
F7UI88,6,0,0.003698432528761801
F7UI88,32,0,0.00011293201923418263
F7UI88,40,0,0.001975432493038002
F7UI88,43,0,0.004495719259152112
G0LWV9,24,0,0.0024896083543419186
G0LWV9,32,0,0.013460741380766073
G0LWV9,40,0,0.17912524793246792
G0LWV9,46,1,0.8996633473022161
G0LWV9,4,0,0.009623126336642222
G0LWV9,49,0,0.0017744682310481704
L0P402,27,0,0.007561429757611271
L0P402,48,1,0.9624074559873873
L0P402,6,0,0.003698432528761801
L0P402,44,0,0.0041510610709689965
L0P402,32,0,0.00011293201923418263
L0P402,40,0,0.001975432493038002
P05226,69,0,0.0075592012643478975
P05226,86,0,0.0013813350091337205
P05226,133,0,0.0075592012643478975
P05226,150,0,0.004009552089147847
P05226,165,0,0.0013813350091337205
P05226,212,0,0.0075592012643478975
P05226,229,0,0.0029096067611712405
P05226,42,0,0.0013697149761859747
P05226,45,0,0.0008194995727257563
P05226,49,0,0.0002565478572121419
P05226,106,0,0.0009467334807983891
P05226,109,0,0.0004818940718276767
P05226,113,0,0.0003766952888829822
P05226,185,0,0.0009467334807983891
P05226,188,0,0.0008194995727257563
P05226,192,0,0.0002565478572121419
P05226,31,0,0.007163453304904979
P05226,34,0,0.007563402708627064
P05226,62,0,0.0057351698383538135
P05226,95,0,0.007564409394672567
P05226,98,0,0.01586436125116192
P05226,126,0,0.0057351698383538135
P05226,174,0,0.009082446954697142
P05226,177,0,0.01586436125116192
P05226,205,0,0.0057351698383538135
P79875,46,1,0.9844662557907352
P79875,6,0,0.004279290662309378
P79875,33,0,0.007558437257159969
P79875,26,0,0.0009320924893821877
P79875,39,0,0.0023069592179959988
P79875,53,0,0.08102390922602887
P80398,43,1,0.9890729208255804
P80398,6,0,0.007077429264777923
P80398,50,0,0.0005806419369976234
P80398,54,0,0.011299319443969568
P80398,58,0,0.0014605250551401273
P80398,62,0,0.0008900554556596786
P80398,75,0,0.006117447325966555
P80398,26,0,0.007445560605278986
Q1EJP4,22,0,0.0024695131646248624
Q1EJP4,40,1,0.9952909809121226
Q1EJP4,29,0,0.00015085008546812412
Q1EJP4,47,0,0.0017103429655635977
Q1EJP4,51,0,0.0005333204845240147
Q1EJP4,59,0,0.0008581390302786628
Q1EJP5,27,0,0.0024695131646248624
Q1EJP5,45,1,0.9952909809121226
Q1EJP5,6,0,0.00887249419563965
Q1EJP5,34,0,0.00031264756116449263
Q1EJP5,52,0,0.0017103429655635977
Q1EJP5,56,0,0.0005333204845240147
Q1EJP5,64,0,0.0007652653095884817
Q800R4,44,1,0.9908461570937458
Q800R4,6,0,0.003698432528761801
Q800R4,26,0,0.0010170270373958117
Q800R4,34,0,0.00017914749541211001
Q800R4,52,0,0.004106125310011641
Q800R4,56,0,0.0015677656308000542
Q90WP7,43,1,0.7375367820760329
Q90WP7,6,0,0.004279290662309378
Q90WP7,51,0,0.003157115290024938
Q90WP7,56,0,0.0049672665200935625
Q90WP7,26,0,0.0025130566839391254
Q90WP7,46,0,0.0785438596889655
B5A9S9,46,1,0.9823120734645516
B5A9S9,6,0,0.004279290662309378
B5A9S9,33,0,0.034771428260156965
B5A9S9,26,0,0.005642501058801415
B5A9S9,39,0,0.0030593333829048545
J7H8J4,27,0,0.0024695131646248624
J7H8J4,45,1,0.9952909809121226
J7H8J4,6,0,0.007551375548559046
J7H8J4,52,0,0.0017103429655635977
J7H8J4,56,0,0.0005333204845240147
J7H8J4,64,0,0.0007652653095884817
P86037,27,0,0.00573076542730691
P86037,6,0,0.003698432528761801
P86037,51,0,0.12820472069627417
P86037,34,0,0.00017978793395789127
P86037,56,0,0.0022110493117563973
P86037,58,0,0.0028610457152005034
P86037,62,0,0.0013157109643161884
P86037,66,0,0.005859581142983137
P86037,48,0,0.003361946222198925
P86040,27,0,0.00573076542730691
P86040,6,0,0.003698432528761801
P86040,51,1,0.2983090110888946
P86040,34,0,0.00017978793395789127
P86040,56,0,0.0023323655583505623
P86040,58,0,0.0028610457152005034
P86040,62,0,0.0013157109643161884
P86040,66,0,0.005859581142983137
P86040,48,0,0.003361946222198925
Q17UY8,27,0,0.0024695131646248624
Q17UY8,45,1,0.9952909809121226
Q17UY8,6,0,0.003698432528761801
Q17UY8,34,0,0.00015085008546812412
Q17UY8,52,0,0.0007178758590365746
Q17UY8,60,0,0.0007652653095884817
Q2UXR3,43,1,0.9247323354774429
Q2UXR3,6,0,0.004279290662309378
Q2UXR3,50,0,0.0006101801179902722
Q2UXR3,58,0,0.004009487647013776
Q2UXR3,71,0,0.0017741909426928141
Q2UXR3,26,0,0.0025248861789270885
O93223,27,0,0.0024695131646248624
O93223,6,0,0.003698432528761801
O93223,45,1,0.9503413021420094
O93223,50,0,0.0010659731121546012
O93223,52,0,0.0006735730658992418
O93223,60,0,0.0007598036318987518
O93224,27,0,0.0012369636418718133
O93224,43,1,0.936941910671027
O93224,6,0,0.003698432528761801
O93224,51,0,0.0075540749511955494
O93224,55,0,0.0019085997051569237
O93224,66,0,0.0003983984408271554
P40842,41,1,0.98410129383818
P40842,6,0,0.007077429264777923
P40842,48,0,0.0006101801179902722
P40842,52,0,0.0012556233933280524
P40842,56,0,0.0016520819211925082
P40842,64,0,0.0016710417697848854
P40842,69,0,0.002765442547697109
P40842,26,0,0.0025248861789270885
P82268,41,1,0.9843396316894358
P82268,6,0,0.007077429264777923
P82268,48,0,0.0006101801179902722
P82268,52,0,0.0012556233933280524
P82268,56,0,0.0036047244172697983
P82268,60,0,0.0013607776973590634
P82268,69,0,0.002765442547697109
P82268,26,0,0.0025248861789270885
P82269,41,1,0.9843396316894358
P82269,6,0,0.007077429264777923
P82269,48,0,0.00063932048883443
P82269,52,0,0.0032907284854995092
P82269,56,0,0.0016520819211925082
P82269,69,0,0.002765442547697109
P82269,26,0,0.0025248861789270885
P86038,27,0,0.00573076542730691
P86038,6,0,0.003698432528761801
P86038,51,0,0.12820472069627417
P86038,34,0,0.00017978793395789127
P86038,56,0,0.0022110493117563973
P86038,58,0,0.006437465685295649
P86038,62,0,0.00260241587187648
P86038,66,0,0.005463040215203787
P86038,73,0,0.002442205425735214
P86038,48,0,0.003361946222198925
P86039,27,0,0.00573076542730691
P86039,6,0,0.003698432528761801
P86039,51,1,0.2983090110888946
P86039,34,0,0.00017978793395789127
P86039,56,0,0.0023323655583505623
P86039,58,0,0.0028610457152005034
P86039,62,0,0.0013157109643161884
P86039,66,0,0.005859581142983137
P86039,48,0,0.003361946222198925
P86185,27,0,0.0762270139175716
P86185,6,0,0.003698432528761801
P86185,51,0,0.12820472069627417
P86185,34,0,0.00017978793395789127
P86185,56,0,0.0022110493117563973
P86185,58,0,0.0028610457152005034
P86185,62,0,0.0013157109643161884
P86185,66,0,0.005463040215203787
P86185,48,0,0.003361946222198925
P86186,27,0,0.00573076542730691
P86186,6,0,0.003698432528761801
P86186,51,0,0.05315906312212237
P86186,34,0,0.00017978793395789127
P86186,56,0,0.0022110493117563973
P86186,58,0,0.0028610457152005034
P86186,62,0,0.0013157109643161884
P86186,66,0,0.003115503860274833
P86186,48,0,0.004624038039221909
P86187,27,0,0.00573076542730691
P86187,51,1,0.639351051805044
P86187,6,0,0.003698432528761801
P86187,34,0,0.00017978793395789127
P86187,56,0,0.0010429932917064757
P86187,58,0,0.0020501741420178732
P86187,62,0,0.001575277422938018
P86187,66,0,0.005859581142983137
P86187,48,0,0.005568459523582646
P86188,27,0,0.00573076542730691
P86188,6,0,0.003698432528761801
P86188,51,1,0.2983090110888946
P86188,34,0,0.00017978793395789127
P86188,56,0,0.0023323655583505623
P86188,58,0,0.0028610457152005034
P86188,62,0,0.0013157109643161884
P86188,66,0,0.005463040215203787
P86188,48,0,0.003361946222198925
P86189,27,0,0.00573076542730691
P86189,6,0,0.003698432528761801
P86189,51,1,0.2983090110888946
P86189,34,0,0.00017978793395789127
P86189,56,0,0.0023323655583505623
P86189,58,0,0.0028610457152005034
P86189,62,0,0.0013157109643161884
P86189,66,0,0.005463040215203787
P86189,48,0,0.003361946222198925
A0A2L2DDE6,27,0,0.0007416483875804191
A0A2L2DDE6,49,1,0.9832737377244558
A0A2L2DDE6,6,0,0.00235144331099828
A0A2L2DDE6,32,0,8.826606305253071e-05
A0A2L2DDE6,46,0,0.001051683208666941
A0A2L2DDE6,64,0,0.00039010956597293803
P31107,27,0,0.0013523870610127509
P31107,45,1,0.9943610248939905
P31107,6,0,0.00235144331099828
P31107,50,0,0.0004169076199276199
P31107,52,0,0.0008380498003925345
P31107,56,0,0.00043278268856005754
P31107,60,0,0.0006528623083128602
P31107,64,0,0.0006917462679097144
P31107,68,0,0.00042571600386210733
A0AEI6,41,1,0.7725556911469829
A0AEI6,6,0,0.003873138657099523
A0AEI6,48,0,0.0009097755750821572
A0AEI6,52,0,0.0006848938410776068
A0AEI6,61,0,0.0007074815819242672
A0AEI6,65,0,0.005448376048663223
A0AEI6,26,0,0.005030288103937789
A0AEI6,63,0,0.008861879981327038
B6HY15,27,0,0.0013523870610127509
B6HY15,45,1,0.9730195113749645
B6HY15,6,0,0.003390640889938437
B6HY15,50,0,0.0004558749835132595
B6HY15,52,0,0.0007569763038407517
B6HY15,56,0,0.000403148186122455
B6HY15,60,0,0.00034342300534363936
B6HY15,64,0,0.0006917462679097144
B6HY15,68,0,0.00042571600386210733
B6HY16,27,0,0.0018211422266843505
B6HY16,45,1,0.7292206766617984
B6HY16,6,0,0.0017066013356269768
B6HY16,56,0,0.0017874623807615571
B6HY16,60,0,0.005122121089111465
C3RT22,46,1,0.9542504133164132
C3RT22,6,0,0.003873138657099523
C3RT22,33,0,0.0007871697737104095
C3RT22,61,0,0.0009362675434327916
C3RT22,26,0,0.001958917886827787
C5H0D4,39,1,0.9909078998498732
C5H0D4,6,0,0.003491910592722642
C5H0D4,35,0,0.00017835210177376764
C5H0D4,46,0,0.00033105689211253194
C5H0D4,50,0,0.0011493476316539384
C5H0D4,54,0,0.0009927315358024041
C5H0D4,58,0,0.0009070768091824275
C5H0D4,62,0,0.0003697139273923464
C5H0D4,71,0,0.0004227962069296603
C5H0D4,26,0,0.0014339443025538068
C5J8E3,27,0,0.005013094743826292
C5J8E3,48,1,0.8524444586208522
C5J8E3,6,0,0.0034700256199745663
C5J8E3,40,0,0.005119378291264575
C5J8E3,58,0,0.0033293687380776212
C5J8E3,50,0,0.011531906077393725
C5J8E3,56,0,0.00705756071704454
P84596,27,0,0.0013523870610127509
P84596,45,1,0.9943610248939905
P84596,6,0,0.00235144331099828
P84596,52,0,0.00074555793710549
P84596,56,0,0.0003038869734815138
P84596,64,0,0.00042571600386210733
C4N9P6,47,1,0.9705888470605056
C4N9P6,6,0,0.004659084272975836
C4N9P6,34,0,0.005125812790148607
C4N9P6,54,0,0.0018047699584124884
C4N9P6,58,0,0.0018926053205600758
C4N9P6,26,0,0.0005120935057713881
C4N9P6,40,0,0.0017353779534539323
C4N9P6,50,0,0.020406940318303722
E1AWD7,45,1,0.9945437888332807
E1AWD7,6,0,0.003576560515087445
E1AWD7,33,0,0.00038297305006833554
E1AWD7,55,0,0.0011651190017622564
E1AWD7,26,0,0.002849042501125014
E1AWD7,38,0,0.0016665729441718202
E1AXF6,39,1,0.9909078998498732
E1AXF6,6,0,0.004277695545357278
E1AXF6,35,0,0.00017835210177376764
E1AXF6,46,0,0.00033105689211253194
E1AXF6,50,0,0.0011493476316539384
E1AXF6,54,0,0.0009927315358024041
E1AXF6,58,0,0.0009070768091824275
E1AXF6,62,0,0.0003697139273923464
E1AXF6,71,0,0.0004227962069296603
E1AXF6,26,0,0.0014339443025538068
E1B242,39,1,0.9909078998498732
E1B242,6,0,0.003491910592722642
E1B242,35,0,0.00017835210177376764
E1B242,46,0,0.0003163902870305162
E1B242,50,0,0.0011493476316539384
E1B242,54,0,0.0009927315358024041
E1B242,58,0,0.0009070768091824275
E1B242,62,0,0.000500355777731327
E1B242,71,0,0.0004227962069296603
E1B242,26,0,0.003578606497174622
F1T155,42,1,0.958723719624978
F1T155,6,0,0.003576560515087445
F1T155,49,0,0.0006260335533933698
F1T155,57,0,0.00024677478098136097
F1T155,70,0,0.0009823890981846225
F1T155,26,0,0.00042333083109208407
P84597,27,0,0.0013523870610127509
P84597,45,1,0.9961322350613326
P84597,6,0,0.0034700256199745663
P84597,49,0,0.0011034628344468807
P84597,53,0,0.0004020340728876761
P84597,61,0,0.00042571600386210733
Q2UXR2,42,1,0.958723719624978
Q2UXR2,6,0,0.003576560515087445
Q2UXR2,49,0,0.0006260335533933698
Q2UXR2,57,0,0.00024677478098136097
Q2UXR2,70,0,0.0009823890981846225
Q2UXR2,26,0,0.00042333083109208407
Q7T3K8,27,0,0.0013523870610127509
Q7T3K8,45,1,0.9961322350613326
Q7T3K8,6,0,0.0034700256199745663
Q7T3K8,49,0,0.0011034628344468807
Q7T3K8,53,0,0.0004020340728876761
Q7T3K8,57,0,0.0013509480358725673
Q7T3K8,61,0,0.00042571600386210733
B3VZU1,46,1,0.9945437888332807
B3VZU1,6,0,0.003576560515087445
B3VZU1,33,0,0.005113592794109373
B3VZU1,57,0,0.0011231986112355972
B3VZU1,26,0,0.0024006781494493646
B3VZU1,39,0,0.0017446536990059773
E1B243,39,1,0.9909078998498732
E1B243,6,0,0.003491910592722642
E1B243,35,0,0.00017835210177376764
E1B243,46,0,0.00033105689211253194
E1B243,50,0,0.0011493476316539384
E1B243,54,0,0.0009927315358024041
E1B243,62,0,0.0003697139273923464
E1B243,71,0,0.0004227962069296603
E1B243,26,0,0.0014339443025538068
E1B243,58,0,0.015333866059582615
Q90ZK3,27,0,0.0013523870610127509
Q90ZK3,45,1,0.9943610248939905
Q90ZK3,6,0,0.003118410624701899
Q90ZK3,52,0,0.0007441621907936046
Q90ZK3,56,0,0.00010274162628021582
Q90ZK3,60,0,0.0019172118185041584
Q90ZK3,64,0,0.0003420611499437173
Q90ZK3,68,0,0.00042571600386210733
Q90ZK5,27,0,0.0013523870610127509
Q90ZK5,45,1,0.9943610248939905
Q90ZK5,6,0,0.00235144331099828
Q90ZK5,50,0,0.0004169076199276199
Q90ZK5,52,0,0.0007569763038407517
Q90ZK5,56,0,0.0010802472214140406
Q90ZK5,64,0,0.00042571600386210733
A8DY01,43,1,0.9682803520285193
A8DY01,6,0,0.0028220135512072577
A8DY01,23,0,0.000283659158271977
A8DY01,35,0,0.0003038912482680268
A8DY01,50,0,0.00027093665643814315
A8DY01,53,0,0.0027013631228527753
A8DY01,59,0,0.00133424690235578
A8DY01,26,0,0.001996032291405052
A8DY01,34,0,0.0021756434078382715
A8DY01,64,0,0.003314959264259928
B3VZU0,47,1,0.987402047138287
B3VZU0,6,0,0.002322914409085087
B3VZU0,34,0,0.003907131182046196
B3VZU0,58,0,0.0005750084795233928
B3VZU0,26,0,0.0013206178169471857
B3VZU0,40,0,0.00041198583923644316
B5LUQ4,27,0,0.003737272861173396
B5LUQ4,46,1,0.9899260373564666
B5LUQ4,6,0,0.0030137425418458575
B5LUQ4,24,0,0.00031686162648887997
B5LUQ4,54,0,0.0014179182066618675
E4Z7G0,26,0,0.0003552108199194669
E4Z7G0,37,0,0.0039005099972210903
E4Z7G0,45,0,0.11056394876360956
E4Z7G0,51,1,0.4822924230429238
E4Z7G0,6,0,0.0022943068827537706
E4Z7G0,49,0,0.00027800127876939884
F1T156,45,1,0.9866088938474828
F1T156,6,0,0.0022943068827537706
F1T156,33,0,0.00029372034276083916
F1T156,39,0,0.000130867343734909
F1T156,53,0,0.0005240224494507483
F1T156,56,0,0.0045664400115239725
F1T156,26,0,0.001498014782742535
F1T157,45,1,0.9804848570708933
F1T157,6,0,0.0022943068827537706
F1T157,33,0,0.00029372034276083916
F1T157,39,0,0.000130867343734909
F1T157,53,0,0.0005240224494507483
F1T157,56,0,0.0045664400115239725
F1T157,26,0,0.001498014782742535
P0C5W7,46,1,0.9927822409647357
P0C5W7,6,0,0.002322914409085087
P0C5W7,33,0,0.02552191608814406
P0C5W7,57,0,0.0005750084795233928
P0C5W7,26,0,0.0018226378226521812
P0C5W7,39,0,0.000539612756990403
P21850,27,0,0.002509077231987574
P21850,48,1,0.9654065694036098
P21850,77,1,0.9654065694036098
P21850,85,0,0.013954546056206392
P21850,106,1,0.9654065694036098
P21850,121,0,0.02692630749158424
P21850,142,1,0.9654065694036098
P21850,157,0,0.02692630749158424
P21850,178,1,0.9654065694036098
P21850,193,0,0.02692630749158424
P21850,214,1,0.9654065694036098
P21850,6,0,0.0021940362861290526
P21850,118,0,0.003181088755400195
P21850,154,0,0.003181088755400195
P21850,190,0,0.003181088755400195
P21850,23,0,0.0001505513808790479
P21850,61,0,8.886944078130892e-05
P21850,56,0,0.002024621108507281
P81565,27,0,0.005133449789827804
P81565,44,1,0.9393017504759872
P81565,6,0,0.0021940362861290526
P81565,37,0,0.0004413898743220838
P81565,39,0,0.00011069383462648329
P81565,49,0,0.001301804564122528
Q91826,35,0,0.24603365556102988
Q91826,43,0,0.0001806134322731671
Q91826,50,0,0.00025330697709197847
Q91826,53,0,0.0014981391394355713
Q91826,57,0,0.002017171540836192
Q91826,38,0,0.006751643709849275
Q99134,35,0,0.24603365556102988
Q99134,43,0,0.0001806134322731671
Q99134,50,0,0.00025330697709197847
Q99134,53,0,0.0014981391394355713
Q99134,57,0,0.002017171540836192
Q99134,38,0,0.006751643709849275
Q9PT75,27,0,0.0020282486548844217
Q9PT75,44,1,0.9755430451404937
Q9PT75,6,0,0.0016641574163386759
Q9PT75,51,0,0.0012848579625942295
Q9PT75,62,0,0.0009525017565747964
Q9PT75,70,0,0.0006467782350105719
A7WNV5,41,1,0.8761141750551014
A7WNV5,6,0,0.003734760332516478
A7WNV5,37,0,0.0001980784704207091
A7WNV5,48,0,0.0011138669753349396
A7WNV5,52,0,0.0007095698253370146
A7WNV5,56,0,0.0002124907850396275
A7WNV5,60,0,0.000819282786836552
A7WNV5,64,0,0.0003763303676262068
A7WNV5,73,0,0.00310576365622578
A7WNV5,26,0,0.003897516352851903
A8B5P0,43,1,0.9682803520285193
A8B5P0,6,0,0.0028220135512072577
A8B5P0,23,0,0.000283659158271977
A8B5P0,35,0,0.0003038912482680268
A8B5P0,50,0,0.00027093665643814315
A8B5P0,53,0,0.0027013631228527753
A8B5P0,59,0,0.0019522049834614346
A8B5P0,26,0,0.001996032291405052
A8B5P0,34,0,0.0021756434078382715
A8B5P0,64,0,0.003314959264259928
E1B231,41,1,0.9958796474659487
E1B231,6,0,0.003167332132033872
E1B231,53,0,0.0037662494471014467
E1B231,48,0,0.0006319841501547055
E1B231,61,0,0.0017440169536801174
E1B231,26,0,0.0025754882210713165
E1B231,63,0,0.004677382963940535
E7EKH2,34,0,0.003587653788921592
E7EKH2,47,1,0.8866280205216895
E7EKH2,6,0,0.0032968882614086243
E7EKH2,54,0,0.00010576405090430295
E7EKH2,66,0,0.0006542410881873596
E7EKH2,26,0,0.0013206178169471857
E7EKI9,42,1,0.9654571959026659
E7EKI9,6,0,0.002322914409085087
E7EKI9,24,0,9.510855022195345e-05
E7EKI9,37,0,0.00028199151132587996
E7EKI9,62,0,0.0013422531458516602
E7EKI9,64,0,0.0009546128657556746
E7EKI9,66,0,0.0011684580632507337
E7EKI9,26,0,0.0010776135984555911
O93222,27,0,0.00042676977069233267
O93222,44,1,0.8844480705325668
O93222,6,0,0.0016641574163386759
O93222,34,0,6.39723370975915e-05
Q1EN11,27,0,0.001039479589529532
Q1EN11,6,0,0.0016641574163386759
Q1EN11,45,1,0.9654457229433349
Q1EN11,50,0,0.0007280247931113497
Q1EN11,52,0,0.000229006584604477
Q1EN11,56,0,0.0012394303954100902
Q1EN11,60,0,0.00029045092758999715
Q1EN11,48,0,0.003898338756599603
Q1EN12,26,0,0.001039479589529532
Q1EN12,5,0,0.0030137425418458575
Q1EN12,44,1,0.9824568976731444
Q1EN12,49,0,0.0003095860657245355
Q1EN12,51,0,0.000229006584604477
Q1EN12,55,0,0.0012394303954100902
Q1EN12,59,0,0.0003935822394021398
Q1JS89,41,1,0.8761141750551014
Q1JS89,6,0,0.0032968882614086243
Q1JS89,37,0,0.0001980784704207091
Q1JS89,48,0,0.0011138669753349396
Q1JS89,52,0,0.0006099096404447603
Q1JS89,56,0,0.0023940108920632187
Q1JS89,60,0,0.0006250062585261856
Q1JS89,64,0,0.0002839614397132665
Q1JS89,73,0,0.00310576365622578
Q1JS89,26,0,0.003897516352851903
Q2WCN6,6,0,0.002322914409085087
Q2WCN6,41,1,0.8676068198699945
Q2WCN6,48,0,0.00035311823357767866
Q2WCN6,56,0,0.00023234989472076592
Q2WCN6,64,0,0.0003170279267385138
Q2WCN6,69,0,0.0002590037396872667
Q2WCN6,26,0,0.0012618867912444773
Q5DVA6,27,0,0.005133449789827804
Q5DVA6,44,1,0.9393017504759872
Q5DVA6,6,0,0.0021940362861290526
Q5DVA6,39,0,7.580149876653412e-05
Q5DVA6,49,0,0.001301804564122528
A8B5P7,43,1,0.9682803520285193
A8B5P7,6,0,0.0028220135512072577
A8B5P7,23,0,0.0007182783425716609
A8B5P7,35,0,0.0003038912482680268
A8B5P7,53,0,0.0062273691750319516
A8B5P7,59,0,0.00133424690235578
A8B5P7,26,0,0.007436857346370929
A8B5P7,34,0,0.0021756434078382715
A8B5P7,50,0,0.0018429127333417345
A8B5P7,64,0,0.003314959264259928
A8B5Q0,43,1,0.9682803520285193
A8B5Q0,6,0,0.0028220135512072577
A8B5Q0,23,0,0.000283659158271977
A8B5Q0,35,0,0.0003038912482680268
A8B5Q0,50,0,0.0002665097285690045
A8B5Q0,53,0,0.0027013631228527753
A8B5Q0,59,0,0.00133424690235578
A8B5Q0,26,0,0.001996032291405052
A8B5Q0,34,0,0.0021756434078382715
A8B5Q0,64,0,0.003314959264259928
B3VZU3,46,1,0.7269885658851232
B3VZU3,6,0,0.0028241947311754456
B3VZU3,33,0,0.003900739115394159
B3VZU3,26,0,0.0018226378226521812
B3VZU3,39,0,0.000611457866626091
B5LUQ5,27,0,0.003737272861173396
B5LUQ5,46,1,0.9888354063342487
B5LUQ5,6,0,0.008466982944149675
B5LUQ5,24,0,0.00031686162648887997
B5LUQ5,54,0,0.0014179182066618675
E7EKD6,6,0,0.005145842568179686
E7EKD6,42,0,0.0005236049083288854
E7EKD6,48,0,0.0024177444587986465
E7EKD6,26,0,0.0018891591459812304
E7EKD6,45,0,0.006836886801137302
E7EKD6,52,0,0.013385270794297138
O93453,26,0,0.001039479589529532
O93453,44,1,0.9802180088627753
O93453,6,0,0.0016641574163386759
O93453,63,0,0.02312532709512343
O93453,49,0,0.00036344945152001214
O93453,51,0,0.0012317807999394767
O93453,55,0,0.00021845884528890966
O93453,59,0,0.0006996528864460718
O93453,67,0,0.00033906859998995874
Q06B79,47,1,0.9927822409647357
Q06B79,6,0,0.002322914409085087
Q06B79,34,0,0.003900739115394159
Q06B79,58,0,0.0012364672534914474
Q06B79,26,0,0.0013206178169471857
Q06B79,40,0,0.000539612756990403
Q8QFQ3,39,1,0.9864050073577619
Q8QFQ3,6,0,0.002322914409085087
Q8QFQ3,46,0,0.00031976261860441733
Q8QFQ3,61,0,0.0007888886115551561
Q8QFQ3,63,0,0.0006918309564158612
Q8QFQ3,24,0,0.001462399880630927
B5LUQ8,27,0,0.0020816278651486437
B5LUQ8,49,1,0.9870379371288744
B5LUQ8,68,0,0.006857821829883617
B5LUQ8,73,1,0.9418849835530341
B5LUQ8,80,0,0.0032015194815832562
B5LUQ8,85,1,0.9418849835530341
B5LUQ8,92,0,0.0032015194815832562
B5LUQ8,97,1,0.9643710540236077
B5LUQ8,6,0,0.0037785782922250175
B5LUQ8,56,0,0.0018189112107322065
B5LUQ8,64,0,0.0006036426189593082
A0A219CM62,73,0,0.0068713046291364105
A0A219CM62,83,0,0.006868856436091282
A0A219CM62,123,1,0.9462840532404537
A0A219CM62,120,0,0.002045266931973246
A0A219CM62,4,0,0.0051655760794134375
A0A219CM62,22,0,0.0006756514703729632
A0A219CM62,54,0,0.0009328966229573334
A0A219CM62,58,0,0.0004631286870070645
A0A219CM62,62,0,0.0017134364933077196
A0A219CM62,103,0,0.0003658656070979558
A0A219CM62,134,0,0.0041867949360251235
A0A219CM62,19,0,0.017383196722636517
A0A219CM62,31,0,0.006858016730547587
A0A219CM62,40,0,0.00687086634040851
A0A219CM62,43,1,0.9623047459906798
A0A219CM62,89,0,0.006869999377692683
A0A219CM62,106,0,0.013074216511420364
F1T151,41,1,0.9849134242326548
F1T151,6,0,0.0046884085139272174
F1T151,23,0,0.0008911538997763195
F1T151,33,0,0.004791154887685573
F1T151,48,0,0.001123336191133296
F1T151,52,0,0.002715202132792079
F1T151,56,0,0.001489351674467651
F1T151,60,0,0.0012639137336008606
F1T151,64,0,0.0007943713309853166
F1T151,73,0,0.0012089372195390928
F1T151,26,0,0.0023787983686859174
G3ETQ2,42,1,0.41114918508534504
G3ETQ2,6,0,0.0039828871292949585
G3ETQ2,49,0,0.0007571336874664564
G3ETQ2,52,0,0.002739116341506128
G3ETQ2,57,0,0.0023900349588005425
G3ETQ2,59,0,0.0008677261430371728
G3ETQ2,26,0,0.00358014027067795
P84572,27,0,0.006872559955752298
P84572,46,1,0.9781554388143141
P84572,6,0,0.00326218742633236
P84572,41,0,0.0003978973482685892
P84572,63,0,0.0022805665706463352
P85882,27,0,0.006872559955752298
P85882,46,1,0.9781554388143141
P85882,6,0,0.00326218742633236
P85882,32,0,9.997979848405646e-05
P85882,41,0,0.0003978973482685892
P85882,63,0,0.0022805665706463352
P86994,47,0,0.0008604886292384924
P86994,8,0,0.0008214332859802984
P86994,26,0,0.002812509126427236
P86994,38,0,0.000539654277516874
Q1EN15,27,0,0.0020816278651486437
Q1EN15,6,0,0.00326218742633236
Q1EN15,45,1,0.9419358247163909
Q1EN15,50,0,0.004283481559642039
Q1EN15,65,0,0.008614074847956092
Q1EN15,48,0,0.006863036817511509
Q58T45,73,0,0.008888382580861458
Q58T45,83,0,0.006868856436091282
Q58T45,123,1,0.9418858678063591
Q58T45,120,0,0.002045266931973246
Q58T45,4,0,0.0053053458584330455
Q58T45,22,0,0.0006756514703729632
Q58T45,54,0,0.0009328966229573334
Q58T45,58,0,0.0004631286870070645
Q58T45,62,0,0.0017134364933077196
Q58T45,19,0,0.014479591947779164
Q58T45,31,0,0.006858016730547587
Q58T45,40,0,0.003637975558027062
Q58T45,43,1,0.9042220723640305
Q58T45,89,0,0.006869999377692683
Q58T45,103,0,0.0023450463814528146
Q58T45,106,0,0.006872583772758149
Q9DET7,73,0,0.0068713046291364105
Q9DET7,83,0,0.006868856436091282
Q9DET7,123,1,0.9418858678063591
Q9DET7,120,0,0.002045266931973246
Q9DET7,4,0,0.0053053458584330455
Q9DET7,22,0,0.0006756514703729632
Q9DET7,54,0,0.0009328966229573334
Q9DET7,58,0,0.0004631286870070645
Q9DET7,62,0,0.0017134364933077196
Q9DET7,19,0,0.017383196722636517
Q9DET7,31,0,0.006858016730547587
Q9DET7,40,0,0.00687086634040851
Q9DET7,43,1,0.9623047459906798
Q9DET7,89,0,0.006869999377692683
Q9DET7,106,0,0.011798942050738531
Q9DET7,134,0,0.10394353050909343
Q9DET7,137,0,0.06534162747542967
A7WNV7,47,1,0.9916127289005044
A7WNV7,6,0,0.008682695508487458
A7WNV7,34,0,0.006763513056961839
A7WNV7,54,0,0.0031314455537487552
A7WNV7,26,0,0.0005607274057741348
C0HJZ6,27,0,0.005703786862130448
C0HJZ6,41,1,0.9511750786961363
C0HJZ6,6,0,0.00326218742633236
C0HJZ6,48,0,0.0017961332735689558
C0HJZ6,52,0,0.0012088759335672614
C0HJZ6,61,0,0.0007175581831648057
C0HJZ7,27,0,0.005703786862130448
C0HJZ7,41,1,0.9511750786961363
C0HJZ7,6,0,0.00326218742633236
C0HJZ7,48,0,0.0017961332735689558
C0HJZ7,52,0,0.0012088759335672614
C0HJZ7,61,0,0.0007995650854260381
C0HJZ8,27,0,0.005703786862130448
C0HJZ8,41,1,0.9374044879027293
C0HJZ8,6,0,0.00326218742633236
C0HJZ8,48,0,0.00581834857775802
C0HJZ8,52,0,0.0005701442824871399
C0HJZ8,61,0,0.0008172656315890365
C0HJZ9,27,0,0.005703786862130448
C0HJZ9,41,1,0.9511750786961363
C0HJZ9,6,0,0.00326218742633236
C0HJZ9,48,0,0.00581834857775802
C0HJZ9,52,0,0.0009265674810741835
C0HJZ9,61,0,0.0007175581831648057
C0HK00,27,0,0.005703786862130448
C0HK00,41,1,0.9511750786961363
C0HK00,6,0,0.00326218742633236
C0HK00,48,0,0.0017961332735689558
C0HK00,61,0,0.0007175581831648057
C0HK00,52,0,0.017197615106631637
C0HK01,27,0,0.005703786862130448
C0HK01,41,1,0.9511750786961363
C0HK01,6,0,0.00326218742633236
C0HK01,48,0,0.00581834857775802
C0HK01,52,0,0.0009265674810741835
C0HK01,61,0,0.0006037255027361133
C0HK01,65,0,0.0005604959400460758
C0HK01,70,0,0.000798545784286942
C0HK02,27,0,0.005703786862130448
C0HK02,41,1,0.9511750786961363
C0HK02,6,0,0.00326218742633236
C0HK02,48,0,0.00581834857775802
C0HK02,52,0,0.0009265674810741835
C0HK02,61,0,0.0007175581831648057
C0HK02,65,0,0.0005604959400460758
C0HK02,70,0,0.000798545784286942
C0HK03,27,0,0.005703786862130448
C0HK03,41,1,0.9511750786961363
C0HK03,6,0,0.00326218742633236
C0HK03,48,0,0.00581834857775802
C0HK03,52,0,0.0009265674810741835
C0HK03,61,0,0.0007175581831648057
C0HK03,65,0,0.0005604959400460758
C0HK03,70,0,0.000798545784286942
C0HK03,57,0,0.14412377296178286
E1B230,39,1,0.937187909798191
E1B230,6,0,0.005781438796564231
E1B230,46,0,0.0006090646551038237
E1B230,50,0,0.0020469938974498865
E1B230,54,0,0.001613733555678296
E1B230,58,0,0.0006847041185105264
E1B230,62,0,0.0007316314187736996
E1B230,71,0,0.0013324942907007758
E1B230,73,0,0.0008506236717185818
E1B230,26,0,0.006095244726786436
E7EKH4,42,1,0.9550228887136871
E7EKH4,6,0,0.006334112204223173
E7EKH4,49,0,0.00044274451633429885
E7EKH4,57,0,0.006821376457056033
E7EKH4,65,0,0.002673866879252978
E7EKH4,26,0,0.006862067773111535
E7EKH5,42,1,0.9550228887136871
E7EKH5,6,0,0.0039828871292949585
E7EKH5,49,0,0.00044274451633429885
E7EKH5,57,0,0.006821376457056033
E7EKH5,65,0,0.002673866879252978
E7EKH5,26,0,0.006862067773111535
E7EKH7,42,1,0.9419869716987221
E7EKH7,6,0,0.0047173608367028315
E7EKH7,50,0,0.0008710719420110217
E7EKH7,54,0,0.0013887285841063257
E7EKH7,59,0,0.0004907170522996838
E7EKH7,67,0,0.00217449312894393
E7EKH7,26,0,0.003378704687711974
E7EKI0,39,1,0.9849134242326548
E7EKI0,6,0,0.006334112204223173
E7EKI0,46,0,0.0004184442751170921
E7EKI0,50,0,0.0021922391929318024
E7EKI0,54,0,0.001456909533320693
E7EKI0,58,0,0.00035977295699257195
E7EKI0,62,0,0.0005059334334879753
E7EKI0,71,0,0.0012090052999493318
E7EKI0,26,0,0.006875191615936784
E7EKJ5,46,1,0.9419375030097258
E7EKJ5,6,0,0.006871289544645092
E7EKJ5,33,0,0.0014556810955292324
E7EKJ5,61,0,0.001535819390696661
E7EKJ5,26,0,0.0032642860769641815
F1T153,43,1,0.9707118974171368
F1T153,6,0,0.009095803584528425
F1T153,50,0,0.0007682315781878781
F1T153,58,0,0.0024674709723420114
F1T153,71,0,0.0020091942876133005
F1T153,26,0,0.0005607274057741348
P08947,43,1,0.36845320325429615
P08947,60,0,0.0016817609254846384
P08947,68,0,0.010518092426791605
P08947,31,0,0.0010374521163206691
P08947,85,0,0.0011932241193668488
P08947,8,0,0.09843731443959461
P08947,48,0,0.13724410123045852
P08947,80,0,0.05928765507000002
P08948,43,1,0.36845320325429615
P08948,60,0,0.0016817609254846384
P08948,68,0,0.010518092426791605
P08948,31,0,0.0010374521163206691
P08948,85,0,0.0011932241193668488
P08948,8,0,0.09843731443959461
P08948,48,0,0.13724410123045852
P08948,80,0,0.05928765507000002
P81485,27,0,0.0012031924134519722
P81485,45,1,0.9859929359080015
P81485,6,0,0.003832974952313995
P81485,34,0,0.00016347066277124658
P81485,49,0,0.0014270255328669536
P81485,53,0,0.006868663336907781
P81485,57,0,0.001609719490271082
P81485,68,0,0.001024339918457315
P85883,27,0,0.006872559955752298
P85883,46,1,0.9781554388143141
P85883,6,0,0.00326218742633236
P85883,41,0,0.0003978973482685892
P85883,63,0,0.0012336749357532476
Q0VZ41,27,0,0.006872559955752298
Q0VZ41,46,1,0.9781554388143141
Q0VZ41,6,0,0.00326218742633236
Q0VZ41,41,0,0.0003978973482685892
Q0VZ41,63,0,0.0012336749357532476
Q1JS91,47,1,0.9916127289005044
Q1JS91,6,0,0.0046884085139272174
Q1JS91,34,0,0.006763513056961839
Q1JS91,54,0,0.0031314455537487552
Q1JS91,26,0,0.0005607274057741348
Q58T39,73,0,0.008888382580861458
Q58T39,83,0,0.006868856436091282
Q58T39,123,1,0.9418858678063591
Q58T39,120,0,0.002045266931973246
Q58T39,4,0,0.0053053458584330455
Q58T39,54,0,0.0009328966229573334
Q58T39,58,0,0.0004631286870070645
Q58T39,62,0,0.0017134364933077196
Q58T39,141,0,0.000806889157549374
Q58T39,19,0,0.006870217772427654
Q58T39,31,0,0.006858016730547587
Q58T39,40,0,0.00687086634040851
Q58T39,43,1,0.9623047459906798
Q58T39,89,0,0.006869999377692683
Q58T39,103,0,0.0023450463814528146
Q58T39,106,0,0.006872583772758149
Q58T93,71,0,0.0068656089751950805
Q58T93,81,0,0.006868856436091282
Q58T93,121,1,0.6888179894535597
Q58T93,118,0,0.003418348965058884
Q58T93,4,0,0.0053053458584330455
Q58T93,22,0,0.0006756514703729632
Q58T93,54,0,0.002291015224963545
Q58T93,58,0,0.0004631286870070645
Q58T93,62,0,0.0011041978924958282
Q58T93,19,0,0.020089168491820363
Q58T93,31,0,0.006870880714018373
Q58T93,40,0,0.00687086634040851
Q58T93,43,1,0.9623047459906798
Q58T93,87,0,0.007115674880211952
Q58T93,101,0,0.003193716085614592
Q58T93,104,0,0.02875204595128964
Q58T95,71,0,0.021310285763450298
Q58T95,81,0,0.006868856436091282
Q58T95,121,1,0.9418858678063591
Q58T95,118,0,0.002045266931973246
Q58T95,4,0,0.0053053458584330455
Q58T95,22,0,0.0004093939208612734
Q58T95,54,0,0.002291015224963545
Q58T95,58,0,0.0004631286870070645
Q58T95,62,0,0.0011041978924958282
Q58T95,31,0,0.006858016730547587
Q58T95,40,0,0.00687086634040851
Q58T95,43,1,0.9623047459906798
Q58T95,87,0,0.007115674880211952
Q58T95,101,0,0.002072404374178618
Q58T95,104,0,0.006872583772758149
C5H0C8,44,1,0.8667923581934562
C5H0C8,6,0,0.0046884085139272174
C5H0C8,26,0,0.006875191615936784
C5H0C8,56,0,0.17663713892758776
E1AXF9,44,1,0.941858155130628
E1AXF9,6,0,0.0046884085139272174
E1AXF9,26,0,0.006875191615936784
E1AXF9,56,0,0.22238449764888224
O93455,42,1,0.9421175817766901
O93455,6,0,0.0068345702535653405
O93455,26,0,0.0007970955717367231
O93455,53,0,0.0013414306808303962
Q0VKG9,24,0,0.006872559955752298
Q0VKG9,42,1,0.9223096792659046
Q0VKG9,29,0,9.997979848405646e-05
Q0VKG9,37,0,0.0004283869179320497
Q0VKG9,59,0,0.0022805665706463352
Q58T92,71,0,0.0068656089751950805
Q58T92,81,0,0.006868856436091282
Q58T92,121,1,0.9418858678063591
Q58T92,118,0,0.002045266931973246
Q58T92,4,0,0.00823129394072076
Q58T92,22,0,0.0006756514703729632
Q58T92,54,0,0.002291015224963545
Q58T92,58,0,0.0004631286870070645
Q58T92,62,0,0.0011041978924958282
Q58T92,19,0,0.020089168491820363
Q58T92,31,0,0.006870880714018373
Q58T92,40,0,0.00687086634040851
Q58T92,43,1,0.9623047459906798
Q58T92,87,0,0.007115674880211952
Q58T92,101,0,0.002072404374178618
Q58T92,104,0,0.006872583772758149
Q58T94,71,0,0.0068656089751950805
Q58T94,81,0,0.006868856436091282
Q58T94,121,1,0.9418858678063591
Q58T94,118,0,0.002045266931973246
Q58T94,4,0,0.0053053458584330455
Q58T94,22,0,0.0006756514703729632
Q58T94,54,0,0.0008009434187368295
Q58T94,58,0,0.0006124186272379326
Q58T94,62,0,0.0011041978924958282
Q58T94,19,0,0.020089168491820363
Q58T94,31,0,0.006858016730547587
Q58T94,40,0,0.00687086634040851
Q58T94,43,1,0.9623047459906798
Q58T94,87,0,0.006869999377692683
Q58T94,101,0,0.002072404374178618
Q58T94,104,0,0.006872583772758149
B5LUR0,27,0,0.006664768003413513
B5LUR0,46,1,0.9894712162624216
B5LUR0,65,0,0.008166622893490265
B5LUR0,70,1,0.9307965279321039
B5LUR0,78,0,0.004418941090890655
B5LUR0,83,1,0.9307965279321039
B5LUR0,91,0,0.004418941090890655
B5LUR0,96,1,0.7763655872418933
B5LUR0,6,0,0.004834067649096378
B5LUR0,53,0,0.0034393407711946185
B5LUR0,61,0,0.0009411749570326501
B5LUR0,103,0,0.0027394600457856123
B5LUR0,106,0,0.001157059923164917
B5LUR0,99,0,0.06593794400023222
B5LUR1,27,0,0.0030440431629329434
B5LUR1,46,1,0.9894712162624216
B5LUR1,65,0,0.008166622893490265
B5LUR1,70,1,0.9307965279321039
B5LUR1,78,0,0.004418941090890655
B5LUR1,83,1,0.9307965279321039
B5LUR1,91,0,0.004418941090890655
B5LUR1,6,0,0.004834067649096378
B5LUR1,53,0,0.0034393407711946185
B5LUR1,61,0,0.0009411749570326501
D4YWD1,35,1,0.8779756027178859
D4YWD1,22,0,0.008151676082998714
D4YWD1,33,0,0.0041594789655754055
D4YWD1,14,0,0.0005222264553391399
D4YWD1,41,0,0.021127464795989967
P69019,27,0,0.02090383559607712
P69019,49,1,0.9874748294991771
P69019,68,0,0.10336290181089243
P69019,6,0,0.00425595190944829
P69019,57,0,0.05396325007186606
P69019,24,0,0.0008669860610963019
A0A5P9K461,45,1,0.9740263817620104
A0A5P9K461,6,0,0.00425595190944829
A0A5P9K461,25,0,0.0002730377071297017
A0A5P9K461,30,0,0.0003881391473246729
A0A5P9K461,27,0,0.00878336660387758
A0A5P9K461,41,0,0.008513647482069162
A0A5P9K470,27,0,0.0030440431629329434
A0A5P9K470,45,1,0.7839057171124416
A0A5P9K470,6,0,0.00425595190944829
A0A5P9K470,49,0,0.00207724642917863
A0A5P9K470,53,0,0.011682496673150083
A0A5P9K470,57,0,0.0018567035496078082
A0A5P9K470,61,0,0.0014452314718688699
E7EKD4,43,1,0.9337866253217854
E7EKD4,6,0,0.0051852525181885585
E7EKD4,55,0,0.04234453541144309
E7EKD4,33,0,0.010877537742063906
E7EKD4,29,0,0.00125504560601424
E7EKD4,26,0,0.005366285017978735
L0P323,25,0,0.12531488206011707
L0P323,30,0,0.0064513115322777734
L0P323,39,0,0.0087817191549149
L0P323,48,0,0.0087817191549149
L0P323,57,1,0.34054796463334136
L0P323,59,1,0.9546079710801493
L0P323,6,0,0.00578736668060493
P11006,61,0,0.011255398256575342
P11006,107,0,0.0077930342795843235
P11006,153,0,0.0077930342795843235
P11006,199,0,0.0077930342795843235
P11006,245,0,0.0077930342795843235
P11006,291,0,0.0077930342795843235
P11006,93,0,0.004575493204138221
P11006,139,0,0.004575493204138221
P11006,185,0,0.004575493204138221
P11006,231,0,0.004575493204138221
P11006,277,0,0.004575493204138221
P11006,300,0,0.06052193640267642
P11006,40,0,0.002160441024233476
P11006,47,0,0.0007883727468806211
P11006,50,0,0.0026649712492898482
P11006,58,0,0.006162736406691757
P11006,86,0,0.002160441024233476
P11006,96,0,0.0026649712492898482
P11006,132,0,0.002160441024233476
P11006,142,0,0.0026649712492898482
P11006,178,0,0.002160441024233476
P11006,188,0,0.0026649712492898482
P11006,224,0,0.002160441024233476
P11006,234,0,0.0026649712492898482
P11006,270,0,0.002160441024233476
P11006,280,0,0.0026649712492898482
P11006,33,0,0.01071836630050553
P11006,36,1,0.7518912419656931
P11006,79,0,0.013206338629150762
P11006,82,1,0.7518912419656931
P11006,125,0,0.013206338629150762
P11006,128,1,0.7518912419656931
P11006,171,0,0.013206338629150762
P11006,174,1,0.7518912419656931
P11006,217,0,0.00900213264041025
P11006,220,1,0.7518912419656931
P11006,263,0,0.013206338629150762
P11006,266,1,0.7518912419656931
P82389,27,0,0.02090383559607712
P82389,49,1,0.9874748294991771
P82389,68,0,0.10336290181089243
P82389,6,0,0.00425595190944829
P82389,57,0,0.05396325007186606
P82389,24,0,0.0008669860610963019
P82390,27,1,0.36225306502868654
P82390,49,1,0.9874748294991771
P82390,68,0,0.10351836912454533
P82390,6,0,0.00425595190944829
P82390,57,0,0.05396325007186606
P82390,24,0,0.0008669860610963019
P83455,27,0,0.008702362037254264
P83455,6,0,0.00425595190944829
P83455,40,0,0.007790869173380643
P83455,52,0,0.09656348111249988
P83455,54,0,0.002986576002161328
P83455,36,0,0.0007574598934743793
P84213,74,0,0.05311476518489987
P84213,58,0,0.004228842045541831
P84213,80,0,0.0025961824386812743
P84213,103,0,0.0009220126368459286
P84213,8,1,0.4428532251735909
P84213,44,0,0.0212079518852954
P84213,85,0,0.017602445824068263
P84213,88,0,0.015922227258720924
P84213,95,0,0.15218790066678892
P84567,27,0,0.008165655773131188
P84567,46,1,0.9740263817620104
P84567,6,0,0.00425595190944829
P84567,41,0,0.0005667792465080654
P84899,27,0,0.008166237182674941
P84899,47,1,0.6628806563176316
P84899,6,0,0.006549472793640798
P84899,45,0,0.0011358853001381297
Q0VTT8,27,0,0.008165655773131188
Q0VTT8,47,1,0.6628806563176316
Q0VTT8,6,0,0.00425595190944829
Q0VTT8,45,0,0.0011358853001381297
Q0VTU0,27,0,0.008165655773131188
Q0VTU0,47,1,0.6628806563176316
Q0VTU0,6,0,0.00425595190944829
Q0VTU0,35,0,0.0007808740676039255
Q0VTU0,45,0,0.0011358853001381297
Q90W78,26,0,0.003110311741544027
Q90W78,37,0,0.06617491569213739
Q90W78,48,1,0.629643791838722
Q90W78,6,0,0.004828258458472331
Q90W78,54,0,0.007877547982451119
Q90W78,65,0,0.014933723298994065
Q90W78,67,0,0.006900196713223596
Q90W78,43,0,0.006422087472421861
Q90W78,64,0,0.06840351028552243
A0A193H395,27,0,0.0072838607314461975
A0A193H395,44,1,0.95117291169922
A0A193H395,6,0,0.00425595190944829
A0A193H395,51,0,0.0059394357738335405
A0A193H395,55,0,0.002079711964655212
A0A193H395,63,0,0.0033254563529919543
A0SN38,46,1,0.9904746611488435
A0SN38,6,0,0.004828258458472331
A0SN38,34,0,0.000715155934869421
A0SN38,61,0,0.0013330357615000084
A0SN38,65,0,0.0031264858404080015
A0SN38,26,0,0.00412205831926018
A0SN42,46,1,0.9904746611488435
A0SN42,6,0,0.0051852525181885585
A0SN42,34,0,0.000715155934869421
A0SN42,61,0,0.0013330357615000084
A0SN42,65,0,0.0031264858404080015
A0SN42,26,0,0.001202741003440926
C5H0C7,44,1,0.966680427593514
C5H0C7,6,0,0.011404660903692873
C5H0C7,26,0,0.0032982280808029614
C5H0C7,56,0,0.21310190292545853
E1B240,46,1,0.9904746611488435
E1B240,6,0,0.0051852525181885585
E1B240,34,0,0.000715155934869421
E1B240,61,0,0.0013330357615000084
E1B240,65,0,0.0031264858404080015
E1B240,26,0,0.001202741003440926
E1B241,46,1,0.9904746611488435
E1B241,6,0,0.004828258458472331
E1B241,34,0,0.000715155934869421
E1B241,61,0,0.0013330357615000084
E1B241,65,0,0.0031264858404080015
E1B241,26,0,0.00412205831926018
E1B245,46,1,0.9904746611488435
E1B245,6,0,0.0051852525181885585
E1B245,34,0,0.000715155934869421
E1B245,54,0,0.0032522318988023793
E1B245,26,0,0.001202741003440926
E7EKE1,42,1,0.9780095537732816
E7EKE1,6,0,0.006795188785080889
E7EKE1,49,0,0.0009829736749077031
E7EKE1,57,0,0.0004286553012132687
E7EKE1,65,0,0.004290680121375194
E7EKE1,70,0,0.0018755260825981817
E7EKE1,26,0,0.00580320318097673
E7EKH1,34,0,0.008163719747959276
E7EKH1,47,1,0.9904746611488435
E7EKH1,6,0,0.006795188785080889
E7EKH1,54,0,0.0008315600486383113
E7EKH1,26,0,0.002983265294365517
E7EKH3,42,1,0.9805161001877151
E7EKH3,6,0,0.006795188785080889
E7EKH3,47,0,0.0038450715018607993
E7EKH3,49,0,0.0017843169605134153
E7EKH3,57,0,0.00669291065489744
E7EKH3,65,0,0.0032607198862056003
E7EKH3,26,0,0.008172343847801246
E7EKH3,45,0,0.0032139075025289687
K7ZGS2,46,1,0.9904746611488435
K7ZGS2,6,0,0.004828258458472331
K7ZGS2,34,0,0.000715155934869421
K7ZGS2,54,0,0.0032522318988023793
K7ZGS2,26,0,0.001202741003440926
P85881,24,0,0.008165655773131188
P85881,43,1,0.9740263817620104
P85881,38,0,0.0005667792465080654
Q2UXR1,41,1,0.9835012978539961
Q2UXR1,6,0,0.006793339061254027
Q2UXR1,48,0,0.0016438118117437107
Q2UXR1,56,0,0.004370809521362762
Q2UXR1,60,0,0.0012871431907931384
Q2UXR1,64,0,0.0016373293606824723
Q2UXR1,73,0,0.001402156751280383
Q2UXR1,26,0,0.0025084158377169635
Q2WCN5,47,1,0.9559634247319789
Q2WCN5,6,0,0.004828258458472331
Q2WCN5,34,0,0.008151676082998714
Q2WCN5,58,0,0.007591243213406812
Q2WCN5,26,0,0.00412205831926018
Q2WCN5,40,0,0.0019163018772914
E1B228,45,1,0.9904746611488435
E1B228,6,0,0.0051852525181885585
E1B228,33,0,0.000715155934869421
E1B228,60,0,0.002227080223083757
E1B228,64,0,0.002820697261845458
E1B228,26,0,0.004698937382599473
O93226,27,0,0.0030440431629329434
O93226,45,1,0.9693481058308785
O93226,6,0,0.00425595190944829
O93226,56,0,0.0009279616295713819
O93226,60,0,0.0010449465491268034
O93226,67,0,0.00820772010723554
O93226,52,0,0.05804654602265876
P21591,77,0,0.05311476518489987
P21591,61,0,0.004228842045541831
P21591,115,0,0.0009220126368459286
P21591,8,1,0.4428532251735909
P21591,41,0,0.025887068881292757
P21591,47,0,0.0212079518852954
P21591,83,0,0.12460591553037519
P21591,92,0,0.08924203947048212
P21591,97,0,0.017602445824068263
P21591,100,0,0.015922227258720924
P21591,107,0,0.15218790066678892
Q58T89,73,0,0.04913718408567839
Q58T89,83,0,0.008166474469503242
Q58T89,123,1,0.9511796402940985
Q58T89,120,0,0.0033634323595177497
Q58T89,4,0,0.006272056722819199
Q58T89,54,0,0.0009157016269822881
Q58T89,58,0,0.0006084516748683197
Q58T89,62,0,0.0018841366474396943
Q58T89,76,0,0.004887927765839343
Q58T89,19,0,0.001764620077382262
Q58T89,31,0,0.008156292576291252
Q58T89,40,0,0.024401445331643828
Q58T89,43,1,0.9588376501268333
Q58T89,89,0,0.008152292024483091
Q58T89,103,0,0.0021784918407180055
Q58T89,106,0,0.008151542772625888
B5LUQ7,27,0,0.012459917761535112
B5LUQ7,46,1,0.9915678688253518
B5LUQ7,65,0,0.0054750973523992755
B5LUQ7,70,1,0.9575310643783007
B5LUQ7,77,0,0.002120792369915807
B5LUQ7,82,1,0.95598520587827
B5LUQ7,91,0,0.002120792369915807
B5LUQ7,96,1,0.95598520587827
B5LUQ7,105,0,0.004322471380089224
B5LUQ7,110,1,0.95598520587827
B5LUQ7,6,0,0.005479653598136584
B5LUQ7,119,0,0.0011973102148164578
B5LUQ7,25,0,0.0002375384873684834
B5LUQ7,53,0,0.0014525964043220546
B5LUQ7,61,0,0.00036770125383762774
B5LUQ9,27,0,0.012459917761535112
B5LUQ9,46,1,0.9918890658268517
B5LUQ9,65,0,0.0054750973523992755
B5LUQ9,70,1,0.9575310643783007
B5LUQ9,77,0,0.002120792369915807
B5LUQ9,82,1,0.95598520587827
B5LUQ9,91,0,0.002120792369915807
B5LUQ9,96,1,0.95598520587827
B5LUQ9,105,0,0.004322471380089224
B5LUQ9,110,1,0.95598520587827
B5LUQ9,119,0,0.004322471380089224
B5LUQ9,124,1,0.95598520587827
B5LUQ9,6,0,0.00420929931815403
B5LUQ9,25,0,0.0002375384873684834
B5LUQ9,53,0,0.0014525964043220546
B5LUQ9,61,0,0.00036770125383762774
L0L3V3,27,0,0.004835206710295257
L0L3V3,54,1,0.9918890658268517
L0L3V3,6,0,0.003613530922368618
L0L3V3,38,0,0.00013500894460102703
L0L3V3,47,0,0.0019347406300339609
L0L3V3,66,0,0.0038516720745212537
L0L3V3,24,0,0.0012690459889758414
B3KYH6,35,1,0.9932231654311025
B3KYH6,22,0,0.005485419593811302
B3KYH6,14,0,0.0010562952086729978
F7UI84,27,0,0.005472567611346519
F7UI84,46,1,0.9865240085881447
F7UI84,6,0,0.003613530922368618
F7UI84,41,0,0.0003409238286132681
F7UI84,63,0,0.0011068383213519056
F7UI85,27,0,0.005472567611346519
F7UI85,46,1,0.9865240085881447
F7UI85,6,0,0.003613530922368618
F7UI85,41,0,0.0003409238286132681
F7UI85,63,0,0.0009178785035408378
F7UI87,27,0,0.005472567611346519
F7UI87,46,1,0.9865240085881447
F7UI87,6,0,0.003613530922368618
F7UI87,41,0,0.0003409238286132681
F7UI87,63,0,0.001487678541001367
G3ETQ3,42,1,0.9794851284253322
G3ETQ3,6,0,0.004108952316030799
G3ETQ3,49,0,0.0005269842232300725
G3ETQ3,53,0,0.0007235690330887403
G3ETQ3,62,0,0.0011810913092933154
G3ETQ3,66,0,0.004114569225940901
G3ETQ3,26,0,0.002280699448456334
G3ETQ3,64,0,0.004095909037501005
M9P2C1,65,0,0.0965177855403875
M9P2C1,76,1,0.32832951992700377
M9P2C1,52,0,0.004402660191441315
M9P2C1,48,0,0.012579722937706076
M9P2C1,51,0,0.028924516768137027
M9P2C1,57,0,0.08739137016121298
M9P2C1,74,0,0.009055819324213088
M9P2C1,80,0,0.0023763418071580814
O93454,27,0,0.0013946635667589856
O93454,45,1,0.9301846732554866
O93454,6,0,0.003613530922368618
O93454,34,0,9.979867789468561e-05
O93454,43,0,0.0007052560975980551
P01357,68,0,0.005480895252720222
P01357,85,0,0.004566562784179996
P01357,100,0,0.001259913817307524
P01357,147,0,0.005480895252720222
P01357,164,0,0.001259913817307524
P01357,211,0,0.005480895252720222
P01357,228,0,0.0030651293122663354
P01357,41,0,0.0012800187940729733
P01357,44,0,0.0007695616488592663
P01357,48,0,0.00034570721436601393
P01357,120,0,0.0008540171000593269
P01357,123,0,0.0007428799508962484
P01357,127,0,0.0001284276386996701
P01357,184,0,0.0008540171000593269
P01357,187,0,0.0007428799508962484
P01357,191,0,0.0001284276386996701
P01357,30,0,0.003350124960498778
P01357,33,0,0.012500211125985691
P01357,61,0,0.004199152633784238
P01357,109,0,0.00805689281740771
P01357,112,0,0.032780770122163884
P01357,140,0,0.004199152633784238
P01357,173,0,0.005488215834428878
P01357,176,0,0.032780770122163884
P01357,204,0,0.004199152633784238
P05224,68,0,0.005480895252720222
P05224,85,0,0.004566562784179996
P05224,100,0,0.001259913817307524
P05224,147,0,0.005480895252720222
P05224,164,0,0.0030651293122663354
P05224,41,0,0.0012800187940729733
P05224,44,0,0.00047204829114572356
P05224,48,0,0.00022419174346805318
P05224,120,0,0.0008540171000593269
P05224,123,0,0.0007428799508962484
P05224,127,0,0.0001284276386996701
P05224,30,0,0.003350124960498778
P05224,33,0,0.012500211125985691
P05224,61,0,0.004199152633784238
P05224,109,0,0.005488215834428878
P05224,112,0,0.032780770122163884
P05224,140,0,0.004199152633784238
P39084,46,1,0.9956397328986113
P39084,6,0,0.0041324300817030925
P39084,33,0,0.020516964879404066
P39084,53,0,0.001544971244308808
P39084,26,0,0.002497853423271597
P39084,39,0,0.0028547472160840334
P85070,46,1,0.9599698288336322
P85070,6,0,0.0038570580784005742
P85070,34,0,0.0014449918159295547
P85070,40,0,0.0005175891600623572
P85070,57,0,0.0009407553870788997
P85070,26,0,0.0017469676040391148
Q0VKG8,27,0,0.0054831159851284955
Q0VKG8,6,0,0.003613530922368618
Q0VKG8,40,0,0.005478222073232818
Q0VKG8,52,0,0.045925887930580375
Q0VKG8,36,0,0.00039310768451326824
Q0VKG8,54,0,0.07347765432876907
Q58T55,73,0,0.03925874771001811
Q58T55,83,0,0.005485948965946846
Q58T55,123,1,0.9575706485462119
Q58T55,120,0,0.0016368700976766533
Q58T55,4,0,0.004151994525254648
Q58T55,22,0,0.0003951956743294778
Q58T55,48,0,0.005456744152911626
Q58T55,54,0,0.00049889750436468
Q58T55,62,0,0.00022467173891093316
Q58T55,67,0,0.0006113316202910089
Q58T55,19,0,0.006128841105076747
Q58T55,31,0,0.005482989115454058
Q58T55,40,0,0.0054841065595592434
Q58T55,43,1,0.9757812073449745
Q58T55,47,0,0.0032430744439418007
Q58T55,58,0,0.008191884118064992
Q58T55,89,0,0.002940139632391134
Q58T55,103,0,0.0012158712698419297
Q58T55,106,0,0.005479215998353423
A0A193H329,27,0,0.0007998913801002875
A0A193H329,45,1,0.9576175267419345
A0A193H329,6,0,0.006766682446122756
A0A193H329,52,0,0.0018519574132356887
A0A193H329,56,0,0.00294367308363806
A0A193H329,60,0,0.0004392099798679243
A0A193H361,27,0,0.0007998913801002875
A0A193H361,45,1,0.9576175267419345
A0A193H361,6,0,0.013210747513371455
A0A193H361,52,0,0.0013141832515018797
A0A193H361,56,0,0.00294367308363806
A0A193H361,60,0,0.0004392099798679243
A0A193H362,27,0,0.0007998913801002875
A0A193H362,45,1,0.9576175267419345
A0A193H362,6,0,0.003613530922368618
A0A193H362,52,0,0.0018519574132356887
A0A193H362,56,0,0.003397648009846277
A0A193H365,27,0,0.0007998913801002875
A0A193H365,45,1,0.9576175267419345
A0A193H365,6,0,0.013210747513371455
A0A193H365,52,0,0.0015215452563566738
A0A193H365,56,0,0.0031167813198157038
A0A193H365,60,0,0.001356172340857243
A0A193H396,27,0,0.0007998913801002875
A0A193H396,45,1,0.9576175267419345
A0A193H396,6,0,0.013065985400953618
A0A193H396,56,0,0.0031167813198157038
A0A193H396,60,0,0.001356172340857243
A0A193H397,27,0,0.0007998913801002875
A0A193H397,45,1,0.9576175267419345
A0A193H397,6,0,0.003613530922368618
A0A193H397,52,0,0.0015215452563566738
A0A193H397,56,0,0.0031167813198157038
A0A193H397,60,0,0.001356172340857243
A7WNV6,43,1,0.9933923308558584
A7WNV6,6,0,0.004804687437768387
A7WNV6,50,0,0.0004332947498737654
A7WNV6,54,0,0.0008022864465087473
A7WNV6,63,0,0.0010139812864072215
A7WNV6,65,0,0.0005724527017359647
A7WNV6,67,0,0.0006925483655185429
A7WNV6,26,0,0.005490378869720309
E1AWD4,45,1,0.9932231654311025
E1AWD4,6,0,0.004429027489723151
E1AWD4,33,0,0.0004099543549051693
E1AWD4,52,0,0.00016686084830084164
E1AWD4,64,0,0.0012019208053827082
E1AWD4,26,0,0.002818043056581607
F7UI86,27,0,0.005472567611346519
F7UI86,46,1,0.9865240085881447
F7UI86,6,0,0.003613530922368618
F7UI86,41,0,0.0003409238286132681
G3F828,42,1,0.9794851284253322
G3F828,6,0,0.004108952316030799
G3F828,49,0,0.0009173564054413166
G3F828,53,0,0.0008459416570706113
G3F828,62,0,0.0011810913092933154
G3F828,66,0,0.004114569225940901
G3F828,26,0,0.002280699448456334
G3F828,64,0,0.004095909037501005
Q7T3K9,27,0,0.0026328412477023126
Q7T3K9,45,1,0.9967464072140452
Q7T3K9,6,0,0.005484746802259874
Q7T3K9,50,0,0.0007479026904183435
Q7T3K9,52,0,0.001633872223247004
Q7T3K9,56,0,0.00011869523387041087
Q7T3K9,60,0,0.0005837244254401981
Q7T3K9,64,0,0.0007165163936740201
Q7T3K9,68,0,0.0004392099798679243
Q800R3,27,0,0.005472567611346519
Q800R3,46,1,0.9865240085881447
Q800R3,6,0,0.003613530922368618
Q800R3,32,0,0.0001087839073602103
Q800R3,41,0,0.0003409238286132681
Q800R3,63,0,0.001487678541001367
Q8QFQ4,43,1,0.995422976782678
Q8QFQ4,6,0,0.004429027489723151
Q8QFQ4,50,0,0.0004332947498737654
Q8QFQ4,54,0,0.0008022864465087473
Q8QFQ4,63,0,0.0010773209246335888
Q8QFQ4,65,0,0.0005724527017359647
Q8QFQ4,67,0,0.0023709306782721653
Q8QFQ4,26,0,0.005490378869720309
A6MWS8,41,1,0.9226944784212576
A6MWS8,56,0,0.11151221230378802
A6MWS8,36,0,0.00560011893458279
A6MWS8,51,0,0.061264503884927296
B3VZU5,44,1,0.9896212708185359
B3VZU5,6,0,0.0034522178058975016
B3VZU5,39,0,7.615669692438716e-05
B3VZU5,26,0,0.002107164866414215
B3VZU6,44,1,0.9896212708185359
B3VZU6,6,0,0.0034522178058975016
B3VZU6,39,0,0.0001986736811133616
B3VZU6,26,0,0.002107164866414215
D5GRW4,46,1,0.995517107984659
D5GRW4,6,0,0.0041324300817030925
D5GRW4,33,0,0.008857882230987204
D5GRW4,60,0,0.0008475868207810021
D5GRW4,26,0,0.0039756274437073875
P40844,38,1,0.9651581456141989
P40844,6,0,0.004108952316030799
P40844,48,0,0.0015120758206337308
P40844,43,0,0.0012765180818500074
P40844,50,0,0.0015435781069628157
P40844,58,0,0.00035840370931243396
P40844,62,0,0.0008400759294628621
P40844,79,0,0.00119468910664822
P40844,81,0,0.0014255672554313445
P40844,26,0,0.0017469676040391148
P40844,70,0,0.004774493101133424
Q2UXV9,46,1,0.9849836464673749
Q2UXV9,6,0,0.0041324300817030925
Q2UXV9,33,0,0.005479447011896699
Q2UXV9,57,0,0.0027995313794436628
Q2UXV9,26,0,0.002497853423271597
Q2UXV9,39,0,0.0017857816311799368
Q2UXV9,53,0,0.0019070728813458118
A0A2U8JCR5,27,0,0.0025010001322225747
A0A2U8JCR5,44,1,0.9848576443119583
A0A2U8JCR5,6,0,0.004069472188155692
A0A2U8JCR5,48,0,0.0006585696119298631
A0A2U8JCR5,52,0,0.0019219173471407805
A0A2U8JCR5,56,0,0.000886671457124593
A0A5P9NYS6,27,0,0.0025010001322225747
A0A5P9NYS6,43,1,0.993631526440635
A0A5P9NYS6,6,0,0.00307621987140072
A0A5P9NYS6,48,0,0.0005914561440464622
A0A5P9NYS6,50,0,0.0007470634888619369
A0A5P9NYS6,54,0,0.0010771926960930934
A0A5P9NYS6,58,0,0.0007477492914587204
B5LUQ3,27,0,0.002996032936202956
B5LUQ3,49,1,0.9887855740674681
B5LUQ3,68,0,0.00632916010032637
B5LUQ3,73,1,0.9887855740674681
B5LUQ3,6,0,0.003583087499664237
B5LUQ3,24,0,0.0004238086499852378
B5LUQ3,56,0,0.0015952369370691953
B5LUQ3,64,0,0.0005172444025036229
B5LUQ3,80,0,0.0016436313512247069
B5LUQ3,88,0,0.0005172444025036229
D4YWD0,21,0,0.056463817540003194
D4YWD0,34,1,0.9926159869110843
D4YWD0,49,0,0.0006957973583518657
D4YWD0,14,0,0.00112884647256141
E6ZBE2,26,0,0.09144602118941045
E6ZBE2,35,0,0.01076206336091023
E6ZBE2,44,0,0.01076206336091023
E6ZBE2,53,0,0.01076206336091023
E6ZBE2,62,1,0.4043401588478537
E6ZBE2,64,1,0.9602370553020846
E6ZBE2,6,0,0.0036538151259671516
L0P329,27,0,0.027166492086256367
L0P329,49,1,0.9514911918740353
L0P329,6,0,0.00307621987140072
L0P329,33,0,0.00031213865287628596
L0P329,41,0,0.0020717246492361783
L0P329,44,0,0.00490243349898919
L0P3K3,27,0,0.0025010001322225747
L0P3K3,49,1,0.9514911918740353
L0P3K3,6,0,0.00307621987140072
L0P3K3,33,0,0.00031213865287628596
L0P3K3,41,0,0.0020717246492361783
L0P3K3,44,0,0.0020642360945969667
P05421,27,1,0.2797331279995338
P05421,47,1,0.9424035429229521
P05421,62,0,0.04174221994352505
P05421,82,1,0.9424035429229521
P05421,97,0,0.04174221994352505
P05421,117,1,0.9424035429229521
P05421,132,0,0.04174221994352505
P05421,152,1,0.9424035429229521
P05421,167,0,0.04174221994352505
P05421,187,1,0.9424035429229521
P05421,6,0,0.004269284173725007
P05421,59,0,0.004823321578405049
P05421,94,0,0.004823321578405049
P05421,129,0,0.004823321578405049
P05421,164,0,0.004823321578405049
P05421,23,0,0.0003220402359330835
P05421,68,0,0.000409311882543424
P05421,138,0,0.000409311882543424
P05422,27,0,0.006335464434820049
P05422,47,1,0.9344206110521474
P05422,60,0,0.2088169673200482
P05422,79,1,0.9424035429229521
P05422,94,1,0.3859471798552186
P05422,114,1,0.9424035429229521
P05422,129,0,0.04174221994352505
P05422,149,1,0.9424035429229521
P05422,164,0,0.04174221994352505
P05422,184,1,0.9424035429229521
P05422,6,0,0.004269284173725007
P05422,91,0,0.004823321578405049
P05422,126,0,0.004823321578405049
P05422,161,0,0.004823321578405049
P05422,23,0,0.0003220402359330835
P05422,58,0,0.0006395341491691197
P05422,135,0,0.000409311882543424
P32412,47,1,0.9926159869110843
P32412,6,0,0.0036538151259671516
P32412,34,0,0.012919643839637358
P32412,62,0,0.000723891172653611
P32412,66,0,0.0010899476265504302
P32412,26,0,0.0005977907830073725
P83719,43,1,0.9753442122765755
P83719,6,0,0.00604632333098041
P83719,52,0,0.0022821682633369115
P83719,57,0,0.0029213353782078285
P83719,26,0,0.004647776844429868
P83719,47,0,0.015770159741560007
A0A5Q0MU22,27,0,0.027166492086256367
A0A5Q0MU22,49,1,0.9514911918740353
A0A5Q0MU22,6,0,0.00307621987140072
A0A5Q0MU22,33,0,0.00031213865287628596
A0A5Q0MU22,41,0,0.0033587021448013682
A0A5Q0MU22,44,0,0.003041078874217763
B3VZU4,47,1,0.9787712577883003
B3VZU4,6,0,0.004069293018194437
B3VZU4,34,0,0.005934131511341786
B3VZU4,26,0,0.0005977907830073725
B3VZU4,40,0,0.01568266967515688
B6HY14,27,0,0.0025010001322225747
B6HY14,45,1,0.9691417771964006
B6HY14,6,0,0.004269284173725007
B6HY14,53,0,0.006493753558560281
B6HY14,56,0,0.0006321113010318397
B6HY14,60,0,0.002586243418690703
E1AWD6,41,1,0.9902964308916845
E1AWD6,6,0,0.004465039031712528
E1AWD6,46,0,0.0006534190714676512
E1AWD6,48,0,0.0004911517442654029
E1AWD6,69,0,0.001261997781881086
E1AWD6,26,0,0.0018645170773937904
E1AWD6,56,0,0.013726734205294003
E7EKE0,42,1,0.9809862047068828
E7EKE0,6,0,0.0042746595264705756
E7EKE0,49,0,0.0009038792679914696
E7EKE0,57,0,0.00039957823889715893
E7EKE0,65,0,0.003222268338369691
E7EKE0,70,0,0.0017159434054009558
E7EKE0,26,0,0.0008971783021269377
E7EKJ6,46,1,0.9256544768120563
E7EKJ6,6,0,0.004826367252775992
E7EKJ6,33,0,0.0011367531554267495
E7EKJ6,44,0,0.005778397553636196
E7EKJ6,57,0,0.0024400681131143596
E7EKJ6,26,0,0.003248896112881983
E7EKJ7,46,1,0.9801814110935632
E7EKJ7,6,0,0.004826367252775992
E7EKJ7,33,0,0.0011367531554267495
E7EKJ7,44,0,0.005778397553636196
E7EKJ7,57,0,0.0024400681131143596
E7EKJ7,26,0,0.003248896112881983
E7EKM1,46,1,0.9256544768120563
E7EKM1,6,0,0.004826367252775992
E7EKM1,33,0,0.0011367531554267495
E7EKM1,44,0,0.005778397553636196
E7EKM1,57,0,0.0024400681131143596
E7EKM1,26,0,0.003248896112881983
P08950,61,1,0.5521455841300336
P08950,47,0,0.04492731732905174
P08950,41,0,0.000721655521954254
P08950,76,0,0.06045476269619559
P80399,34,0,0.09455186388753047
P80399,41,1,0.9929882795421113
P80399,6,0,0.004069293018194437
P80399,48,0,0.001166317613244242
P80399,52,0,0.005899298941535302
P80399,26,0,0.0018645170773937904
Q1JS87,38,1,0.959143188048963
Q1JS87,6,0,0.0042746595264705756
Q1JS87,47,0,0.0032344580382920292
Q1JS87,43,0,0.0006130234988499936
Q1JS87,48,0,0.00718010528043288
Q1JS87,50,0,0.0020106449844004204
Q1JS87,58,0,0.005767939650070454
Q1JS87,62,0,0.0006008071343603263
Q1JS87,79,0,0.001939516078583849
Q1JS87,81,0,0.0018834060561964871
Q1JS87,26,0,0.0019117539979634432
Q1JS87,70,0,0.014113464478206272
Q2UXR4,44,1,0.9787712577883003
Q2UXR4,6,0,0.004069293018194437
Q2UXR4,34,0,0.005700089268782943
Q2UXR4,26,0,0.001608552183015792
Q2UXR4,37,0,0.005663841634498976
Q2WCN8,43,1,0.9585885833583887
Q2WCN8,6,0,0.005286578280189533
Q2WCN8,51,0,0.0006892161115871482
Q2WCN8,55,0,0.0004642846370689545
Q2WCN8,64,0,0.0011227679082778017
Q2WCN8,66,0,0.0007720994967214009
Q2WCN8,68,0,0.0026409617761352076
Q2WCN8,26,0,0.006329542198785902
Q5DVA5,27,0,0.009800811401445363
Q5DVA5,44,1,0.9608773077439905
Q5DVA5,6,0,0.00307621987140072
Q5DVA5,51,0,0.0019043318219384361
Q5DVA5,62,0,0.0007455263441680013
Q5DVA5,70,0,0.0010561199559980749
Q2UXW0,47,1,0.9926159869110843
Q2UXW0,6,0,0.004069293018194437
Q2UXW0,34,0,0.006107202153123057
Q2UXW0,58,0,0.0028662571689561443
Q2UXW0,66,0,0.0009230095750807246
Q2UXW0,26,0,0.005026170943934096
P79874,46,1,0.991947525056544
P79874,6,0,0.0034450387164100173
P79874,33,0,0.005588301805231444
P79874,56,0,0.0006452139610176187
P79874,26,0,0.0019780727218980908
P79874,39,0,0.002972021130316059
P83082,83,0,0.0058605517784132664
P83082,123,1,0.965920894605104
P83082,120,0,0.0016900079629430596
P83082,72,0,0.03664477905294841
P83082,4,0,0.0040355993803140745
P83082,48,0,0.0012059309041819498
P83082,54,0,0.0001606451331397202
P83082,58,0,0.00027369033585100417
P83082,62,0,0.00023683105616904368
P83082,19,0,0.005868432531106863
P83082,31,0,0.005860754126560553
P83082,40,0,0.005851975196747065
P83082,43,1,0.9816612229954879
P83082,73,0,0.010831264912566264
P83082,89,0,0.005853471416599725
P83082,103,0,0.0014616098211515788
P83082,106,0,0.005863050571945639
Q571V3,27,0,0.0007769260706634715
Q571V3,46,1,0.9833187658001749
Q571V3,6,0,0.0026651376402785803
Q571V3,32,0,8.03423519329305e-05
Q571V3,51,0,0.0003325848495956862
Q571V3,53,0,0.00029938503357824456
Q571V3,57,0,0.00029337199536285893
B3KYH4,35,1,0.9948937314655987
B3KYH4,22,0,0.005588301805231444
B3KYH4,46,0,0.0009360794222209395
B3KYH4,14,0,0.001012325899175172
E7EKD0,46,1,0.980328400471399
E7EKD0,6,0,0.0034450387164100173
E7EKD0,33,0,0.005520136459192458
E7EKD0,58,0,0.012265981754098048
E7EKD0,26,0,0.002811130019455468
E7EKD0,57,0,0.02619003318029411
F1T150,38,1,0.8103425240237573
F1T150,6,0,0.0036984358621917996
F1T150,35,0,0.001360638957431257
F1T150,43,0,0.0013105786366482035
F1T150,47,0,0.0015086695844836278
F1T150,50,0,0.001661536600854425
F1T150,55,0,0.003650765752369807
F1T150,58,0,0.006419803795282441
F1T150,62,0,0.0009004549728267205
F1T150,79,0,0.0014685530446471326
F1T150,81,0,0.0017171297116866404
F1T150,26,0,0.0019126979622145772
F1T150,39,0,0.1547312238795122
F1T150,70,0,0.004468998357931572
P69021,27,0,0.01320634493181538
P69021,49,1,0.9935276697817146
P69021,6,0,0.0026651376402785803
P69021,57,0,0.008917832738014043
P69021,24,0,0.00032520730603210216
P69031,27,0,0.001516305999018136
P69031,46,1,0.9922134298554407
P69031,6,0,0.0026651376402785803
P69031,54,0,0.0017516042048395348
P69031,65,0,0.000511244835671627
P69031,67,0,0.0011460590398330562
P79876,46,1,0.9448801044573617
P79876,6,0,0.0034450387164100173
P79876,33,0,0.005588301805231444
P79876,53,0,0.0006452139610176187
P79876,26,0,0.0019780727218980908
P79876,39,0,0.002972021130316059
P81486,27,0,0.025680499845838423
P81486,45,1,0.9930170282665393
P81486,6,0,0.0026651376402785803
P81486,30,0,0.0009222356639616709
P81486,49,0,0.0016374544361124877
P81486,53,0,0.000833110008659448
P81486,57,0,0.0015579587675636098
P81486,61,0,0.001018344617590135
P86483,47,0,0.018381766473597745
P86483,8,0,0.0020922532796060567
P86483,38,0,0.00026658149751238974
P86483,26,0,0.01232631208377037
P86483,41,0,0.002387504347184154
Q58T40,73,0,0.01720886887463119
Q58T40,83,0,0.0058605517784132664
Q58T40,123,1,0.965920894605104
Q58T40,120,0,0.0016900079629430596
Q58T40,4,0,0.0040355993803140745
Q58T40,48,0,0.0012059309041819498
Q58T40,54,0,0.0001606451331397202
Q58T40,58,0,0.00027369033585100417
Q58T40,62,0,0.00023683105616904368
Q58T40,19,0,0.005868432531106863
Q58T40,31,0,0.005860754126560553
Q58T40,40,0,0.005851975196747065
Q58T40,43,1,0.9816612229954879
Q58T40,71,0,0.007059385447722598
Q58T40,89,0,0.005853471416599725
Q58T40,103,0,0.0014616098211515788
Q58T40,106,0,0.005863050571945639
Q58T43,73,0,0.01720886887463119
Q58T43,83,0,0.0058605517784132664
Q58T43,123,1,0.965920894605104
Q58T43,120,0,0.0016900079629430596
Q58T43,4,0,0.0040355993803140745
Q58T43,48,0,0.0012059309041819498
Q58T43,54,0,0.0001606451331397202
Q58T43,58,0,0.00027369033585100417
Q58T43,62,0,0.00023683105616904368
Q58T43,141,0,0.000638969771917956
Q58T43,19,0,0.005868432531106863
Q58T43,31,0,0.005860754126560553
Q58T43,40,0,0.005851975196747065
Q58T43,43,1,0.9816612229954879
Q58T43,71,0,0.007059385447722598
Q58T43,89,0,0.005853471416599725
Q58T43,103,0,0.0014616098211515788
Q58T43,106,0,0.005863050571945639
Q58T46,73,0,0.01720886887463119
Q58T46,83,0,0.0058605517784132664
Q58T46,123,1,0.965920894605104
Q58T46,120,0,0.0016900079629430596
Q58T46,4,0,0.0040355993803140745
Q58T46,48,0,0.0012059309041819498
Q58T46,54,0,0.0001606451331397202
Q58T46,58,0,0.00027369033585100417
Q58T46,62,0,0.00023683105616904368
Q58T46,19,0,0.005868432531106863
Q58T46,31,0,0.005860754126560553
Q58T46,40,0,0.005851975196747065
Q58T46,43,1,0.9816612229954879
Q58T46,71,0,0.007059385447722598
Q58T46,89,0,0.005853471416599725
Q58T46,103,0,0.0014616098211515788
Q58T46,106,0,0.005863050571945639
Q58T48,73,0,0.01720886887463119
Q58T48,83,0,0.0058605517784132664
Q58T48,123,1,0.965920894605104
Q58T48,120,0,0.0016900079629430596
Q58T48,4,0,0.0040355993803140745
Q58T48,48,0,0.0012059309041819498
Q58T48,54,0,0.0001606451331397202
Q58T48,58,0,0.00027369033585100417
Q58T48,62,0,0.00023683105616904368
Q58T48,19,0,0.005868432531106863
Q58T48,31,0,0.005860754126560553
Q58T48,40,0,0.005851975196747065
Q58T48,43,1,0.9816612229954879
Q58T48,71,0,0.007059385447722598
Q58T48,89,0,0.005853471416599725
Q58T48,103,0,0.0014616098211515788
Q58T48,106,0,0.005863050571945639
Q58T49,73,0,0.00586220056999234
Q58T49,83,0,0.04605124939965918
Q58T49,123,1,0.965920894605104
Q58T49,120,0,0.0016900079629430596
Q58T49,4,0,0.0040355993803140745
Q58T49,48,0,0.002110080372534337
Q58T49,54,0,0.0002371042021327359
Q58T49,58,0,0.0006459606704886845
Q58T49,62,0,0.00010147898959334755
Q58T49,141,0,0.0010924401058085948
Q58T49,19,0,0.0012588222813786775
Q58T49,31,0,0.005860754126560553
Q58T49,40,0,0.0036478171906768803
Q58T49,43,1,0.9533723113289668
Q58T49,89,0,0.0062878446819418544
Q58T49,103,0,0.0014616098211515788
Q58T49,106,0,0.005863050571945639
Q58T64,73,0,0.01720886887463119
Q58T64,83,0,0.0058605517784132664
Q58T64,123,1,0.965920894605104
Q58T64,120,0,0.0016900079629430596
Q58T64,4,0,0.004969823025475218
Q58T64,48,0,0.0012059309041819498
Q58T64,54,0,0.0001606451331397202
Q58T64,58,0,0.00027369033585100417
Q58T64,62,0,0.00023683105616904368
Q58T64,112,0,0.0008515930931889546
Q58T64,19,0,0.005868432531106863
Q58T64,31,0,0.005860754126560553
Q58T64,40,0,0.005851975196747065
Q58T64,43,1,0.9816612229954879
Q58T64,71,0,0.007059385447722598
Q58T64,89,0,0.0038566792688006254
Q58T64,103,0,0.0014616098211515788
Q58T64,106,0,0.005863050571945639
Q58T65,74,0,0.01720886887463119
Q58T65,84,0,0.0058605517784132664
Q58T65,124,1,0.965920894605104
Q58T65,121,0,0.0016900079629430596
Q58T65,4,0,0.0040355993803140745
Q58T65,49,0,0.0012059309041819498
Q58T65,55,0,0.0001606451331397202
Q58T65,59,0,0.00027369033585100417
Q58T65,63,0,0.00023683105616904368
Q58T65,19,0,0.005868432531106863
Q58T65,31,0,0.005860754126560553
Q58T65,41,0,0.005851975196747065
Q58T65,44,1,0.9816612229954879
Q58T65,72,0,0.007059385447722598
Q58T65,90,0,0.005853471416599725
Q58T65,104,0,0.0014616098211515788
Q58T65,107,0,0.005863050571945639
Q58T68,74,0,0.087506672133136
Q58T68,84,0,0.0058605517784132664
Q58T68,124,1,0.965920894605104
Q58T68,121,0,0.0016900079629430596
Q58T68,4,0,0.0040355993803140745
Q58T68,49,0,0.0012059309041819498
Q58T68,55,0,0.0001606451331397202
Q58T68,59,0,0.00027369033585100417
Q58T68,63,0,0.00023683105616904368
Q58T68,19,0,0.005868432531106863
Q58T68,31,0,0.005860754126560553
Q58T68,41,0,0.005851975196747065
Q58T68,44,1,0.9816612229954879
Q58T68,72,0,0.012725148556413884
Q58T68,90,0,0.005853471416599725
Q58T68,104,0,0.0014616098211515788
Q58T68,107,0,0.005863050571945639
Q58T69,74,0,0.01720886887463119
Q58T69,84,0,0.0058605517784132664
Q58T69,124,1,0.965920894605104
Q58T69,121,0,0.0016900079629430596
Q58T69,4,0,0.0040355993803140745
Q58T69,49,0,0.0012059309041819498
Q58T69,55,0,0.0001606451331397202
Q58T69,59,0,0.00027369033585100417
Q58T69,63,0,0.00023683105616904368
Q58T69,19,0,0.005868432531106863
Q58T69,31,0,0.005860754126560553
Q58T69,41,0,0.005851975196747065
Q58T69,44,1,0.9816612229954879
Q58T69,72,0,0.007059385447722598
Q58T69,90,0,0.005853471416599725
Q58T69,104,0,0.0014616098211515788
Q58T69,107,0,0.005863050571945639
Q58T70,74,0,0.01720886887463119
Q58T70,84,0,0.0058605517784132664
Q58T70,124,1,0.965920894605104
Q58T70,121,0,0.0016900079629430596
Q58T70,4,0,0.0040355993803140745
Q58T70,49,0,0.0012059309041819498
Q58T70,55,0,0.0001606451331397202
Q58T70,59,0,0.00027369033585100417
Q58T70,63,0,0.00023683105616904368
Q58T70,19,0,0.005868432531106863
Q58T70,31,0,0.005860754126560553
Q58T70,41,0,0.005851975196747065
Q58T70,44,1,0.9816612229954879
Q58T70,72,0,0.007059385447722598
Q58T70,90,0,0.005853471416599725
Q58T70,104,0,0.0012764281552233698
Q58T70,107,0,0.005863050571945639
Q58T80,73,0,0.01720886887463119
Q58T80,83,0,0.0058605517784132664
Q58T80,123,1,0.965920894605104
Q58T80,120,0,0.0016900079629430596
Q58T80,4,0,0.0040355993803140745
Q58T80,48,0,0.0012059309041819498
Q58T80,54,0,0.0001606451331397202
Q58T80,58,0,0.00027369033585100417
Q58T80,62,0,0.00023683105616904368
Q58T80,19,0,0.005868432531106863
Q58T80,31,0,0.005860754126560553
Q58T80,40,0,0.005851975196747065
Q58T80,43,1,0.9816612229954879
Q58T80,71,0,0.007059385447722598
Q58T80,89,0,0.005853471416599725
Q58T80,103,0,0.0014616098211515788
Q58T80,106,0,0.005863050571945639
Q58T83,73,0,0.01720886887463119
Q58T83,83,0,0.0058605517784132664
Q58T83,123,1,0.965920894605104
Q58T83,120,0,0.0016900079629430596
Q58T83,4,0,0.0040355993803140745
Q58T83,48,0,0.0012059309041819498
Q58T83,54,0,0.0001606451331397202
Q58T83,58,0,0.00027369033585100417
Q58T83,62,0,0.00023683105616904368
Q58T83,19,0,0.005868432531106863
Q58T83,31,0,0.005860754126560553
Q58T83,40,0,0.005851975196747065
Q58T83,43,1,0.9816612229954879
Q58T83,71,0,0.007059385447722598
Q58T83,89,0,0.005853471416599725
Q58T83,103,0,0.0014616098211515788
Q58T83,106,0,0.005863050571945639
Q58T86,73,0,0.00586220056999234
Q58T86,83,0,0.04605124939965918
Q58T86,123,1,0.965920894605104
Q58T86,120,0,0.0016900079629430596
Q58T86,4,0,0.0040355993803140745
Q58T86,48,0,0.002110080372534337
Q58T86,54,0,0.0002371042021327359
Q58T86,58,0,0.0006459606704886845
Q58T86,62,0,0.00010147898959334755
Q58T86,141,0,0.0010924401058085948
Q58T86,19,0,0.0012588222813786775
Q58T86,31,0,0.005860754126560553
Q58T86,40,0,0.005851975196747065
Q58T86,43,1,0.9816612229954879
Q58T86,89,0,0.0062878446819418544
Q58T86,103,0,0.0014616098211515788
Q58T86,106,0,0.005863050571945639
Q8JHE1,73,0,0.01720886887463119
Q8JHE1,83,0,0.007749808855945843
Q8JHE1,123,1,0.965920894605104
Q8JHE1,120,0,0.0016900079629430596
Q8JHE1,4,0,0.005862143976513781
Q8JHE1,48,0,0.0012059309041819498
Q8JHE1,54,0,0.0001606451331397202
Q8JHE1,58,0,0.00027369033585100417
Q8JHE1,62,0,0.00023683105616904368
Q8JHE1,19,0,0.005868432531106863
Q8JHE1,31,0,0.005860754126560553
Q8JHE1,40,0,0.005851975196747065
Q8JHE1,43,1,0.9816612229954879
Q8JHE1,71,0,0.007059385447722598
Q8JHE1,89,0,0.005853471416599725
Q8JHE1,103,0,0.0014616098211515788
Q8JHE1,106,0,0.005863050571945639
A6MWS7,41,1,0.9125930086912291
A6MWS7,50,0,0.0024011151392713437
A6MWS7,36,0,0.02149589572390932
A6MWS9,41,1,0.9125930086912291
A6MWS9,50,0,0.0025791231551151833
A6MWS9,36,0,0.02149589572390932
B5A9T1,6,0,0.0034450387164100173
B5A9T1,34,0,0.00586709181627759
B5A9T1,56,0,0.10729538640087692
B5A9T1,18,0,0.0022095559778758165
B5A9T1,61,0,0.0016041349726545067
B5A9T1,26,0,0.001409607992785658
B5A9T1,47,0,0.1132993358879066
B5A9T1,52,0,0.010860420618481283
B5A9T1,60,0,0.002451435785509657
E7EKH6,42,1,0.9658538945996871
E7EKH6,6,0,0.0036984358621917996
E7EKH6,55,0,0.01323726854135885
E7EKH6,50,0,0.0005479483214192969
E7EKH6,59,0,0.0008999254084766415
E7EKH6,67,0,0.0020133872658564997
E7EKH6,26,0,0.002738054841476682
F1T154,43,1,0.9659173713622643
F1T154,6,0,0.004684038570466795
F1T154,50,0,0.00042288760133664583
F1T154,55,0,0.0008608587545452488
F1T154,58,0,0.002310019809607868
F1T154,71,0,0.0013361512626972093
F1T154,26,0,0.0010462764084021897
P05222,68,0,0.005871756226663638
P05222,117,0,0.005871756226663638
P05222,166,0,0.005871756226663638
P05222,183,0,0.004636361330854018
P05222,41,0,0.0008764176671233212
P05222,44,0,0.0007894400182269854
P05222,48,0,0.00018139278537079
P05222,90,0,0.0008764176671233212
P05222,93,0,0.0008195729949245135
P05222,97,0,0.00018472662942974101
P05222,139,0,0.0008764176671233212
P05222,142,0,0.0008195729949245135
P05222,146,0,0.00018472662942974101
P05222,30,0,0.003312339928061627
P05222,33,0,0.005861812651840723
P05222,61,0,0.003103763483373942
P05222,79,0,0.00586292713927626
P05222,82,0,0.0010560297588953307
P05222,110,0,0.003103763483373942
P05222,128,0,0.00586292713927626
P05222,131,0,0.008896677829785865
P05222,159,0,0.003103763483373942
P81490,27,0,0.0019403841817870915
P81490,45,1,0.9930170282665393
P81490,6,0,0.0026651376402785803
P81490,49,0,0.0016374544361124877
P81490,53,0,0.000503479895814078
P81490,57,0,0.0007970683574648837
Q571V6,49,1,0.9934743981150446
Q571V6,6,0,0.0026651376402785803
Q571V6,27,0,0.00044428392821153554
Q571V6,24,0,0.0003621226130925185
Q571V6,39,0,0.00010842719797849238
Q58T51,73,0,0.00586220056999234
Q58T51,83,0,0.0058605517784132664
Q58T51,123,1,0.965920894605104
Q58T51,120,0,0.0016900079629430596
Q58T51,4,0,0.0040355993803140745
Q58T51,48,0,0.0047211884167413535
Q58T51,54,0,0.00014430267215356478
Q58T51,58,0,0.0010668422930401695
Q58T51,62,0,0.00010147898959334755
Q58T51,19,0,0.0012588222813786775
Q58T51,31,0,0.005860754126560553
Q58T51,40,0,0.005851975196747065
Q58T51,43,1,0.9816612229954879
Q58T51,89,0,0.005853471416599725
Q58T51,103,0,0.0014616098211515788
Q58T51,106,0,0.005863050571945639
Q800S1,27,0,0.0007769260706634715
Q800S1,45,1,0.9656970922561945
Q800S1,6,0,0.0034210995209961337
Q800S1,34,0,8.278564538249526e-05
Q800S2,27,0,0.0019403841817870915
Q800S2,45,1,0.9656970922561945
Q800S2,6,0,0.0034210995209961337
Q800S2,34,0,8.278564538249526e-05
Q8QFQ5,45,1,0.996323565071435
Q8QFQ5,6,0,0.002409275887638788
Q8QFQ5,56,0,0.0021189804228798955
Q8QFQ5,60,0,0.003797802732154881
Q8QFQ5,31,0,0.000570958820248213
A6MWT0,41,1,0.9125930086912291
A6MWT0,56,0,0.11840069332168382
A6MWT0,50,0,0.0025791231551151833
A6MWT0,36,0,0.02149589572390932
B5A9T0,6,0,0.0034450387164100173
B5A9T0,34,0,0.00586709181627759
B5A9T0,56,0,0.163839841693401
B5A9T0,61,0,0.0016041349726545067
B5A9T0,26,0,0.001409607992785658
B5A9T0,47,0,0.1132993358879066
B5A9T0,52,0,0.020593941520057134
B5A9T0,60,0,0.002451435785509657
E7EKD9,43,1,0.8656237895498393
E7EKD9,6,0,0.005871660982941955
E7EKD9,47,0,0.0012908161125640694
E7EKD9,52,0,0.009622258640744041
E7EKD9,57,0,0.0016630769754254486
E7EKD9,26,0,0.001012325899175172
O93452,26,0,0.0019403841817870915
O93452,44,1,0.9930170282665393
O93452,6,0,0.02023206923131825
O93452,53,0,0.0044519606738496155
O93452,48,0,0.0010551984132321532
O93452,56,0,0.002448996680412093
O93452,60,0,0.00280756351174427
