ENTRY	SITE	CLASS	PROBABILITY
A0A088MIT0	27	0	0.006306140488128526
A0A088MIT0	35	0	0.0051832654189588115
A0A088MIT0	46	1	0.8870937555154137
A0A088MIT0	58	1	0.9526324469620362
A0A088MIT0	84	1	0.9525424103645612
A0A088MIT0	123	1	0.9525598556285064
A0A088MIT0	6	0	0.0026523002025305763
A0A088MIT0	98	1	0.3292908240053885
A0A088MIT0	114	0	0.01624255974826903
A0A088MIT0	54	0	0.005704124502246517
A0A088MIT0	67	0	0.00665292613977733
A0A088MIT0	71	1	0.9020789228470789
A0A088MIT0	80	0	0.009384719523634535
A0A088MIT0	93	0	0.00665292613977733
A0A088MIT0	120	0	0.010702440026875119
A0A088MIT0	124	0	0.039697878136303044
A0A2L2DDD0	27	0	0.0030746111190269126
A0A2L2DDD0	36	0	0.0008739240335041033
A0A2L2DDD0	56	1	0.976437840855869
A0A2L2DDD0	6	0	0.0026523002025305763
A0A2L2DDD0	32	0	0.00010089250553521878
A0A2L2DDD0	42	0	0.00010626378370178536
A0A2L2DDD0	53	0	0.0009961165444695662
A0A2L2DDD0	63	0	0.0004030322638229537
A0A2L2DDD0	70	0	0.0010759947526823705
A0A2L2DDD0	81	0	0.00043902293875880156
A0A2L2DDE6	27	0	0.0008739240335041033
A0A2L2DDE6	49	1	0.9814357025305537
A0A2L2DDE6	6	0	0.0026523002025305763
A0A2L2DDE6	32	0	0.00010527981071366095
A0A2L2DDE6	46	0	0.0015347981949314132
A0A2L2DDE6	64	0	0.0005958724444007562
B5LUQ7	27	0	0.005713939317627654
B5LUQ7	46	1	0.9903905861585626
B5LUQ7	65	0	0.005707285985671158
B5LUQ7	70	1	0.9525289932317266
B5LUQ7	77	0	0.0021997795245361023
B5LUQ7	82	1	0.9526315218262399
B5LUQ7	91	0	0.0021997795245361023
B5LUQ7	96	1	0.9526315218262399
B5LUQ7	105	0	0.00403026834099733
B5LUQ7	110	1	0.9526315218262399
B5LUQ7	6	0	0.0032044323556259663
B5LUQ7	119	0	0.0014404574870647612
B5LUQ7	25	0	0.00027779606573284546
B5LUQ7	53	0	0.0018739020894180225
B5LUQ7	61	0	0.0003756319876690214
B5LUQ8	27	0	0.0015798505780352835
B5LUQ8	49	1	0.9903905861585626
B5LUQ8	68	0	0.005707285985671158
B5LUQ8	73	1	0.9525289932317266
B5LUQ8	80	0	0.0021997795245361023
B5LUQ8	85	1	0.9525289932317266
B5LUQ8	92	0	0.0021997795245361023
B5LUQ8	97	1	0.9732428767189271
B5LUQ8	6	0	0.0032044323556259663
B5LUQ8	56	0	0.0012898456578124256
B5LUQ8	64	0	0.0003756319876690214
B5LUQ9	27	0	0.005713939317627654
B5LUQ9	46	1	0.9915940560184916
B5LUQ9	65	0	0.005707285985671158
B5LUQ9	70	1	0.9525289932317266
B5LUQ9	77	0	0.0021997795245361023
B5LUQ9	82	1	0.9526315218262399
B5LUQ9	91	0	0.0021997795245361023
B5LUQ9	96	1	0.9526315218262399
B5LUQ9	105	0	0.00403026834099733
B5LUQ9	110	1	0.9526315218262399
B5LUQ9	119	0	0.00403026834099733
B5LUQ9	124	1	0.9526315218262399
B5LUQ9	6	0	0.002930720291362945
B5LUQ9	25	0	0.00027779606573284546
B5LUQ9	53	0	0.0018739020894180225
B5LUQ9	61	0	0.0003756319876690214
B5LUR0	27	0	0.003356952791964864
B5LUR0	46	1	0.9903905861585626
B5LUR0	65	0	0.005707285985671158
B5LUR0	70	1	0.952618171611783
B5LUR0	78	0	0.003928809417388915
B5LUR0	83	1	0.952618171611783
B5LUR0	91	0	0.003928809417388915
B5LUR0	96	1	0.9525109445886984
B5LUR0	6	0	0.0032044323556259663
B5LUR0	53	0	0.0018739020894180225
B5LUR0	61	0	0.0003756319876690214
B5LUR0	103	0	0.001722524398696966
B5LUR0	106	0	0.0008966210824346228
B5LUR0	99	0	0.01452090128202924
B5LUR1	27	0	0.0015798505780352835
B5LUR1	46	1	0.9903905861585626
B5LUR1	65	0	0.005707285985671158
B5LUR1	70	1	0.952618171611783
B5LUR1	78	0	0.003928809417388915
B5LUR1	83	1	0.952618171611783
B5LUR1	91	0	0.003928809417388915
B5LUR1	6	0	0.0032044323556259663
B5LUR1	53	0	0.0018739020894180225
B5LUR1	61	0	0.0003756319876690214
D4YWD1	35	1	0.9525104444590391
D4YWD1	22	0	0.005498790028645502
D4YWD1	33	0	0.004027473867766525
D4YWD1	14	0	0.0004706015164436669
D4YWD1	41	0	0.005718667187683396
L0L3V3	27	0	0.0057168926886417845
L0L3V3	54	1	0.9915940560184916
L0L3V3	6	0	0.0026523002025305763
L0L3V3	38	0	0.0001522204470585316
L0L3V3	47	0	0.002366461140494816
L0L3V3	66	0	0.005084551841041785
L0L3V3	24	0	0.0010984428978253167
L0PIN3	27	0	0.0006872054552843636
L0PIN3	46	0	0.05148958297949376
L0PIN3	6	0	0.0026523002025305763
L0PIN3	40	0	0.0005297137745951532
L0PIN3	36	0	0.00029459341500755794
L0PIN3	51	0	0.008266368392403434
L0PJV8	27	0	0.005722664338106058
L0PJV8	46	0	0.25139575761635935
L0PJV8	6	0	0.0026523002025305763
L0PJV8	40	0	0.0004017106176082269
L0PJV8	51	0	0.006864593021944391
P31107	27	0	0.0015798505780352835
P31107	45	1	0.9948076687866693
P31107	6	0	0.0026523002025305763
P31107	50	0	0.0006605566250490084
P31107	52	0	0.0010871476091854429
P31107	56	0	0.0004960535029651744
P31107	60	0	0.0007105858393658129
P31107	64	0	0.0008090967310209249
P31107	68	0	0.00048827529775576626
P69019	27	0	0.008452038259481971
P69019	49	1	0.9886880182793975
P69019	68	0	0.008310649795488246
P69019	6	0	0.0026523002025305763
P69019	57	0	0.005713980957553332
P69019	24	0	0.000321945746414921
P79874	46	1	0.9905851523157057
P79874	6	0	0.003587424461986914
P79874	33	0	0.005498790028645502
P79874	56	0	0.0005980394980790618
P79874	26	0	0.0025015128612469136
P79874	39	0	0.0026019865159591336
P83080	73	0	0.005712423673249447
P83080	83	0	0.005722789698544833
P83080	123	1	0.9526386124148485
P83080	120	0	0.0016886858500418955
P83080	4	0	0.004149825508855089
P83080	48	0	0.001616799307174162
P83080	54	0	0.0002823269972219063
P83080	58	0	0.0005992608792694385
P83080	62	0	8.974091871880153e-05
P83080	141	0	0.0005772535668161367
P83080	19	0	0.0014224531606759625
P83080	31	0	0.005708383698962668
P83080	40	0	0.005707865119458999
P83080	43	1	0.9738781955451393
P83080	89	0	0.005703150512381326
P83080	103	0	0.0009950270961488151
P83080	106	0	0.007784968665312097
P83082	83	0	0.005722789698544833
P83082	123	1	0.9526386124148485
P83082	120	0	0.0016886858500418955
P83082	72	0	0.0151158631592751
P83082	4	0	0.004149825508855089
P83082	48	0	0.0008640635375716096
P83082	54	0	0.0001668933180510376
P83082	58	0	0.0002688653151484363
P83082	62	0	0.00020425706241911424
P83082	19	0	0.0057105397735328954
P83082	31	0	0.005708383698962668
P83082	40	0	0.005707865119458999
P83082	43	1	0.9738781955451393
P83082	73	0	0.23707998133043998
P83082	89	0	0.005703150512381326
P83082	103	0	0.0012711210617181552
P83082	106	0	0.005712368302555943
Q571V3	27	0	0.0008739240335041033
Q571V3	46	1	0.981399892633068
Q571V3	6	0	0.0026523002025305763
Q571V3	32	0	0.0001522204470585316
Q571V3	51	0	0.00033893147559081174
Q571V3	53	0	0.00034377403944811056
Q571V3	57	0	0.00023079868664778894
A0A1M4BLT1	27	0	0.007252255179328928
A0A1M4BLT1	48	1	0.9603440563848032
A0A1M4BLT1	6	0	0.0026523002025305763
A0A1M4BLT1	32	0	7.638383309420872e-05
A0A1M4BLT1	40	0	0.0017068370852099811
A0A1M4BLT1	43	0	0.004187806060216914
A0A219CM62	73	0	0.005712423673249447
A0A219CM62	83	0	0.005722789698544833
A0A219CM62	123	1	0.9538176151100813
A0A219CM62	120	0	0.0016886858500418955
A0A219CM62	4	0	0.004225341107247611
A0A219CM62	22	0	0.0004179164274679113
A0A219CM62	54	0	0.0006317427188363417
A0A219CM62	58	0	0.00029647192101236634
A0A219CM62	62	0	0.001081894436484524
A0A219CM62	103	0	0.00022514093924141674
A0A219CM62	134	0	0.0021852059617974064
A0A219CM62	19	0	0.005721982676682263
A0A219CM62	31	0	0.005708383698962668
A0A219CM62	40	0	0.005707865119458999
A0A219CM62	43	1	0.9738781955451393
A0A219CM62	89	0	0.005703150512381326
A0A219CM62	106	0	0.006006687964924626
A0A219CMY0	71	0	0.005706613443969217
A0A219CMY0	81	0	0.005722789698544833
A0A219CMY0	114	1	0.9538176151100813
A0A219CMY0	4	0	0.004225341107247611
A0A219CMY0	41	0	0.0020460851082376155
A0A219CMY0	54	0	0.00222171704436494
A0A219CMY0	58	0	0.0011895966881510186
A0A219CMY0	62	0	0.001081894436484524
A0A219CMY0	111	0	0.0004151829344812655
A0A219CMY0	125	0	0.002626099680519008
A0A219CMY0	19	0	0.0014224531606759625
A0A219CMY0	31	0	0.005708383698962668
A0A219CMY0	40	0	0.01629437588498378
A0A219CMY0	43	1	0.9525735750135387
A0A219CMY0	87	0	0.002333391394675506
A0A219CMY0	101	0	0.0012711210617181552
A0A219CMY0	104	0	0.005712368302555943
A0A2U8JCR5	27	0	0.0015798505780352835
A0A2U8JCR5	44	1	0.9877859136389648
A0A2U8JCR5	6	0	0.003622006669948421
A0A2U8JCR5	48	0	0.000718833733105593
A0A2U8JCR5	52	0	0.0015466081203583913
A0A2U8JCR5	56	0	0.0006485220433688401
A0A5P9K461	45	1	0.9859137166134372
A0A5P9K461	6	0	0.0026523002025305763
A0A5P9K461	25	0	0.00013913800271574326
A0A5P9K461	30	0	0.0002437264534683118
A0A5P9K461	27	0	0.0027659815986180534
A0A5P9K461	41	0	0.0023239740625840975
A0A5P9K470	27	0	0.0015798505780352835
A0A5P9K470	45	1	0.9525232627136593
A0A5P9K470	6	0	0.0026523002025305763
A0A5P9K470	49	0	0.0014664217138829878
A0A5P9K470	53	0	0.0057135346870015365
A0A5P9K470	57	0	0.0011627866956910044
A0A5P9K470	61	0	0.0007299380646712294
A0A5P9NYS6	27	0	0.0015798505780352835
A0A5P9NYS6	43	1	0.9948076687866693
A0A5P9NYS6	6	0	0.0026523002025305763
A0A5P9NYS6	48	0	0.0004596376538890342
A0A5P9NYS6	50	0	0.0006101213929289654
A0A5P9NYS6	54	0	0.0007601608869583079
A0A5P9NYS6	58	0	0.00055902985813477
A0AEI5	42	1	0.9526101785478668
A0AEI5	6	0	0.004823224885035586
A0AEI5	50	0	0.00028208053122886047
A0AEI5	54	0	0.00032596119368163344
A0AEI5	63	0	0.00440370657815136
A0AEI5	67	0	0.0007331778420227315
A0AEI5	26	0	0.005587650093224025
A0AEI5	62	0	0.005250910540017463
A0AEI6	41	1	0.952606871654042
A0AEI6	6	0	0.004823224885035586
A0AEI6	48	0	0.0011208519823833845
A0AEI6	52	0	0.0009095547905738349
A0AEI6	61	0	0.000800035658641285
A0AEI6	65	0	0.00870705752274165
A0AEI6	26	0	0.005587650093224025
A0AEI6	63	0	0.005946171907864545
A8DY01	43	1	0.9525464994143426
A8DY01	6	0	0.004468808946885547
A8DY01	23	0	0.0004583097642919826
A8DY01	35	0	0.0009652088539729522
A8DY01	50	0	0.0004248855418165915
A8DY01	53	0	0.0026777590932100413
A8DY01	59	0	0.0019504412850592677
A8DY01	26	0	0.002126690155620089
A8DY01	34	0	0.005697087738635429
A8DY01	64	0	0.004295582743688598
B3KYH4	35	1	0.9933475925049682
B3KYH4	22	0	0.005498790028645502
B3KYH4	46	0	0.0007854262770278076
B3KYH4	14	0	0.0010459398813226712
B3KYH6	35	1	0.9933475925049682
B3KYH6	22	0	0.005498790028645502
B3KYH6	14	0	0.0010459398813226712
B3VZU0	47	1	0.983176959840494
B3VZU0	6	0	0.003587424461986914
B3VZU0	34	0	0.005715229338693063
B3VZU0	58	0	0.0007703072299562435
B3VZU0	26	0	0.0015424913935989195
B3VZU0	40	0	0.0013207925491805713
B5LUQ3	27	0	0.0017789391941806809
B5LUQ3	49	1	0.9903905861585626
B5LUQ3	68	0	0.005707285985671158
B5LUQ3	73	1	0.9903905861585626
B5LUQ3	6	0	0.0032044323556259663
B5LUQ3	24	0	0.000321945746414921
B5LUQ3	56	0	0.0012898456578124256
B5LUQ3	64	0	0.0003756319876690214
B5LUQ3	80	0	0.0018739020894180225
B5LUQ3	88	0	0.0003756319876690214
B5LUQ4	27	0	0.004341562004054566
B5LUQ4	46	1	0.9903905861585626
B5LUQ4	6	0	0.0032044323556259663
B5LUQ4	24	0	0.0006187529775543429
B5LUQ4	54	0	0.0029579941036942266
B6HY15	27	0	0.0015798505780352835
B6HY15	45	1	0.9744656893451132
B6HY15	6	0	0.0035865511064928674
B6HY15	50	0	0.0007176651977405114
B6HY15	52	0	0.0009173945891178132
B6HY15	56	0	0.00045539673722858124
B6HY15	60	0	0.0003731215669917097
B6HY15	64	0	0.0008090967310209249
B6HY15	68	0	0.00048827529775576626
B6HY16	27	0	0.002187001128419951
B6HY16	45	1	0.9525799005311237
B6HY16	6	0	0.0020681229642840995
B6HY16	56	0	0.001792966259799087
B6HY16	60	0	0.005715942057445502
C3RT17	33	0	0.005717980469223608
C3RT17	46	1	0.9833624908605163
C3RT17	6	0	0.004823224885035586
C3RT17	53	0	0.0008498633895047109
C3RT17	65	0	0.0018036370445392107
C3RT17	26	0	0.0025015128612469136
C3RT18	33	0	0.005717980469223608
C3RT18	46	1	0.9812148246287536
C3RT18	6	0	0.004823224885035586
C3RT18	53	0	0.0013968350457641884
C3RT18	65	0	0.0029664333659131753
C3RT18	26	0	0.0025015128612469136
C3RT22	46	1	0.9525825681892269
C3RT22	6	0	0.004823224885035586
C3RT22	33	0	0.0009391857408842979
C3RT22	61	0	0.0012611946376737263
C3RT22	26	0	0.0023092324822125768
C3RT23	42	1	0.952607638278767
C3RT23	6	0	0.004823224885035586
C3RT23	47	0	0.0016026868784047835
C3RT23	49	0	0.0007182626217778497
C3RT23	57	0	0.0013907091582822098
C3RT23	65	0	0.0006934849657130535
C3RT23	70	0	0.0005624803236673897
C3RT23	26	0	0.004306501932568099
C3RT23	45	0	0.01097631173125151
C3RT24	42	1	0.952607638278767
C3RT24	6	0	0.004823224885035586
C3RT24	47	0	0.005358195268774483
C3RT24	49	0	0.0011028207816149757
C3RT24	57	0	0.0013907091582822098
C3RT24	65	0	0.0011105934414263959
C3RT24	70	0	0.0004205293969071099
C3RT24	26	0	0.0018460345565270875
C3RT24	45	0	0.03371325268723664
C5H0D4	39	1	0.9900383680802629
C5H0D4	6	0	0.0034092564430813683
C5H0D4	35	0	0.00021679471534994136
C5H0D4	46	0	0.0003333680862247112
C5H0D4	50	0	0.0013343573445041494
C5H0D4	54	0	0.001199272106867069
C5H0D4	58	0	0.0005286679491946836
C5H0D4	62	0	0.0005025094095433157
C5H0D4	71	0	0.0004570893493732758
C5H0D4	26	0	0.0015424913935989195
C5H0D6	46	1	0.9950723441660616
C5H0D6	6	0	0.004823224885035586
C5H0D6	33	0	0.005715229338693063
C5H0D6	53	0	0.0010672441400421129
C5H0D6	26	0	0.002838186377261771
C5H0D6	39	0	0.0016146331626647086
C5H0D7	46	1	0.9832855923328309
C5H0D7	6	0	0.003587424461986914
C5H0D7	33	0	0.005498790028645502
C5H0D7	53	0	0.00145422180533764
C5H0D7	26	0	0.002838186377261771
C5H0D7	39	0	0.00280888106028281
C5H0D8	46	1	0.9832855923328309
C5H0D8	6	0	0.003587424461986914
C5H0D8	33	0	0.005498790028645502
C5H0D8	53	0	0.0019815756400272198
C5H0D8	26	0	0.002838186377261771
C5H0D8	39	0	0.00280888106028281
C5J8E3	27	0	0.005553409760848252
C5J8E3	48	1	0.9526076187835667
C5J8E3	6	0	0.003622006669948421
C5J8E3	40	0	0.00570907242183526
C5J8E3	58	1	0.3388313608818056
C5J8E3	50	0	0.005741335067578333
C5J8E3	56	0	0.005708989439250666
D4YWD0	21	0	0.04375197338802495
D4YWD0	34	1	0.9950723441660616
D4YWD0	49	0	0.0005923280086360627
D4YWD0	14	0	0.0010459398813226712
E4Z7G0	26	0	0.0017054433309216348
E4Z7G0	37	0	0.005718549695537436
E4Z7G0	45	0	0.09892507111195258
E4Z7G0	51	1	0.9524684645776302
E4Z7G0	6	0	0.0034092564430813683
E4Z7G0	49	0	0.0003523615468310236
E6ZBE2	26	0	0.04202844085947482
E6ZBE2	35	0	0.005718549695537436
E6ZBE2	44	0	0.005718549695537436
E6ZBE2	53	0	0.005718549695537436
E6ZBE2	62	1	0.2744836395150132
E6ZBE2	64	1	0.9630094081890489
E6ZBE2	6	0	0.0034092564430813683
E7EKC4	47	1	0.9950723441660616
E7EKC4	6	0	0.005720071148818769
E7EKC4	34	0	0.005672425860813767
E7EKC4	62	0	0.0012483610424488334
E7EKC4	66	0	0.0010941546323343522
E7EKC4	26	0	0.0010459398813226712
E7EKC4	40	0	0.0024584374850534184
E7EKD0	46	1	0.9804552516511764
E7EKD0	6	0	0.003587424461986914
E7EKD0	33	0	0.005672425860813767
E7EKD0	58	0	0.005719856950377041
E7EKD0	26	0	0.002838186377261771
E7EKD0	57	0	0.009064514146650254
E7EKD4	43	1	0.9526191097089122
E7EKD4	6	0	0.003587424461986914
E7EKD4	55	0	0.010304125212310862
E7EKD4	33	0	0.006440176580783321
E7EKD4	29	0	0.0006433062673054224
E7EKD4	26	0	0.004742307412616368
F1T149	38	1	0.9686989916230125
F1T149	6	0	0.0037917088711649934
F1T149	43	0	0.0017033771752658178
F1T149	47	0	0.002371866549558048
F1T149	50	0	0.001147890485815908
F1T149	55	0	0.001804318861382133
F1T149	58	0	0.0030668817199417464
F1T149	62	0	0.0007810880946059545
F1T149	79	0	0.0011052427354280576
F1T149	81	0	0.0015328658943512315
F1T149	26	0	0.0023948164446577777
F1T149	70	0	0.005710986164116101
F1T150	38	1	0.9525529228139855
F1T150	6	0	0.0037917088711649934
F1T150	35	0	0.0011007072525082266
F1T150	43	0	0.0009717281878264283
F1T150	47	0	0.0012110105842266584
F1T150	50	0	0.0011939245626167902
F1T150	55	0	0.0034909121480716024
F1T150	58	0	0.004646242698104614
F1T150	62	0	0.0007810880946059545
F1T150	79	0	0.0011052427354280576
F1T150	81	0	0.0015328658943512315
F1T150	26	0	0.0023948164446577777
F1T150	39	0	0.05639657005478804
F1T150	70	0	0.005710986164116101
F1T151	41	1	0.9900383680802629
F1T151	6	0	0.003587424461986914
F1T151	23	0	0.0007910143946938709
F1T151	33	0	0.003443357725316297
F1T151	48	0	0.0007695484924508875
F1T151	52	0	0.0016361294365902202
F1T151	56	0	0.0008395781022895052
F1T151	60	0	0.0008749542807906478
F1T151	64	0	0.0005986976937882894
F1T151	73	0	0.0007606504541719973
F1T151	26	0	0.002126690155620089
F1T152	41	1	0.9708362261627448
F1T152	6	0	0.003587424461986914
F1T152	48	0	0.0006350305583305399
F1T152	52	0	0.0009056850167368713
F1T152	61	0	0.0009716535127895636
F1T152	63	0	0.0006308762082767019
F1T152	65	0	0.0024336341574597077
F1T152	26	0	0.00570824036909152
F1T156	45	1	0.9686989916230125
F1T156	6	0	0.0034092564430813683
F1T156	33	0	0.0004761531766875249
F1T156	39	0	0.0002963997273361806
F1T156	53	0	0.0007806174507910274
F1T156	56	0	0.005715147543870399
F1T156	26	0	0.0029333883221186975
F1T157	45	1	0.964183192368004
F1T157	6	0	0.0034092564430813683
F1T157	33	0	0.0004761531766875249
F1T157	39	0	0.0002963997273361806
F1T157	53	0	0.0007806174507910274
F1T157	56	0	0.005715147543870399
F1T157	26	0	0.0029333883221186975
F7UI84	27	0	0.005722664338106058
F7UI84	46	1	0.9859137166134372
F7UI84	6	0	0.0026523002025305763
F7UI84	41	0	0.00032150163279061594
F7UI84	63	0	0.0014843204070757662
F7UI85	27	0	0.005722664338106058
F7UI85	46	1	0.9859137166134372
F7UI85	6	0	0.0026523002025305763
F7UI85	41	0	0.00032150163279061594
F7UI85	63	0	0.0008994127499718922
F7UI87	27	0	0.005722664338106058
F7UI87	46	1	0.9859137166134372
F7UI87	6	0	0.0026523002025305763
F7UI87	41	0	0.00032150163279061594
F7UI87	63	0	0.0016083782111825883
F7UI88	27	0	0.005722664338106058
F7UI88	48	1	0.9603440563848032
F7UI88	6	0	0.0026523002025305763
F7UI88	32	0	6.239201680846382e-05
F7UI88	40	0	0.0017068370852099811
F7UI88	43	0	0.004187806060216914
G0LWV9	24	0	0.0017054433309216348
G0LWV9	32	0	0.006963297385266274
G0LWV9	40	0	0.09892507111195258
G0LWV9	46	1	0.9526330978104038
G0LWV9	4	0	0.005714515349006248
G0LWV9	49	0	0.0021620757982293492
G3ETQ2	42	1	0.9526434845305279
G3ETQ2	6	0	0.0037917088711649934
G3ETQ2	49	0	0.0004189200021511368
G3ETQ2	52	0	0.0023377763164273433
G3ETQ2	57	0	0.0015939574173629717
G3ETQ2	59	0	0.0005826322090869667
G3ETQ2	26	0	0.0023948164446577777
G3ETQ3	42	1	0.9708362261627448
G3ETQ3	6	0	0.0037917088711649934
G3ETQ3	49	0	0.0006350305583305399
G3ETQ3	53	0	0.0009056850167368713
G3ETQ3	62	0	0.0013115899392656509
G3ETQ3	66	0	0.003517367885805646
G3ETQ3	26	0	0.0023948164446577777
G3ETQ3	64	0	0.004601626398658493
L0P323	25	0	0.04208408577141354
L0P323	30	0	0.002784051527194073
L0P323	39	0	0.005718549695537436
L0P323	48	0	0.005718549695537436
L0P323	57	0	0.17696823530352312
L0P323	59	1	0.9533748168187657
L0P323	6	0	0.003952781974456119
L0P329	27	0	0.007065544243173458
L0P329	49	1	0.9603440563848032
L0P329	6	0	0.0026523002025305763
L0P329	33	0	0.0002213987415761624
L0P329	41	0	0.0017068370852099811
L0P329	44	0	0.004187806060216914
L0P3K3	27	0	0.0015798505780352835
L0P3K3	49	1	0.9603440563848032
L0P3K3	6	0	0.0026523002025305763
L0P3K3	33	0	0.0002213987415761624
L0P3K3	41	0	0.0017068370852099811
L0P3K3	44	0	0.001645356958665161
L0P402	27	0	0.005722664338106058
L0P402	48	1	0.9603440563848032
L0P402	6	0	0.0026523002025305763
L0P402	44	0	0.004869583986439612
L0P402	32	0	6.239201680846382e-05
L0P402	40	0	0.0017068370852099811
M9P2C1	65	0	0.03159385539296426
M9P2C1	76	0	0.17899467283971268
M9P2C1	52	0	0.004149506560714713
M9P2C1	48	0	0.006916657430021468
M9P2C1	51	1	0.7754275287353908
M9P2C1	57	0	0.031119114437646866
M9P2C1	74	0	0.007260122498474606
M9P2C1	80	0	0.002185315440303245
O93454	27	0	0.0014832311101761033
O93454	45	1	0.9525798160179446
O93454	6	0	0.0026523002025305763
O93454	34	0	0.00011756201082495355
O93454	43	0	0.0007962338242634107
P01357	68	0	0.005709800950405059
P01357	85	0	0.0035766099514413386
P01357	100	0	0.0011687733069993987
P01357	147	0	0.005709800950405059
P01357	164	0	0.0011687733069993987
P01357	211	0	0.005709800950405059
P01357	228	0	0.002548140026196932
P01357	41	0	0.0011891277431451393
P01357	44	0	0.0007961510533119021
P01357	48	0	0.00036117800856613714
P01357	120	0	0.0008379624295436947
P01357	123	0	0.0007412028947691114
P01357	127	0	0.00013810834482164177
P01357	184	0	0.0008379624295436947
P01357	187	0	0.0007412028947691114
P01357	191	0	0.00013810834482164177
P01357	30	0	0.003328928144771366
P01357	33	0	0.0057062138827416045
P01357	61	0	0.003822500337422406
P01357	109	0	0.005714234010232515
P01357	112	0	0.0057144996681914246
P01357	140	0	0.003822500337422406
P01357	173	0	0.005711293725483593
P01357	176	0	0.0057144996681914246
P01357	204	0	0.003822500337422406
P05224	68	0	0.005709800950405059
P05224	85	0	0.0035766099514413386
P05224	100	0	0.0011687733069993987
P05224	147	0	0.005709800950405059
P05224	164	0	0.002548140026196932
P05224	41	0	0.0011891277431451393
P05224	44	0	0.0004860318118477707
P05224	48	0	0.00022695752702400133
P05224	120	0	0.0008379624295436947
P05224	123	0	0.0007412028947691114
P05224	127	0	0.00013810834482164177
P05224	30	0	0.003328928144771366
P05224	33	0	0.0057062138827416045
P05224	61	0	0.003822500337422406
P05224	109	0	0.005711293725483593
P05224	112	0	0.0057144996681914246
P05224	140	0	0.003822500337422406
P05226	69	0	0.005709800950405059
P05226	86	0	0.0011687733069993987
P05226	133	0	0.005709800950405059
P05226	150	0	0.0035766099514413386
P05226	165	0	0.0011687733069993987
P05226	212	0	0.005709800950405059
P05226	229	0	0.002548140026196932
P05226	42	0	0.0011891277431451393
P05226	45	0	0.0007412028947691114
P05226	49	0	0.00013810834482164177
P05226	106	0	0.0008379624295436947
P05226	109	0	0.0004860318118477707
P05226	113	0	0.00022695752702400133
P05226	185	0	0.0008379624295436947
P05226	188	0	0.0007412028947691114
P05226	192	0	0.00013810834482164177
P05226	31	0	0.004374833548706219
P05226	34	0	0.0057062138827416045
P05226	62	0	0.003822500337422406
P05226	95	0	0.005711293725483593
P05226	98	0	0.0057144996681914246
P05226	126	0	0.003822500337422406
P05226	174	0	0.005714234010232515
P05226	177	0	0.0057144996681914246
P05226	205	0	0.003822500337422406
P05421	27	0	0.08845848027886392
P05421	47	1	0.9525622588458096
P05421	62	0	0.005703781602748648
P05421	82	1	0.9525622588458096
P05421	97	0	0.005703781602748648
P05421	117	1	0.9525622588458096
P05421	132	0	0.005703781602748648
P05421	152	1	0.9525622588458096
P05421	167	0	0.005703781602748648
P05421	187	1	0.9525622588458096
P05421	6	0	0.0035865511064928674
P05421	59	0	0.003919810858876559
P05421	94	0	0.003919810858876559
P05421	129	0	0.003919810858876559
P05421	164	0	0.003919810858876559
P05421	23	0	0.00025883991584759695
P05421	68	0	0.00028914582298806847
P05421	138	0	0.00028914582298806847
P05422	27	0	0.005722664338106058
P05422	47	1	0.952605374742007
P05422	60	0	0.09557063851113233
P05422	79	1	0.9525622588458096
P05422	94	0	0.08358091211993522
P05422	114	1	0.9525622588458096
P05422	129	0	0.005703781602748648
P05422	149	1	0.9525622588458096
P05422	164	0	0.005703781602748648
P05422	184	1	0.9525622588458096
P05422	6	0	0.0035865511064928674
P05422	91	0	0.003919810858876559
P05422	126	0	0.003919810858876559
P05422	161	0	0.003919810858876559
P05422	23	0	0.00025883991584759695
P05422	58	0	0.00040570172096407556
P05422	135	0	0.00028914582298806847
P0C5W7	46	1	0.9933475925049682
P0C5W7	6	0	0.003587424461986914
P0C5W7	33	0	0.0215700299087186
P0C5W7	57	0	0.0007703072299562435
P0C5W7	26	0	0.0025015128612469136
P0C5W7	39	0	0.0017878277213676397
P11006	61	1	0.9382941046292788
P11006	107	1	0.9525841110956668
P11006	153	1	0.9525841110956668
P11006	199	1	0.9525841110956668
P11006	245	1	0.9525841110956668
P11006	291	1	0.9525841110956668
P11006	93	0	0.0026423589742522575
P11006	139	0	0.0026423589742522575
P11006	185	0	0.0026423589742522575
P11006	231	0	0.0026423589742522575
P11006	277	0	0.0026423589742522575
P11006	300	0	0.022891073554847083
P11006	40	0	0.0013485509173430147
P11006	47	0	0.0004465181679888802
P11006	50	0	0.0017625482952379026
P11006	58	0	0.002941431328046672
P11006	86	0	0.0013485509173430147
P11006	96	0	0.0017625482952379026
P11006	132	0	0.0013485509173430147
P11006	142	0	0.0017625482952379026
P11006	178	0	0.0013485509173430147
P11006	188	0	0.0017625482952379026
P11006	224	0	0.0013485509173430147
P11006	234	0	0.0017625482952379026
P11006	270	0	0.0013485509173430147
P11006	280	0	0.0017625482952379026
P11006	33	0	0.004018904573614263
P11006	36	1	0.9526337744230224
P11006	79	0	0.0037282666119969926
P11006	82	1	0.9526337744230224
P11006	125	0	0.0037282666119969926
P11006	128	1	0.9526337744230224
P11006	171	0	0.0037282666119969926
P11006	174	1	0.9526337744230224
P11006	217	0	0.002586694865942222
P11006	220	1	0.9526337744230224
P11006	263	0	0.0037282666119969926
P11006	266	1	0.9526337744230224
P21850	27	0	0.005722664338106058
P21850	48	1	0.9525622588458096
P21850	77	1	0.9525622588458096
P21850	85	1	0.6900822517180922
P21850	106	1	0.9525622588458096
P21850	121	0	0.016139308643733734
P21850	142	1	0.9525622588458096
P21850	157	0	0.016139308643733734
P21850	178	1	0.9525622588458096
P21850	193	0	0.016139308643733734
P21850	214	1	0.9525622588458096
P21850	6	0	0.0035865511064928674
P21850	118	0	0.0049565009704261006
P21850	154	0	0.0049565009704261006
P21850	190	0	0.0049565009704261006
P21850	23	0	0.00025883991584759695
P21850	61	0	0.00014615017146610726
P21850	56	1	0.6888032536091888
P24302	27	0	0.0015798505780352835
P24302	45	1	0.9877859136389648
P24302	6	0	0.003622006669948421
P24302	54	0	0.001985551330610576
P24302	34	0	8.941242514068161e-05
P24302	49	0	0.0010545108958395762
P24302	64	0	0.001201054577007402
P32412	47	1	0.9950723441660616
P32412	6	0	0.0034092564430813683
P32412	34	0	0.009791158857889223
P32412	62	0	0.0006099513968111637
P32412	66	0	0.0011989549840797763
P32412	26	0	0.0004706015164436669
P39084	46	1	0.9946411326706547
P39084	6	0	0.003587424461986914
P39084	33	0	0.009791158857889223
P39084	53	0	0.0015503103412469028
P39084	26	0	0.0025015128612469136
P39084	39	0	0.0024584374850534184
P69021	27	0	0.008452038259481971
P69021	49	1	0.9886880182793975
P69021	6	0	0.0026523002025305763
P69021	57	0	0.005795604152450137
P69021	24	0	0.000321945746414921
P69031	27	0	0.0018113203906046972
P69031	46	1	0.9877552161336587
P69031	6	0	0.0026523002025305763
P69031	54	0	0.0015845899740846755
P69031	65	0	0.0004869002311916985
P69031	67	0	0.0011840837956519341
P79875	46	1	0.9832855923328309
P79875	6	0	0.003587424461986914
P79875	33	0	0.005715229338693063
P79875	26	0	0.0004706015164436669
P79875	39	0	0.0013207925491805713
P79875	53	0	0.033367846761804064
P79876	46	1	0.9526158439919374
P79876	6	0	0.003587424461986914
P79876	33	0	0.005498790028645502
P79876	53	0	0.0005980394980790618
P79876	26	0	0.0025015128612469136
P79876	39	0	0.0026019865159591336
P80398	43	1	0.9925040699214678
P80398	6	0	0.004823224885035586
P80398	50	0	0.000348153659579846
P80398	54	0	0.005707111869223973
P80398	58	0	0.0009440197456161035
P80398	62	0	0.0005059620862649102
P80398	75	0	0.004483712959848009
P80398	26	0	0.004306501932568099
P81486	27	0	0.0137111091533636
P81486	45	1	0.9898729424284457
P81486	6	0	0.0026523002025305763
P81486	30	0	0.001525588774150717
P81486	49	0	0.0014757311218789467
P81486	53	0	0.0007818808435990368
P81486	57	0	0.0014445321714755793
P81486	61	0	0.0007299380646712294
P81565	27	0	0.005706758908739924
P81565	44	1	0.9526015046486115
P81565	6	0	0.0035865511064928674
P81565	37	0	0.0010494889392698966
P81565	39	0	0.00023844072643577983
P81565	49	0	0.0015724606090496223
P82389	27	0	0.008452038259481971
P82389	49	1	0.9886880182793975
P82389	68	0	0.008310649795488246
P82389	6	0	0.0026523002025305763
P82389	57	0	0.005713980957553332
P82389	24	0	0.000321945746414921
P82390	27	0	0.15158735247858915
P82390	49	1	0.9886880182793975
P82390	68	0	0.010468609497159822
P82390	6	0	0.0026523002025305763
P82390	57	0	0.005713980957553332
P82390	24	0	0.000321945746414921
P83081	73	0	0.005712423673249447
P83081	83	0	0.005722789698544833
P83081	123	1	0.9526386124148485
P83081	120	0	0.0016886858500418955
P83081	4	0	0.004149825508855089
P83081	48	0	0.001616799307174162
P83081	54	0	0.0002823269972219063
P83081	58	0	0.0005992608792694385
P83081	62	0	8.974091871880153e-05
P83081	141	0	0.0005772535668161367
P83081	19	0	0.0014224531606759625
P83081	31	0	0.005708383698962668
P83081	40	0	0.005707865119458999
P83081	43	1	0.9738781955451393
P83081	89	0	0.005703150512381326
P83081	103	0	0.0009950270961488151
P83081	106	0	0.005712368302555943
P83083	73	0	0.005712423673249447
P83083	83	0	0.005722789698544833
P83083	123	1	0.9526386124148485
P83083	120	0	0.0016886858500418955
P83083	4	0	0.004225341107247611
P83083	23	0	0.00022929729290764882
P83083	54	0	0.0005762368033392334
P83083	58	0	0.0003408749886876005
P83083	62	0	0.0005944860555477334
P83083	67	0	0.0008552087526571482
P83083	19	0	0.0014224531606759625
P83083	31	0	0.005708383698962668
P83083	40	0	0.005707865119458999
P83083	43	1	0.9738781955451393
P83083	89	0	0.005703150512381326
P83083	103	0	0.0012711210617181552
P83083	106	0	0.005712368302555943
P83084	73	0	0.1925607429750659
P83084	84	0	0.005722789698544833
P83084	124	1	0.9526386124148485
P83084	121	0	0.0016886858500418955
P83084	4	0	0.004149825508855089
P83084	48	0	0.00149728667456315
P83084	54	0	0.0003619079702140208
P83084	58	0	0.0021715474264958376
P83084	62	0	8.974091871880153e-05
P83084	132	0	0.0035887236520905945
P83084	142	0	0.0005772535668161367
P83084	19	0	0.0057105397735328954
P83084	31	0	0.005708383698962668
P83084	40	0	0.005707865119458999
P83084	43	1	0.9525354598796127
P83084	71	0	0.0057093696857098445
P83084	90	0	0.005703150512381326
P83084	104	0	0.004583506103698596
P83084	107	0	0.01536639462631989
P83455	27	0	0.005701300885513882
P83455	6	0	0.0026523002025305763
P83455	40	0	0.004918431247641684
P83455	52	0	0.060405156343195154
P83455	54	0	0.0018265603594149224
P83455	36	0	0.00027168756853092004
P83719	43	1	0.9810077208887021
P83719	6	0	0.0057043922461440235
P83719	52	0	0.002005462901933157
P83719	57	0	0.002252128489898014
P83719	26	0	0.004112258623337704
P83719	47	0	0.0058448063076954335
P84213	74	0	0.013638078368384935
P84213	58	0	0.0024808230249551795
P84213	80	0	0.0008738694167820481
P84213	103	0	0.0003858333217318401
P84213	8	0	0.0615229753591524
P84213	44	0	0.005718682870392856
P84213	85	0	0.005715472194853742
P84213	88	0	0.005710437852986816
P84213	95	0	0.028754515387696702
P84276	41	1	0.9526130295165859
P84276	6	0	0.00572000892828465
P84276	37	0	0.0003405138802930539
P84276	51	0	0.00035516008019696873
P84276	54	0	0.0010872801999955528
P84276	63	0	0.0009450768008555905
P84276	26	0	0.005712968184779433
P84276	47	0	0.0057204360198849025
P84567	27	0	0.005722664338106058
P84567	46	1	0.9859137166134372
P84567	6	0	0.0026523002025305763
P84567	41	0	0.00032150163279061594
P84572	27	0	0.005722664338106058
P84572	46	1	0.9859137166134372
P84572	6	0	0.0026523002025305763
P84572	41	0	0.0002890006709771541
P84572	63	0	0.0013757749110157003
P84596	27	0	0.0015798505780352835
P84596	45	1	0.9948076687866693
P84596	6	0	0.0026523002025305763
P84596	52	0	0.0009495945189613991
P84596	56	0	0.0003184451031664567
P84596	64	0	0.00048827529775576626
P84899	27	0	0.009071607856350071
P84899	47	1	0.307497224018513
P84899	6	0	0.003622006669948421
P84899	45	0	0.0005790107870233945
P85070	46	1	0.963997877800489
P85070	6	0	0.004332387812015594
P85070	34	0	0.0014562823144507458
P85070	40	0	0.0007232357557103725
P85070	57	0	0.0010084856699902032
P85070	26	0	0.0017319160841077045
P85071	45	1	0.963997877800489
P85071	6	0	0.0024518144431591913
P85071	33	0	0.0014562823144507458
P85071	39	0	0.0007232357557103725
P85071	56	0	0.0011488620703749583
P85882	27	0	0.005722664338106058
P85882	46	1	0.9859137166134372
P85882	6	0	0.0026523002025305763
P85882	32	0	6.239201680846382e-05
P85882	41	0	0.0002890006709771541
P85882	63	0	0.0013757749110157003
P86093	26	0	0.032666316523317224
P86093	44	0	0.008601892669601012
P86093	6	0	0.004823224885035586
P86093	38	0	0.00020966000197467124
P86483	47	0	0.012332217955882907
P86483	8	0	0.0016632613017204252
P86483	38	0	0.00020949138829229246
P86483	26	0	0.009881418039590431
P86483	41	0	0.0020612566867162967
P86994	47	0	0.0006790817085819186
P86994	8	0	0.0005345933342099665
P86994	26	0	0.0020192069836107718
P86994	38	0	0.000385252270892592
Q0VKG8	27	0	0.005701300885513882
Q0VKG8	6	0	0.0026523002025305763
Q0VKG8	40	0	0.00570907242183526
Q0VKG8	52	0	0.025567854833639492
Q0VKG8	36	0	0.00042328678638501037
Q0VKG8	54	0	0.08007677460085393
Q0VTT8	27	0	0.005722664338106058
Q0VTT8	47	1	0.307497224018513
Q0VTT8	6	0	0.0026523002025305763
Q0VTT8	45	0	0.0005790107870233945
Q0VTT9	27	0	0.005722664338106058
Q0VTT9	47	0	0.034027149494897053
Q0VTT9	6	0	0.0026523002025305763
Q0VTT9	45	0	0.00023158019679782546
Q0VTT9	52	0	0.006671915071235248
Q0VTU0	27	0	0.005722664338106058
Q0VTU0	47	1	0.307497224018513
Q0VTU0	6	0	0.0026523002025305763
Q0VTU0	35	0	0.0004436545836466248
Q0VTU0	45	0	0.0005790107870233945
Q0VZ38	27	0	0.005722664338106058
Q0VZ38	46	1	0.988205951365406
Q0VZ38	6	0	0.0026523002025305763
Q0VZ38	41	0	0.00032150163279061594
Q0VZ39	27	0	0.005722664338106058
Q0VZ39	46	1	0.9859137166134372
Q0VZ39	6	0	0.0026523002025305763
Q0VZ39	41	0	0.00032150163279061594
Q0VZ40	27	0	0.005722664338106058
Q0VZ40	46	1	0.9859137166134372
Q0VZ40	6	0	0.0026523002025305763
Q0VZ40	41	0	0.00032150163279061594
Q0VZ40	63	0	0.001050770745051255
Q17UY9	18	0	0.005722664338106058
Q17UY9	37	1	0.9859137166134372
Q17UY9	32	0	0.00032150163279061594
Q1EJP4	22	0	0.0015798505780352835
Q1EJP4	40	1	0.9948076687866693
Q1EJP4	29	0	8.941242514068161e-05
Q1EJP4	47	0	0.0009495945189613991
Q1EJP4	51	0	0.0003184451031664567
Q1EJP4	59	0	0.0007299380646712294
Q1EJP5	27	0	0.0015798505780352835
Q1EJP5	45	1	0.9948076687866693
Q1EJP5	6	0	0.005622558730895892
Q1EJP5	34	0	0.00019091159805806392
Q1EJP5	52	0	0.0009495945189613991
Q1EJP5	56	0	0.0003184451031664567
Q1EJP5	64	0	0.00048827529775576626
Q1EN15	27	0	0.0015798505780352835
Q1EN15	6	0	0.0026523002025305763
Q1EN15	45	1	0.9526697079491268
Q1EN15	50	0	0.0029118691246434367
Q1EN15	65	0	0.005717492656093467
Q1EN15	48	0	0.005711581343986489
Q58T40	73	1	0.819252327242286
Q58T40	83	0	0.005722789698544833
Q58T40	123	1	0.9526386124148485
Q58T40	120	0	0.0016886858500418955
Q58T40	4	0	0.004149825508855089
Q58T40	48	0	0.0008640635375716096
Q58T40	54	0	0.0001668933180510376
Q58T40	58	0	0.0002688653151484363
Q58T40	62	0	0.00020425706241911424
Q58T40	19	0	0.0057105397735328954
Q58T40	31	0	0.005708383698962668
Q58T40	40	0	0.005707865119458999
Q58T40	43	1	0.9738781955451393
Q58T40	71	0	0.004569772296164662
Q58T40	89	0	0.005703150512381326
Q58T40	103	0	0.0012711210617181552
Q58T40	106	0	0.005712368302555943
Q58T41	73	0	0.005712423673249447
Q58T41	83	0	0.005722789698544833
Q58T41	123	1	0.9526386124148485
Q58T41	120	0	0.0016886858500418955
Q58T41	4	0	0.004149825508855089
Q58T41	48	0	0.0031899936972335785
Q58T41	54	0	0.00022502409993465874
Q58T41	58	0	0.000997497402458005
Q58T41	62	0	8.974091871880153e-05
Q58T41	141	0	0.0005772535668161367
Q58T41	19	0	0.0014224531606759625
Q58T41	31	0	0.005708383698962668
Q58T41	40	0	0.005707865119458999
Q58T41	43	1	0.9738781955451393
Q58T41	89	0	0.005703150512381326
Q58T41	103	0	0.0012711210617181552
Q58T41	106	0	0.005712368302555943
Q58T42	73	0	0.005712423673249447
Q58T42	83	0	0.005722789698544833
Q58T42	118	1	0.9526386124148485
Q58T42	4	0	0.004225341107247611
Q58T42	54	0	0.0005762368033392334
Q58T42	58	0	0.0003408749886876005
Q58T42	62	0	0.0005944860555477334
Q58T42	67	0	0.0008552087526571482
Q58T42	115	0	0.0011735342963871702
Q58T42	19	0	0.0057105397735328954
Q58T42	31	0	0.005708383698962668
Q58T42	40	0	0.005707865119458999
Q58T42	43	1	0.9738781955451393
Q58T42	89	0	0.005703150512381326
Q58T42	103	0	0.0012711210617181552
Q58T42	106	0	0.005712368302555943
Q58T43	73	1	0.819252327242286
Q58T43	83	0	0.005722789698544833
Q58T43	123	1	0.9526386124148485
Q58T43	120	0	0.0016886858500418955
Q58T43	4	0	0.004149825508855089
Q58T43	48	0	0.0008640635375716096
Q58T43	54	0	0.0001668933180510376
Q58T43	58	0	0.0002688653151484363
Q58T43	62	0	0.00020425706241911424
Q58T43	141	0	0.0005772535668161367
Q58T43	19	0	0.0057105397735328954
Q58T43	31	0	0.005708383698962668
Q58T43	40	0	0.005707865119458999
Q58T43	43	1	0.9738781955451393
Q58T43	71	0	0.004569772296164662
Q58T43	89	0	0.005703150512381326
Q58T43	103	0	0.0012711210617181552
Q58T43	106	0	0.005712368302555943
Q58T44	73	0	0.005712423673249447
Q58T44	83	0	0.005722789698544833
Q58T44	118	1	0.9526386124148485
Q58T44	4	0	0.005552037359655886
Q58T44	54	0	0.0005762368033392334
Q58T44	58	0	0.0003408749886876005
Q58T44	62	0	0.0005944860555477334
Q58T44	67	0	0.0008552087526571482
Q58T44	115	0	0.0011735342963871702
Q58T44	19	0	0.0057105397735328954
Q58T44	31	0	0.005708383698962668
Q58T44	40	0	0.005707865119458999
Q58T44	43	1	0.9738781955451393
Q58T44	89	0	0.005703150512381326
Q58T44	103	0	0.0012711210617181552
Q58T44	106	0	0.005712368302555943
Q58T45	73	0	0.005705924329058094
Q58T45	83	0	0.005722789698544833
Q58T45	123	1	0.9526386124148485
Q58T45	120	0	0.0016886858500418955
Q58T45	4	0	0.004149825508855089
Q58T45	22	0	0.0004179164274679113
Q58T45	54	0	0.0006317427188363417
Q58T45	58	0	0.00029647192101236634
Q58T45	62	0	0.001081894436484524
Q58T45	19	0	0.005708050529745916
Q58T45	31	0	0.005708383698962668
Q58T45	40	0	0.0026826400229724478
Q58T45	43	1	0.9525197950925011
Q58T45	89	0	0.005703150512381326
Q58T45	103	0	0.0016085792079520774
Q58T45	106	0	0.005712368302555943
Q58T46	73	1	0.819252327242286
Q58T46	83	0	0.005722789698544833
Q58T46	123	1	0.9526386124148485
Q58T46	120	0	0.0016886858500418955
Q58T46	4	0	0.004149825508855089
Q58T46	48	0	0.0008640635375716096
Q58T46	54	0	0.0001668933180510376
Q58T46	58	0	0.0002688653151484363
Q58T46	62	0	0.00020425706241911424
Q58T46	19	0	0.0057105397735328954
Q58T46	31	0	0.005708383698962668
Q58T46	40	0	0.005707865119458999
Q58T46	43	1	0.9738781955451393
Q58T46	71	0	0.004569772296164662
Q58T46	89	0	0.005703150512381326
Q58T46	103	0	0.0012711210617181552
Q58T46	106	0	0.005712368302555943
Q58T48	73	1	0.819252327242286
Q58T48	83	0	0.005722789698544833
Q58T48	123	1	0.9526386124148485
Q58T48	120	0	0.0016886858500418955
Q58T48	4	0	0.004149825508855089
Q58T48	48	0	0.0008640635375716096
Q58T48	54	0	0.0001668933180510376
Q58T48	58	0	0.0002688653151484363
Q58T48	62	0	0.00020425706241911424
Q58T48	19	0	0.0057105397735328954
Q58T48	31	0	0.005708383698962668
Q58T48	40	0	0.005707865119458999
Q58T48	43	1	0.9738781955451393
Q58T48	71	0	0.004569772296164662
Q58T48	89	0	0.005703150512381326
Q58T48	103	0	0.0012711210617181552
Q58T48	106	0	0.005712368302555943
Q58T49	73	0	0.005712423673249447
Q58T49	83	0	0.020329726692182252
Q58T49	123	1	0.9526386124148485
Q58T49	120	0	0.0016886858500418955
Q58T49	4	0	0.004149825508855089
Q58T49	48	0	0.001616799307174162
Q58T49	54	0	0.0002823269972219063
Q58T49	58	0	0.0005992608792694385
Q58T49	62	0	8.974091871880153e-05
Q58T49	141	0	0.0009937799396803036
Q58T49	19	0	0.0014224531606759625
Q58T49	31	0	0.005708383698962668
Q58T49	40	0	0.003415239562922878
Q58T49	43	1	0.9525987853295028
Q58T49	89	0	0.005705233368131504
Q58T49	103	0	0.0012711210617181552
Q58T49	106	0	0.005712368302555943
Q58T52	73	0	0.005712423673249447
Q58T52	83	0	0.005722789698544833
Q58T52	123	1	0.9526386124148485
Q58T52	120	0	0.0016886858500418955
Q58T52	4	0	0.004225341107247611
Q58T52	23	0	0.0002420206725399586
Q58T52	54	0	0.0005762368033392334
Q58T52	58	0	0.0003408749886876005
Q58T52	62	0	0.0005944860555477334
Q58T52	67	0	0.0008552087526571482
Q58T52	19	0	0.0009317565507141684
Q58T52	31	0	0.005708383698962668
Q58T52	40	0	0.005707865119458999
Q58T52	43	1	0.9738781955451393
Q58T52	89	0	0.005703150512381326
Q58T52	103	0	0.0057073236315561705
Q58T52	106	0	0.004940666002080484
Q58T55	73	0	0.02375896282401512
Q58T55	83	0	0.005722789698544833
Q58T55	123	1	0.9526386124148485
Q58T55	120	0	0.0016886858500418955
Q58T55	4	0	0.004149825508855089
Q58T55	22	0	0.0004179164274679113
Q58T55	48	0	0.004972599517881478
Q58T55	54	0	0.00045464682871299174
Q58T55	62	0	0.00015733311046517214
Q58T55	67	0	0.0006565918831154731
Q58T55	19	0	0.005708050529745916
Q58T55	31	0	0.005708383698962668
Q58T55	40	0	0.005707865119458999
Q58T55	43	1	0.9738781955451393
Q58T55	47	0	0.005709216327167686
Q58T55	58	0	0.00571333001747644
Q58T55	89	0	0.0038803935832940287
Q58T55	103	0	0.0012711210617181552
Q58T55	106	0	0.005712368302555943
Q58T61	73	0	0.1925607429750659
Q58T61	83	0	0.005707470687769264
Q58T61	123	1	0.9526386124148485
Q58T61	120	0	0.0016886858500418955
Q58T61	4	0	0.004149825508855089
Q58T61	48	0	0.00149728667456315
Q58T61	54	0	0.0003619079702140208
Q58T61	58	0	0.0021715474264958376
Q58T61	62	0	8.974091871880153e-05
Q58T61	131	0	0.0035887236520905945
Q58T61	141	0	0.0005772535668161367
Q58T61	19	0	0.0057105397735328954
Q58T61	31	0	0.005708383698962668
Q58T61	40	0	0.005707865119458999
Q58T61	43	1	0.9525354598796127
Q58T61	71	0	0.0057093696857098445
Q58T61	89	0	0.005703150512381326
Q58T61	103	0	0.0012711210617181552
Q58T61	106	0	0.005712368302555943
Q58T62	73	0	0.005712423673249447
Q58T62	83	0	0.005722789698544833
Q58T62	118	1	0.9526386124148485
Q58T62	4	0	0.004149825508855089
Q58T62	54	0	0.0005762368033392334
Q58T62	58	0	0.0003408749886876005
Q58T62	62	0	0.0005944860555477334
Q58T62	67	0	0.0008552087526571482
Q58T62	115	0	0.0011735342963871702
Q58T62	19	0	0.0057105397735328954
Q58T62	31	0	0.005708383698962668
Q58T62	40	0	0.005707865119458999
Q58T62	43	1	0.9738781955451393
Q58T62	89	0	0.005703150512381326
Q58T62	103	0	0.0012711210617181552
Q58T62	106	0	0.005712368302555943
Q58T64	73	1	0.819252327242286
Q58T64	83	0	0.005722789698544833
Q58T64	123	1	0.9526386124148485
Q58T64	120	0	0.0016886858500418955
Q58T64	4	0	0.004592397429576983
Q58T64	48	0	0.0008640635375716096
Q58T64	54	0	0.0001668933180510376
Q58T64	58	0	0.0002688653151484363
Q58T64	62	0	0.00020425706241911424
Q58T64	112	0	0.0007270795527038296
Q58T64	19	0	0.0057105397735328954
Q58T64	31	0	0.005708383698962668
Q58T64	40	0	0.005707865119458999
Q58T64	43	1	0.9738781955451393
Q58T64	71	0	0.004569772296164662
Q58T64	89	0	0.0038803935832940287
Q58T64	103	0	0.0012711210617181552
Q58T64	106	0	0.005712368302555943
Q58T65	74	1	0.819252327242286
Q58T65	84	0	0.005722789698544833
Q58T65	124	1	0.9526386124148485
Q58T65	121	0	0.0016886858500418955
Q58T65	4	0	0.004149825508855089
Q58T65	49	0	0.0008640635375716096
Q58T65	55	0	0.0001668933180510376
Q58T65	59	0	0.0002688653151484363
Q58T65	63	0	0.00020425706241911424
Q58T65	19	0	0.0057105397735328954
Q58T65	31	0	0.005708383698962668
Q58T65	41	0	0.005707865119458999
Q58T65	44	1	0.9738781955451393
Q58T65	72	0	0.004569772296164662
Q58T65	90	0	0.005703150512381326
Q58T65	104	0	0.0012711210617181552
Q58T65	107	0	0.005712368302555943
Q58T68	74	1	0.6666547778521208
Q58T68	84	0	0.005722789698544833
Q58T68	124	1	0.9526386124148485
Q58T68	121	0	0.0016886858500418955
Q58T68	4	0	0.004149825508855089
Q58T68	49	0	0.0008640635375716096
Q58T68	55	0	0.0001668933180510376
Q58T68	59	0	0.0002688653151484363
Q58T68	63	0	0.00020425706241911424
Q58T68	19	0	0.0057105397735328954
Q58T68	31	0	0.005708383698962668
Q58T68	41	0	0.005707865119458999
Q58T68	44	1	0.9738781955451393
Q58T68	72	0	0.0057115684278709125
Q58T68	90	0	0.005703150512381326
Q58T68	104	0	0.0012711210617181552
Q58T68	107	0	0.005712368302555943
Q58T69	74	1	0.819252327242286
Q58T69	84	0	0.005722789698544833
Q58T69	124	1	0.9526386124148485
Q58T69	121	0	0.0016886858500418955
Q58T69	4	0	0.004149825508855089
Q58T69	49	0	0.0008640635375716096
Q58T69	55	0	0.0001668933180510376
Q58T69	59	0	0.0002688653151484363
Q58T69	63	0	0.00020425706241911424
Q58T69	19	0	0.0057105397735328954
Q58T69	31	0	0.005708383698962668
Q58T69	41	0	0.005707865119458999
Q58T69	44	1	0.9738781955451393
Q58T69	72	0	0.004569772296164662
Q58T69	90	0	0.005703150512381326
Q58T69	104	0	0.0012711210617181552
Q58T69	107	0	0.005712368302555943
Q58T70	74	1	0.819252327242286
Q58T70	84	0	0.005722789698544833
Q58T70	124	1	0.9526386124148485
Q58T70	121	0	0.0016886858500418955
Q58T70	4	0	0.004149825508855089
Q58T70	49	0	0.0008640635375716096
Q58T70	55	0	0.0001668933180510376
Q58T70	59	0	0.0002688653151484363
Q58T70	63	0	0.00020425706241911424
Q58T70	19	0	0.0057105397735328954
Q58T70	31	0	0.005708383698962668
Q58T70	41	0	0.005707865119458999
Q58T70	44	1	0.9738781955451393
Q58T70	72	0	0.004569772296164662
Q58T70	90	0	0.005703150512381326
Q58T70	104	0	0.0009950270961488151
Q58T70	107	0	0.005712368302555943
Q58T74	73	0	0.005712423673249447
Q58T74	83	0	0.005722789698544833
Q58T74	123	1	0.9526386124148485
Q58T74	120	0	0.0016886858500418955
Q58T74	4	0	0.004149825508855089
Q58T74	48	0	0.00149728667456315
Q58T74	54	0	0.0002823269972219063
Q58T74	58	0	0.0005992608792694385
Q58T74	62	0	8.974091871880153e-05
Q58T74	141	0	0.0005772535668161367
Q58T74	19	0	0.0014224531606759625
Q58T74	31	0	0.005708383698962668
Q58T74	40	0	0.005707865119458999
Q58T74	43	1	0.9738781955451393
Q58T74	89	0	0.005703150512381326
Q58T74	103	0	0.0009950270961488151
Q58T74	106	0	0.005712368302555943
Q58T77	73	0	0.005712423673249447
Q58T77	83	0	0.005722789698544833
Q58T77	118	1	0.9526386124148485
Q58T77	4	0	0.004149825508855089
Q58T77	54	0	0.0005762368033392334
Q58T77	58	0	0.0003408749886876005
Q58T77	62	0	0.0005944860555477334
Q58T77	67	0	0.0008552087526571482
Q58T77	115	0	0.0011735342963871702
Q58T77	19	0	0.0057105397735328954
Q58T77	31	0	0.005708383698962668
Q58T77	40	0	0.005707865119458999
Q58T77	43	1	0.9738781955451393
Q58T77	89	0	0.0038803935832940287
Q58T77	103	0	0.0012711210617181552
Q58T77	106	0	0.005712368302555943
Q58T79	73	0	0.005712423673249447
Q58T79	83	0	0.005722789698544833
Q58T79	123	1	0.9526386124148485
Q58T79	120	0	0.0016886858500418955
Q58T79	20	0	0.005714584445212009
Q58T79	4	0	0.004225341107247611
Q58T79	23	0	0.0005297761182233366
Q58T79	54	0	0.0005762368033392334
Q58T79	58	0	0.0003408749886876005
Q58T79	62	0	0.0005944860555477334
Q58T79	67	0	0.0008552087526571482
Q58T79	31	0	0.005708383698962668
Q58T79	40	0	0.005707865119458999
Q58T79	43	1	0.9738781955451393
Q58T79	89	0	0.005703150512381326
Q58T79	103	0	0.0012711210617181552
Q58T79	106	0	0.005712368302555943
Q58T80	73	1	0.819252327242286
Q58T80	83	0	0.005722789698544833
Q58T80	123	1	0.9526386124148485
Q58T80	120	0	0.0016886858500418955
Q58T80	4	0	0.004149825508855089
Q58T80	48	0	0.0008640635375716096
Q58T80	54	0	0.0001668933180510376
Q58T80	58	0	0.0002688653151484363
Q58T80	62	0	0.00020425706241911424
Q58T80	19	0	0.0057105397735328954
Q58T80	31	0	0.005708383698962668
Q58T80	40	0	0.005707865119458999
Q58T80	43	1	0.9738781955451393
Q58T80	71	0	0.004569772296164662
Q58T80	89	0	0.005703150512381326
Q58T80	103	0	0.0012711210617181552
Q58T80	106	0	0.005712368302555943
Q58T83	73	1	0.819252327242286
Q58T83	83	0	0.005722789698544833
Q58T83	123	1	0.9526386124148485
Q58T83	120	0	0.0016886858500418955
Q58T83	4	0	0.004149825508855089
Q58T83	48	0	0.0008640635375716096
Q58T83	54	0	0.0001668933180510376
Q58T83	58	0	0.0002688653151484363
Q58T83	62	0	0.00020425706241911424
Q58T83	19	0	0.0057105397735328954
Q58T83	31	0	0.005708383698962668
Q58T83	40	0	0.005707865119458999
Q58T83	43	1	0.9738781955451393
Q58T83	71	0	0.004569772296164662
Q58T83	89	0	0.005703150512381326
Q58T83	103	0	0.0012711210617181552
Q58T83	106	0	0.005712368302555943
Q58T86	73	0	0.005712423673249447
Q58T86	83	0	0.020329726692182252
Q58T86	123	1	0.9526386124148485
Q58T86	120	0	0.0016886858500418955
Q58T86	4	0	0.004149825508855089
Q58T86	48	0	0.001616799307174162
Q58T86	54	0	0.0002823269972219063
Q58T86	58	0	0.0005992608792694385
Q58T86	62	0	8.974091871880153e-05
Q58T86	141	0	0.0009937799396803036
Q58T86	19	0	0.0014224531606759625
Q58T86	31	0	0.005708383698962668
Q58T86	40	0	0.005707865119458999
Q58T86	43	1	0.9738781955451393
Q58T86	89	0	0.005705233368131504
Q58T86	103	0	0.0012711210617181552
Q58T86	106	0	0.005712368302555943
Q58T87	73	0	0.005712423673249447
Q58T87	83	0	0.04950750464494642
Q58T87	123	1	0.9526428899159493
Q58T87	120	0	0.004366731220519143
Q58T87	4	0	0.004149825508855089
Q58T87	48	0	0.001616799307174162
Q58T87	54	0	0.0002823269972219063
Q58T87	58	0	0.0005992608792694385
Q58T87	62	0	8.974091871880153e-05
Q58T87	141	0	0.0009937799396803036
Q58T87	19	0	0.0014224531606759625
Q58T87	31	0	0.005708383698962668
Q58T87	40	0	0.005707865119458999
Q58T87	43	1	0.9738781955451393
Q58T87	89	0	0.02406955264145329
Q58T87	103	0	0.0012711210617181552
Q58T87	106	0	0.001956568306589024
Q800R2	27	0	0.005711443942576195
Q800R2	49	1	0.9903905861585626
Q800R2	6	0	0.0032044323556259663
Q800R2	60	0	0.0022835848697980395
Q800R4	44	1	0.9915940560184916
Q800R4	6	0	0.0026523002025305763
Q800R4	26	0	0.0005797540695143766
Q800R4	34	0	0.00011756201082495355
Q800R4	52	0	0.0026488989205898533
Q800R4	56	0	0.0008422756436315146
Q8JHE1	73	1	0.819252327242286
Q8JHE1	83	0	0.005707470687769264
Q8JHE1	123	1	0.9526386124148485
Q8JHE1	120	0	0.0016886858500418955
Q8JHE1	4	0	0.005552037359655886
Q8JHE1	48	0	0.0008640635375716096
Q8JHE1	54	0	0.0001668933180510376
Q8JHE1	58	0	0.0002688653151484363
Q8JHE1	62	0	0.00020425706241911424
Q8JHE1	19	0	0.0057105397735328954
Q8JHE1	31	0	0.005708383698962668
Q8JHE1	40	0	0.005707865119458999
Q8JHE1	43	1	0.9738781955451393
Q8JHE1	71	0	0.004569772296164662
Q8JHE1	89	0	0.005703150512381326
Q8JHE1	103	0	0.0012711210617181552
Q8JHE1	106	0	0.005712368302555943
Q90W78	26	0	0.0017054433309216348
Q90W78	37	0	0.08597471585555704
Q90W78	48	1	0.9525888431108906
Q90W78	6	0	0.0034092564430813683
Q90W78	54	0	0.004176618386510065
Q90W78	65	0	0.0057118935687120575
Q90W78	67	0	0.004502369923886795
Q90W78	43	0	0.0030710938628654297
Q90W78	64	0	0.013409892610838707
Q90WP7	43	1	0.9525323207847717
Q90WP7	6	0	0.003587424461986914
Q90WP7	51	0	0.002005462901933157
Q90WP7	56	0	0.0032528501033027915
Q90WP7	26	0	0.0014510644262472048
Q90WP7	46	0	0.04409414422433442
Q91826	35	1	0.9525619605937271
Q91826	43	0	0.0002927212304833037
Q91826	50	0	0.0004008454601312386
Q91826	53	0	0.0037300988964832182
Q91826	57	0	0.0025210928800334137
Q91826	38	0	0.005704463272839657
Q99134	35	1	0.9525619605937271
Q99134	43	0	0.0002927212304833037
Q99134	50	0	0.0004008454601312386
Q99134	53	0	0.0037300988964832182
Q99134	57	0	0.0025210928800334137
Q99134	38	0	0.005704463272839657
Q9DET7	73	0	0.005712423673249447
Q9DET7	83	0	0.005722789698544833
Q9DET7	123	1	0.9526386124148485
Q9DET7	120	0	0.0016886858500418955
Q9DET7	4	0	0.004149825508855089
Q9DET7	22	0	0.0004179164274679113
Q9DET7	54	0	0.0006317427188363417
Q9DET7	58	0	0.00029647192101236634
Q9DET7	62	0	0.001081894436484524
Q9DET7	19	0	0.005721982676682263
Q9DET7	31	0	0.005708383698962668
Q9DET7	40	0	0.005707865119458999
Q9DET7	43	1	0.9738781955451393
Q9DET7	89	0	0.005703150512381326
Q9DET7	106	0	0.005709739974175398
Q9DET7	134	0	0.04808368171356681
Q9DET7	137	0	0.03317020421105004
Q9PT75	27	0	0.0038824776277246315
Q9PT75	44	1	0.9714523754402332
Q9PT75	6	0	0.0026523002025305763
Q9PT75	51	0	0.0019837603877285335
Q9PT75	62	0	0.002179939665909205
Q9PT75	70	0	0.0011462026865629621
A0A088MI62	35	0	0.009071607856350071
A0A088MI62	50	1	0.9526324469620362
A0A088MI62	6	0	0.0026523002025305763
A0A088MI62	27	0	0.000421287022519766
A0A193H329	27	0	0.0008739240335041033
A0A193H329	45	1	0.9525366775407511
A0A193H329	6	0	0.005560116222331596
A0A193H329	52	0	0.0019005040210572821
A0A193H329	56	0	0.0027143521049320593
A0A193H329	60	0	0.00048827529775576626
A0A193H361	27	0	0.0008739240335041033
A0A193H361	45	1	0.9525366775407511
A0A193H361	6	0	0.005712522401520031
A0A193H361	52	0	0.0014835341588887102
A0A193H361	56	0	0.0027143521049320593
A0A193H361	60	0	0.00048827529775576626
A0A193H362	27	0	0.0008739240335041033
A0A193H362	45	1	0.9525366775407511
A0A193H362	6	0	0.0026523002025305763
A0A193H362	52	0	0.0019005040210572821
A0A193H362	56	0	0.0035479920903302782
A0A193H365	27	0	0.0008739240335041033
A0A193H365	45	1	0.9525366775407511
A0A193H365	6	0	0.005712522401520031
A0A193H365	52	0	0.0014340531587079199
A0A193H365	56	0	0.003033934959219125
A0A193H365	60	0	0.0014861664889163277
A0A193H395	27	0	0.004759777608296917
A0A193H395	44	1	0.9525366775407511
A0A193H395	6	0	0.0026523002025305763
A0A193H395	51	0	0.004085128405098676
A0A193H395	55	0	0.0011965704531925355
A0A193H395	63	0	0.0013695122120121102
A0A193H396	27	0	0.0008739240335041033
A0A193H396	45	1	0.9525366775407511
A0A193H396	6	0	0.005704431534166911
A0A193H396	56	0	0.003033934959219125
A0A193H396	60	0	0.0014861664889163277
A0A193H397	27	0	0.0008739240335041033
A0A193H397	45	1	0.9525366775407511
A0A193H397	6	0	0.0026523002025305763
A0A193H397	52	0	0.0014340531587079199
A0A193H397	56	0	0.003033934959219125
A0A193H397	60	0	0.0014861664889163277
A0A5P9K6A8	27	0	0.0015798505780352835
A0A5P9K6A8	6	0	0.0026523002025305763
A0A5P9K6A8	45	1	0.952610186865424
A0A5P9K6A8	52	0	0.0005596796110714322
A0A5P9K6A8	60	0	0.005715942057445502
A0A5P9K9Z4	27	0	0.0015798505780352835
A0A5P9K9Z4	6	0	0.0026523002025305763
A0A5P9K9Z4	45	1	0.952610186865424
A0A5P9K9Z4	52	0	0.0005596796110714322
A0A5P9K9Z4	60	0	0.005715942057445502
A0A5Q0MU22	27	0	0.007065544243173458
A0A5Q0MU22	49	1	0.9603440563848032
A0A5Q0MU22	6	0	0.0026523002025305763
A0A5Q0MU22	33	0	0.0002213987415761624
A0A5Q0MU22	41	0	0.002793323373009285
A0A5Q0MU22	44	0	0.0023896268206300133
A0SN38	46	1	0.9950723441660616
A0SN38	6	0	0.0034092564430813683
A0SN38	34	0	0.0004306413927142494
A0SN38	61	0	0.0006818553056479379
A0SN38	65	0	0.0012939647506846667
A0SN38	26	0	0.0017319160841077045
A0SN42	46	1	0.9950723441660616
A0SN42	6	0	0.003587424461986914
A0SN42	34	0	0.0004306413927142494
A0SN42	61	0	0.0006818553056479379
A0SN42	65	0	0.0012939647506846667
A0SN42	26	0	0.0010459398813226712
A0SN45	46	1	0.9950723441660616
A0SN45	6	0	0.003587424461986914
A0SN45	33	0	0.005498790028645502
A0SN45	53	0	0.0019815756400272198
A0SN45	26	0	0.002838186377261771
A0SN45	39	0	0.00280888106028281
A6MWS7	41	1	0.9526131285520546
A6MWS7	50	0	0.0018420986125716357
A6MWS7	36	0	0.005712349025400653
A6MWS9	41	1	0.9526131285520546
A6MWS9	50	0	0.0018806553854754436
A6MWS9	36	0	0.005712349025400653
A7WNV3	46	1	0.9950723441660616
A7WNV3	6	0	0.005240914298736868
A7WNV3	33	0	0.005498790028645502
A7WNV3	61	0	0.0006099513968111637
A7WNV3	26	0	0.0025015128612469136
A7WNV4	46	1	0.9950723441660616
A7WNV4	6	0	0.0034092564430813683
A7WNV4	33	0	0.005498790028645502
A7WNV4	57	0	0.006561737482803297
A7WNV4	61	0	0.0006099513968111637
A7WNV4	26	0	0.0025015128612469136
A7WNV5	41	1	0.9525754244946453
A7WNV5	6	0	0.005240914298736868
A7WNV5	37	0	0.0004049916282317047
A7WNV5	48	0	0.0017967093251589812
A7WNV5	52	0	0.001048710365394715
A7WNV5	56	0	0.00036125989735996726
A7WNV5	60	0	0.0011054891183934201
A7WNV5	64	0	0.0005800055356825622
A7WNV5	73	0	0.0037629449921622255
A7WNV5	26	0	0.005712968184779433
A7WNV6	43	1	0.9917851676903743
A7WNV6	6	0	0.005240914298736868
A7WNV6	50	0	0.0004102979463774409
A7WNV6	54	0	0.0009623960792793301
A7WNV6	63	0	0.0009716535127895636
A7WNV6	65	0	0.0006308762082767019
A7WNV6	67	0	0.0007602596434485703
A7WNV6	26	0	0.005587650093224025
A7WNV7	47	1	0.9950723441660616
A7WNV7	6	0	0.005713601045940187
A7WNV7	34	0	0.005672425860813767
A7WNV7	54	0	0.002185787799270789
A7WNV7	26	0	0.0004706015164436669
A8B5P0	43	1	0.9525464994143426
A8B5P0	6	0	0.004468808946885547
A8B5P0	23	0	0.0004583097642919826
A8B5P0	35	0	0.0009652088539729522
A8B5P0	50	0	0.0004248855418165915
A8B5P0	53	0	0.0026777590932100413
A8B5P0	59	0	0.00246273383485416
A8B5P0	26	0	0.002126690155620089
A8B5P0	34	0	0.005697087738635429
A8B5P0	64	0	0.004295582743688598
B3VZU2	47	1	0.9832855923328309
B3VZU2	6	0	0.003587424461986914
B3VZU2	34	0	0.005672425860813767
B3VZU2	56	0	0.001069723680077662
B3VZU2	26	0	0.0004706015164436669
B3VZU2	40	0	0.0017878277213676397
B3VZU4	47	1	0.9850005238561769
B3VZU4	6	0	0.003587424461986914
B3VZU4	34	0	0.005672425860813767
B3VZU4	26	0	0.0004706015164436669
B3VZU4	40	0	0.007147411843399713
B5A9S9	46	1	0.9844285815096472
B5A9S9	6	0	0.003587424461986914
B5A9S9	33	0	0.0215700299087186
B5A9S9	26	0	0.0025015128612469136
B5A9S9	39	0	0.0017878277213676397
B5A9T1	6	0	0.003587424461986914
B5A9T1	34	0	0.005721901192329474
B5A9T1	56	0	0.034980795431123785
B5A9T1	18	0	0.0019619309005838572
B5A9T1	61	0	0.001198436983017578
B5A9T1	26	0	0.0015424913935989195
B5A9T1	47	1	0.952613250509621
B5A9T1	52	0	0.005585777234970223
B5A9T1	60	0	0.001698470971713157
B5LUQ6	27	0	0.006116460854467167
B5LUQ6	51	1	0.9866278322117327
B5LUQ6	6	0	0.0032044323556259663
B5LUQ6	30	0	0.0002334266881598829
B5LUQ6	46	0	0.002864156853589927
B6HY14	27	0	0.0015798505780352835
B6HY14	45	1	0.9775891018435563
B6HY14	6	0	0.0035865511064928674
B6HY14	53	0	0.005719699650133653
B6HY14	56	0	0.0005205734533758994
B6HY14	60	0	0.002059347887803939
C0HJF6	27	0	0.005701300885513882
C0HJF6	6	0	0.003622006669948421
C0HJF6	40	0	0.00570907242183526
C0HJF6	52	1	0.2946533881925337
C0HJF6	54	0	0.005459562929259803
C0HJZ6	27	0	0.005462323493729543
C0HJZ6	41	1	0.9634417914305181
C0HJZ6	6	0	0.0026523002025305763
C0HJZ6	48	0	0.0013682378312075527
C0HJZ6	52	0	0.0007978561858278461
C0HJZ6	61	0	0.0005230512945216252
C0HJZ7	27	0	0.005462323493729543
C0HJZ7	41	1	0.9634417914305181
C0HJZ7	6	0	0.0026523002025305763
C0HJZ7	48	0	0.0013682378312075527
C0HJZ7	52	0	0.0007978561858278461
C0HJZ7	61	0	0.0005989853896501522
C0HJZ8	27	0	0.005462323493729543
C0HJZ8	41	1	0.9526531617450329
C0HJZ8	6	0	0.0026523002025305763
C0HJZ8	48	0	0.0040820291064376825
C0HJZ8	52	0	0.0003979479294866051
C0HJZ8	61	0	0.0005403825240310463
C0HJZ9	27	0	0.005462323493729543
C0HJZ9	41	1	0.9634417914305181
C0HJZ9	6	0	0.0026523002025305763
C0HJZ9	48	0	0.0040820291064376825
C0HJZ9	52	0	0.0007578948565233321
C0HJZ9	61	0	0.0005230512945216252
C0HK00	27	0	0.005462323493729543
C0HK00	41	1	0.9634417914305181
C0HK00	6	0	0.0026523002025305763
C0HK00	48	0	0.0013682378312075527
C0HK00	61	0	0.0005230512945216252
C0HK00	52	0	0.011468327601391414
C0HK01	27	0	0.005462323493729543
C0HK01	41	1	0.9634417914305181
C0HK01	6	0	0.0026523002025305763
C0HK01	48	0	0.0040820291064376825
C0HK01	52	0	0.0007578948565233321
C0HK01	61	0	0.0004190339035312441
C0HK01	65	0	0.0003150806092524612
C0HK01	70	0	0.000515952898346158
C0HK02	27	0	0.005462323493729543
C0HK02	41	1	0.9634417914305181
C0HK02	6	0	0.0026523002025305763
C0HK02	48	0	0.0040820291064376825
C0HK02	52	0	0.0007578948565233321
C0HK02	61	0	0.0005230512945216252
C0HK02	65	0	0.0003150806092524612
C0HK02	70	0	0.000515952898346158
C0HK03	27	0	0.005462323493729543
C0HK03	41	1	0.9634417914305181
C0HK03	6	0	0.0026523002025305763
C0HK03	48	0	0.0040820291064376825
C0HK03	52	0	0.0007578948565233321
C0HK03	61	0	0.0005230512945216252
C0HK03	65	0	0.0003150806092524612
C0HK03	70	0	0.000515952898346158
C0HK03	57	0	0.048242349183093974
C4N9P6	47	1	0.9718361481150182
C4N9P6	6	0	0.004340442633313714
C4N9P6	34	0	0.005721901192329474
C4N9P6	54	0	0.0019494761248002742
C4N9P6	58	0	0.002050897304504703
C4N9P6	26	0	0.000561069453920723
C4N9P6	40	0	0.001845775187916847
C4N9P6	50	0	0.008067740267811981
C5H0C7	44	1	0.9532868892614565
C5H0C7	6	0	0.005711856058429639
C5H0C7	26	0	0.002276953900628953
C5H0C7	56	0	0.04862113766758749
C5H0D9	46	1	0.9832855923328309
C5H0D9	6	0	0.003587424461986914
C5H0D9	33	0	0.005715229338693063
C5H0D9	53	0	0.00145422180533764
C5H0D9	26	0	0.002838186377261771
C5H0D9	39	0	0.0016146331626647086
C5H0E0	46	1	0.9832855923328309
C5H0E0	6	0	0.004340442633313714
C5H0E0	33	0	0.005498790028645502
C5H0E0	53	0	0.0019815756400272198
C5H0E0	26	0	0.002838186377261771
C5H0E0	39	0	0.00280888106028281
C5H0E1	46	1	0.9832855923328309
C5H0E1	6	0	0.003587424461986914
C5H0E1	33	0	0.005498790028645502
C5H0E1	53	0	0.00145422180533764
C5H0E1	26	0	0.002838186377261771
C5H0E1	39	0	0.00280888106028281
C5H0E2	46	1	0.9832855923328309
C5H0E2	6	0	0.003587424461986914
C5H0E2	33	0	0.005715229338693063
C5H0E2	53	0	0.0019815756400272198
C5H0E2	26	0	0.002838186377261771
C5H0E2	39	0	0.0016146331626647086
E1AWD4	45	1	0.9933475925049682
E1AWD4	6	0	0.004823224885035586
E1AWD4	33	0	0.0004306413927142494
E1AWD4	52	0	0.00016910623751976753
E1AWD4	64	0	0.0012939647506846667
E1AWD4	26	0	0.002838186377261771
E1AWD5	45	1	0.9950723441660616
E1AWD5	6	0	0.005711123837063513
E1AWD5	33	0	0.0004306413927142494
E1AWD5	60	0	0.0008644982990601606
E1AWD5	64	0	0.0011394926311560872
E1AWD5	26	0	0.002838186377261771
E1AWD6	41	1	0.9925040699214678
E1AWD6	6	0	0.004332387812015594
E1AWD6	46	0	0.0004761296834328997
E1AWD6	48	0	0.00038078291658699264
E1AWD6	69	0	0.0012384562410672644
E1AWD6	26	0	0.0015424913935989195
E1AWD6	56	0	0.005714711750537899
E1AWD7	45	1	0.9950723441660616
E1AWD7	6	0	0.003587424461986914
E1AWD7	33	0	0.0004306413927142494
E1AWD7	55	0	0.0011818440621257683
E1AWD7	26	0	0.002838186377261771
E1AWD7	38	0	0.0017384129009499845
E1AWD8	45	1	0.9832855923328309
E1AWD8	6	0	0.0037917088711649934
E1AWD8	33	0	0.0004306413927142494
E1AWD8	52	0	0.0019815756400272198
E1AWD8	26	0	0.002838186377261771
E1AWD8	38	0	0.0019069506932064449
E1AXF5	41	1	0.9903905861585626
E1AXF5	6	0	0.004823224885035586
E1AXF5	48	0	0.0017951136335924334
E1AXF5	69	0	0.0012978236879118527
E1AXF5	26	0	0.0015424913935989195
E1AXF6	39	1	0.9900383680802629
E1AXF6	6	0	0.0048249468766135666
E1AXF6	35	0	0.00021679471534994136
E1AXF6	46	0	0.0003333680862247112
E1AXF6	50	0	0.0013343573445041494
E1AXF6	54	0	0.001199272106867069
E1AXF6	58	0	0.0005286679491946836
E1AXF6	62	0	0.0005025094095433157
E1AXF6	71	0	0.0004570893493732758
E1AXF6	26	0	0.0015424913935989195
E1B230	39	1	0.9575442234721707
E1B230	6	0	0.004332387812015594
E1B230	46	0	0.00038519787328281893
E1B230	50	0	0.0013343573445041494
E1B230	54	0	0.001199272106867069
E1B230	58	0	0.0005286679491946836
E1B230	62	0	0.0005025094095433157
E1B230	71	0	0.0007910208282227758
E1B230	73	0	0.0005545684923508408
E1B230	26	0	0.004306501932568099
E1B231	41	1	0.9965415361012725
E1B231	6	0	0.0048249468766135666
E1B231	53	0	0.0042279076757071555
E1B231	48	0	0.0008507316871061628
E1B231	61	0	0.0023468764079427355
E1B231	26	0	0.004107429555980844
E1B231	63	0	0.005712786406258853
E1B240	46	1	0.9950723441660616
E1B240	6	0	0.003587424461986914
E1B240	34	0	0.0004306413927142494
E1B240	61	0	0.0006818553056479379
E1B240	65	0	0.0012939647506846667
E1B240	26	0	0.0010459398813226712
E1B241	46	1	0.9950723441660616
E1B241	6	0	0.0034092564430813683
E1B241	34	0	0.0004306413927142494
E1B241	61	0	0.0006818553056479379
E1B241	65	0	0.0012939647506846667
E1B241	26	0	0.0017319160841077045
E1B242	39	1	0.9900383680802629
E1B242	6	0	0.0034092564430813683
E1B242	35	0	0.00021679471534994136
E1B242	46	0	0.0003110109192815797
E1B242	50	0	0.0013343573445041494
E1B242	54	0	0.001199272106867069
E1B242	58	0	0.0005286679491946836
E1B242	62	0	0.0006678378621687203
E1B242	71	0	0.0004570893493732758
E1B242	26	0	0.004306501932568099
E1B245	46	1	0.9950723441660616
E1B245	6	0	0.003587424461986914
E1B245	34	0	0.0004306413927142494
E1B245	54	0	0.0016050008692221898
E1B245	26	0	0.0010459398813226712
E7EKC5	47	1	0.9950723441660616
E7EKC5	6	0	0.003587424461986914
E7EKC5	34	0	0.0057138644210234435
E7EKC5	62	0	0.0017602056212846356
E7EKC5	66	0	0.0010941546323343522
E7EKC5	26	0	0.0010459398813226712
E7EKC5	40	0	0.0057069292066570364
E7EKE0	42	1	0.9787852891560691
E7EKE0	6	0	0.0037917088711649934
E7EKE0	49	0	0.0007497659589538759
E7EKE0	57	0	0.00028620387561928504
E7EKE0	65	0	0.0025969880726050515
E7EKE0	70	0	0.0012477870414368886
E7EKE0	26	0	0.0007422501418680718
E7EKE1	42	1	0.9787852891560691
E7EKE1	6	0	0.0048249468766135666
E7EKE1	49	0	0.0007497659589538759
E7EKE1	57	0	0.00028620387561928504
E7EKE1	65	0	0.0025969880726050515
E7EKE1	70	0	0.0012477870414368886
E7EKE1	26	0	0.0023948164446577777
E7EKH1	34	0	0.005717980469223608
E7EKH1	47	1	0.9950723441660616
E7EKH1	6	0	0.0048249468766135666
E7EKH1	54	0	0.00035809085697847075
E7EKH1	26	0	0.0015424913935989195
E7EKH2	34	0	0.005700271650032656
E7EKH2	47	1	0.9525471144515285
E7EKH2	6	0	0.004823224885035586
E7EKH2	54	0	0.00015472001451775184
E7EKH2	66	0	0.001043457684781883
E7EKH2	26	0	0.0015424913935989195
E7EKH3	42	1	0.9871086379954968
E7EKH3	6	0	0.0048249468766135666
E7EKH3	47	0	0.001549373625183633
E7EKH3	49	0	0.00068873256359679
E7EKH3	57	0	0.004726953473168288
E7EKH3	65	0	0.0014931752945721724
E7EKH3	26	0	0.005712968184779433
E7EKH3	45	0	0.0023170928619848886
E7EKH4	42	1	0.9679182170573899
E7EKH4	6	0	0.004823224885035586
E7EKH4	49	0	0.00030430509945205986
E7EKH4	57	0	0.004487804276451898
E7EKH4	65	0	0.0014931752945721724
E7EKH4	26	0	0.005712968184779433
E7EKH5	42	1	0.9679182170573899
E7EKH5	6	0	0.0037917088711649934
E7EKH5	49	0	0.00030430509945205986
E7EKH5	57	0	0.004487804276451898
E7EKH5	65	0	0.0014931752945721724
E7EKH5	26	0	0.005712968184779433
E7EKH6	42	1	0.9526835214064958
E7EKH6	6	0	0.0037917088711649934
E7EKH6	55	0	0.006882402045136522
E7EKH6	50	0	0.0005326866386402968
E7EKH6	59	0	0.0006711355615887269
E7EKH6	67	0	0.0015924888804899546
E7EKH6	26	0	0.0029264028561850008
E7EKH7	42	1	0.9526835214064958
E7EKH7	6	0	0.00392420428828005
E7EKH7	50	0	0.0005642644843025855
E7EKH7	54	0	0.0008856078546409966
E7EKH7	59	0	0.00032364428023685086
E7EKH7	67	0	0.0015924888804899546
E7EKH7	26	0	0.0029264028561850008
E7EKI0	39	1	0.9900383680802629
E7EKI0	6	0	0.004823224885035586
E7EKI0	46	0	0.00026252092381012126
E7EKI0	50	0	0.0014628294795296184
E7EKI0	54	0	0.0008706272454570813
E7EKI0	58	0	0.00021496119732239375
E7EKI0	62	0	0.0003211643779919585
E7EKI0	71	0	0.0006939617601757864
E7EKI0	26	0	0.005587650093224025
E7EKI9	42	1	0.9525366775407511
E7EKI9	6	0	0.003587424461986914
E7EKI9	24	0	0.0001676005310830763
E7EKI9	37	0	0.0006213099916482808
E7EKI9	62	0	0.0018990719076210942
E7EKI9	64	0	0.0014879525341147768
E7EKI9	66	0	0.0015813210572242914
E7EKI9	26	0	0.0018004647344307028
E7EKJ5	46	1	0.9525825681892269
E7EKJ5	6	0	0.00572000892828465
E7EKJ5	33	0	0.0009391857408842979
E7EKJ5	61	0	0.0011199388084532813
E7EKJ5	26	0	0.0023092324822125768
E7EKJ6	46	1	0.9526082302299642
E7EKJ6	6	0	0.004468808946885547
E7EKJ6	33	0	0.0009391857408842979
E7EKJ6	44	0	0.004027473867766525
E7EKJ6	57	0	0.0018451411388622806
E7EKJ6	26	0	0.0025015128612469136
E7EKJ7	46	1	0.9859848937631759
E7EKJ7	6	0	0.004468808946885547
E7EKJ7	33	0	0.0009391857408842979
E7EKJ7	44	0	0.004027473867766525
E7EKJ7	57	0	0.0018451411388622806
E7EKJ7	26	0	0.0025015128612469136
E7EKM1	46	1	0.9526082302299642
E7EKM1	6	0	0.004468808946885547
E7EKM1	33	0	0.0009391857408842979
E7EKM1	44	0	0.004027473867766525
E7EKM1	57	0	0.0018451411388622806
E7EKM1	26	0	0.0025015128612469136
F1T153	43	1	0.9787852891560691
F1T153	6	0	0.005706626333859615
F1T153	50	0	0.0005636028992706593
F1T153	58	0	0.0014062838491623066
F1T153	71	0	0.0013429015638666212
F1T153	26	0	0.0004706015164436669
F1T154	43	1	0.9526203359817452
F1T154	6	0	0.004823224885035586
F1T154	50	0	0.0003855734125739339
F1T154	55	0	0.0008050823866165371
F1T154	58	0	0.0023066876710407637
F1T154	71	0	0.0010418068572530964
F1T154	26	0	0.001323987316732537
F1T155	42	1	0.9630811124014628
F1T155	6	0	0.003587424461986914
F1T155	49	0	0.0007497659589538759
F1T155	57	0	0.00028620387561928504
F1T155	70	0	0.0010418068572530964
F1T155	26	0	0.0004706015164436669
F7UI86	27	0	0.005722664338106058
F7UI86	46	1	0.9859137166134372
F7UI86	6	0	0.0026523002025305763
F7UI86	41	0	0.00032150163279061594
G3F828	42	1	0.9708362261627448
G3F828	6	0	0.0037917088711649934
G3F828	49	0	0.0011320423959243254
G3F828	53	0	0.0009692538622754885
G3F828	62	0	0.0013115899392656509
G3F828	66	0	0.003517367885805646
G3F828	26	0	0.0023948164446577777
G3F828	64	0	0.004601626398658493
J7H8J4	27	0	0.0015798505780352835
J7H8J4	45	1	0.9948076687866693
J7H8J4	6	0	0.005703308534225489
J7H8J4	52	0	0.0009495945189613991
J7H8J4	56	0	0.0003184451031664567
J7H8J4	64	0	0.00048827529775576626
K7ZGS2	46	1	0.9950723441660616
K7ZGS2	6	0	0.0034092564430813683
K7ZGS2	34	0	0.0004306413927142494
K7ZGS2	54	0	0.0016050008692221898
K7ZGS2	26	0	0.0010459398813226712
O93222	27	0	0.0008739240335041033
O93222	44	1	0.9525506679888679
O93222	6	0	0.0026523002025305763
O93222	34	0	0.00011756201082495355
O93456	27	0	0.03734900928426983
O93456	48	1	0.9525622588458096
O93456	63	0	0.005718036960047086
O93456	84	1	0.9525622588458096
O93456	99	0	0.005718036960047086
O93456	120	1	0.9525622588458096
O93456	135	0	0.005718036960047086
O93456	156	1	0.9525622588458096
O93456	168	0	0.05194559813798175
O93456	171	1	0.4928145967287181
O93456	188	1	0.9526082258775369
O93456	6	0	0.0035865511064928674
O93456	60	0	0.005712418213212241
O93456	96	0	0.005712418213212241
O93456	132	0	0.005712418213212241
O93456	172	0	0.002394656451531262
O93456	185	0	0.0005529257305058377
O93456	40	0	0.0007054465497100549
O93456	76	0	0.0007054465497100549
O93456	112	0	0.0007054465497100549
O93456	148	0	0.004081991606084258
P05222	68	0	0.005709800950405059
P05222	117	0	0.005709800950405059
P05222	166	0	0.005709800950405059
P05222	183	0	0.002548140026196932
P05222	41	0	0.0008379624295436947
P05222	44	0	0.0004860318118477707
P05222	48	0	0.0001355360325115442
P05222	90	0	0.0008379624295436947
P05222	93	0	0.0007412028947691114
P05222	97	0	0.00013810834482164177
P05222	139	0	0.0008379624295436947
P05222	142	0	0.0007412028947691114
P05222	146	0	0.00013810834482164177
P05222	30	0	0.003328928144771366
P05222	33	0	0.0057062138827416045
P05222	61	0	0.003822500337422406
P05222	79	0	0.005711293725483593
P05222	82	0	0.0009063347062880237
P05222	110	0	0.003822500337422406
P05222	128	0	0.005711293725483593
P05222	131	0	0.0057144996681914246
P05222	159	0	0.003822500337422406
P08947	43	0	0.2013784931020394
P08947	60	0	0.0013080676908748463
P08947	68	0	0.005707286063329397
P08947	31	0	0.0008092786066549787
P08947	85	0	0.0007863270034881947
P08947	8	0	0.01824045507674605
P08947	48	1	0.9525441968712065
P08947	80	0	0.01541383223429276
P08948	43	0	0.2013784931020394
P08948	60	0	0.0013080676908748463
P08948	68	0	0.005707286063329397
P08948	31	0	0.0008092786066549787
P08948	85	0	0.0007863270034881947
P08948	8	0	0.01824045507674605
P08948	48	1	0.9525441968712065
P08948	80	0	0.01541383223429276
P08950	61	1	0.41366909883731134
P08950	47	1	0.8394041163495473
P08950	41	0	0.0005487985257002986
P08950	76	0	0.026150303805417555
P0DTU1	46	1	0.9950723441660616
P0DTU1	6	0	0.004340442633313714
P0DTU1	33	0	0.005498790028645502
P0DTU1	53	0	0.0019815756400272198
P0DTU1	26	0	0.002838186377261771
P0DTU1	39	0	0.00280888106028281
P56249	27	0	0.005707723477555323
P56249	46	1	0.9877552161336587
P56249	6	0	0.005703308534225489
P56249	24	0	0.000321945746414921
P56249	65	0	0.0006890281271415261
P80282	27	0	0.0015798505780352835
P80282	44	1	0.9525609344722141
P80282	6	0	0.003622006669948421
P80282	53	0	0.005715805362900952
P80282	34	0	9.143442067622539e-05
P80282	48	0	0.001045862695560332
P80282	63	0	0.001201054577007402
P80399	34	0	0.060111795022766513
P80399	41	1	0.9946411326706547
P80399	6	0	0.003587424461986914
P80399	48	0	0.0010302778770086046
P80399	52	0	0.004902344381726456
P80399	26	0	0.0015424913935989195
P81485	27	0	0.0008739240335041033
P81485	45	1	0.9898729424284457
P81485	6	0	0.0026791361075930915
P81485	34	0	0.00011756201082495355
P81485	49	0	0.000967611631016156
P81485	53	0	0.0057170151021456355
P81485	57	0	0.0009956172712833372
P81485	68	0	0.0005899090208147394
P81490	27	0	0.0015798505780352835
P81490	45	1	0.9898729424284457
P81490	6	0	0.0026523002025305763
P81490	49	0	0.0014757311218789467
P81490	53	0	0.0004911119916540722
P81490	57	0	0.0006485220433688401
P84597	27	0	0.0015798505780352835
P84597	45	1	0.9960620649352998
P84597	6	0	0.003622006669948421
P84597	49	0	0.001338302584568299
P84597	53	0	0.00036160377068168535
P84597	61	0	0.00048827529775576626
P85881	24	0	0.005722664338106058
P85881	43	1	0.9859137166134372
P85881	38	0	0.00032150163279061594
P85883	27	0	0.005722664338106058
P85883	46	1	0.9859137166134372
P85883	6	0	0.0026523002025305763
P85883	41	0	0.0002890006709771541
P85883	63	0	0.0008055017383576093
P86037	27	0	0.0030746111190269126
P86037	6	0	0.0026523002025305763
P86037	51	1	0.9525514110432597
P86037	34	0	0.00011014415021597157
P86037	56	0	0.0015220979392658134
P86037	58	0	0.0016632518235935754
P86037	62	0	0.0008712439465920533
P86037	66	0	0.004185827025804525
P86037	48	0	0.0023556138903213296
P86040	27	0	0.0030746111190269126
P86040	6	0	0.0026523002025305763
P86040	51	1	0.9526333708854546
P86040	34	0	0.00011014415021597157
P86040	56	0	0.0015645477815349421
P86040	58	0	0.0016632518235935754
P86040	62	0	0.0008712439465920533
P86040	66	0	0.004185827025804525
P86040	48	0	0.0023556138903213296
Q0VZ41	27	0	0.005722664338106058
Q0VZ41	46	1	0.9859137166134372
Q0VZ41	6	0	0.0026523002025305763
Q0VZ41	41	0	0.0002890006709771541
Q0VZ41	63	0	0.0008055017383576093
Q17UY8	27	0	0.0015798505780352835
Q17UY8	45	1	0.9948076687866693
Q17UY8	6	0	0.0026523002025305763
Q17UY8	34	0	8.941242514068161e-05
Q17UY8	52	0	0.00042100525780220516
Q17UY8	60	0	0.00048827529775576626
Q1EN11	27	0	0.0015798505780352835
Q1EN11	6	0	0.0026523002025305763
Q1EN11	45	1	0.9526697079491268
Q1EN11	50	0	0.0013877260222524316
Q1EN11	52	0	0.00032658893441651855
Q1EN11	56	0	0.0013820287164256289
Q1EN11	60	0	0.0004855107086154289
Q1EN11	48	0	0.005711581343986489
Q1EN12	26	0	0.0015798505780352835
Q1EN12	5	0	0.0032044323556259663
Q1EN12	44	1	0.9795548527651162
Q1EN12	49	0	0.0006605566250490084
Q1EN12	51	0	0.00032658893441651855
Q1EN12	55	0	0.0013820287164256289
Q1EN12	59	0	0.0006926545297962918
Q1EN13	27	0	0.0015798505780352835
Q1EN13	45	1	0.9898729424284457
Q1EN13	6	0	0.0026523002025305763
Q1EN13	49	0	0.0012321567869972407
Q1EN13	53	0	0.0010254752159238008
Q1EN13	57	0	0.0005175480938818793
Q1EN13	64	0	0.00481045094140078
Q1JS87	38	1	0.9677156763017608
Q1JS87	6	0	0.0037917088711649934
Q1JS87	47	0	0.002770068514389943
Q1JS87	43	0	0.0006237880599316839
Q1JS87	48	0	0.005703136661604567
Q1JS87	50	0	0.0016870136881793922
Q1JS87	58	0	0.005220867098641453
Q1JS87	62	0	0.00047176984307450775
Q1JS87	79	0	0.0015456578514123395
Q1JS87	81	0	0.0015328658943512315
Q1JS87	26	0	0.0017319160841077045
Q1JS87	70	0	0.007615009367965696
Q1JS88	38	1	0.9686989916230125
Q1JS88	6	0	0.0037917088711649934
Q1JS88	43	0	0.004638012016156727
Q1JS88	47	0	0.005569879897550179
Q1JS88	50	0	0.0005318214647673016
Q1JS88	58	0	0.0011670854378438742
Q1JS88	62	0	0.002158083006149846
Q1JS88	67	0	0.001955737346667639
Q1JS88	70	0	0.00228541578348586
Q1JS88	26	0	0.0017319160841077045
Q1JS89	41	1	0.9525754244946453
Q1JS89	6	0	0.004823224885035586
Q1JS89	37	0	0.0004049916282317047
Q1JS89	48	0	0.0017967093251589812
Q1JS89	52	0	0.0008621263668190319
Q1JS89	56	0	0.003460899306592731
Q1JS89	60	0	0.0009322563627418729
Q1JS89	64	0	0.0004625125729196724
Q1JS89	73	0	0.0037629449921622255
Q1JS89	26	0	0.005712968184779433
Q1JS90	39	1	0.9917851676903743
Q1JS90	6	0	0.003323253240406089
Q1JS90	46	0	0.001015487677414097
Q1JS90	50	0	0.0007771185961639394
Q1JS90	59	0	0.0009716535127895636
Q1JS90	61	0	0.0006308762082767019
Q1JS90	63	0	0.0024336341574597077
Q1JS90	26	0	0.005712968184779433
Q1JS91	47	1	0.9950723441660616
Q1JS91	6	0	0.003587424461986914
Q1JS91	34	0	0.005672425860813767
Q1JS91	54	0	0.002185787799270789
Q1JS91	26	0	0.0004706015164436669
Q1JS92	43	1	0.9937315214493057
Q1JS92	6	0	0.003323253240406089
Q1JS92	50	0	0.00046641155771165774
Q1JS92	54	0	0.000865289497453537
Q1JS92	63	0	0.0008986959074534109
Q1JS92	65	0	0.001837283084357164
Q1JS92	67	0	0.0019469853279613474
Q1JS92	26	0	0.005587650093224025
Q1JS93	46	1	0.9950723441660616
Q1JS93	6	0	0.003587424461986914
Q1JS93	33	0	0.005498790028645502
Q1JS93	61	0	0.0006099513968111637
Q1JS93	26	0	0.0025015128612469136
Q1JS94	41	1	0.9526130295165859
Q1JS94	6	0	0.004823224885035586
Q1JS94	37	0	0.0003405138802930539
Q1JS94	51	0	0.00035516008019696873
Q1JS94	54	0	0.0010872801999955528
Q1JS94	63	0	0.0009450768008555905
Q1JS94	26	0	0.005712968184779433
Q1JS94	47	0	0.0057204360198849025
Q2UXR1	41	1	0.9844080014288001
Q2UXR1	6	0	0.004823224885035586
Q2UXR1	48	0	0.0014285548653590666
Q2UXR1	56	0	0.0016388607490720505
Q2UXR1	60	0	0.0005941484590046675
Q2UXR1	64	0	0.0008483058534016505
Q2UXR1	73	0	0.0006928601714463732
Q2UXR1	26	0	0.004112258623337704
Q2UXR2	42	1	0.9630811124014628
Q2UXR2	6	0	0.003587424461986914
Q2UXR2	49	0	0.0007497659589538759
Q2UXR2	57	0	0.00028620387561928504
Q2UXR2	70	0	0.0010418068572530964
Q2UXR2	26	0	0.0004706015164436669
Q2UXR3	43	1	0.9526203359817452
Q2UXR3	6	0	0.003587424461986914
Q2UXR3	50	0	0.0003487741986317999
Q2UXR3	58	0	0.002255283434569532
Q2UXR3	71	0	0.0012477870414368886
Q2UXR3	26	0	0.001323987316732537
Q2UXR4	44	1	0.9850005238561769
Q2UXR4	6	0	0.003587424461986914
Q2UXR4	34	0	0.004965424382316718
Q2UXR4	26	0	0.001323987316732537
Q2UXR4	37	0	0.004208900964704959
Q2WCN5	47	1	0.9526132219761589
Q2WCN5	6	0	0.0034092564430813683
Q2WCN5	34	0	0.005498790028645502
Q2WCN5	58	0	0.002238786239297074
Q2WCN5	26	0	0.0017319160841077045
Q2WCN5	40	0	0.0017878277213676397
Q2WCN6	6	0	0.003587424461986914
Q2WCN6	41	1	0.9526042836874695
Q2WCN6	48	0	0.000632965429712654
Q2WCN6	56	0	0.0004989475113843456
Q2WCN6	64	0	0.00044817671904530393
Q2WCN6	69	0	0.0003655230599570046
Q2WCN6	26	0	0.0018169878825189142
Q2WCN7	44	1	0.9925040699214678
Q2WCN7	6	0	0.004823224885035586
Q2WCN7	52	0	0.0005881704464858969
Q2WCN7	56	0	0.00027709928049586975
Q2WCN7	65	0	0.0009716535127895636
Q2WCN7	67	0	0.0006308762082767019
Q2WCN7	69	0	0.0024336341574597077
Q2WCN7	26	0	0.005712968184779433
Q2WCN8	43	1	0.964183192368004
Q2WCN8	6	0	0.004823224885035586
Q2WCN8	51	0	0.0005148847571655238
Q2WCN8	55	0	0.00027709928049586975
Q2WCN8	64	0	0.0009716535127895636
Q2WCN8	66	0	0.0006308762082767019
Q2WCN8	68	0	0.0024336341574597077
Q2WCN8	26	0	0.005712968184779433
Q571V4	27	0	0.005707723477555323
Q571V4	46	1	0.9877552161336587
Q571V4	6	0	0.005703308534225489
Q571V4	24	0	0.000321945746414921
Q571V4	54	0	0.0006308848407055453
Q571V4	65	0	0.0003103076374642835
Q571V4	67	0	0.00041402116863604056
Q571V6	49	1	0.9903905861585626
Q571V6	6	0	0.0026523002025305763
Q571V6	27	0	0.0004632698764284954
Q571V6	24	0	0.00034089652730675066
Q571V6	39	0	0.00011321746055920439
Q58T39	73	0	0.005705924329058094
Q58T39	83	0	0.005722789698544833
Q58T39	123	1	0.9526386124148485
Q58T39	120	0	0.0016886858500418955
Q58T39	4	0	0.004149825508855089
Q58T39	54	0	0.0006317427188363417
Q58T39	58	0	0.00029647192101236634
Q58T39	62	0	0.001081894436484524
Q58T39	141	0	0.0005772535668161367
Q58T39	19	0	0.0057105397735328954
Q58T39	31	0	0.005708383698962668
Q58T39	40	0	0.005707865119458999
Q58T39	43	1	0.9738781955451393
Q58T39	89	0	0.005703150512381326
Q58T39	103	0	0.0016085792079520774
Q58T39	106	0	0.005712368302555943
Q58T51	73	0	0.005712423673249447
Q58T51	83	0	0.005722789698544833
Q58T51	123	1	0.9526386124148485
Q58T51	120	0	0.0016886858500418955
Q58T51	4	0	0.004149825508855089
Q58T51	48	0	0.0031899936972335785
Q58T51	54	0	0.00022502409993465874
Q58T51	58	0	0.000997497402458005
Q58T51	62	0	8.974091871880153e-05
Q58T51	19	0	0.0014224531606759625
Q58T51	31	0	0.005708383698962668
Q58T51	40	0	0.005707865119458999
Q58T51	43	1	0.9738781955451393
Q58T51	89	0	0.005703150512381326
Q58T51	103	0	0.0012711210617181552
Q58T51	106	0	0.005712368302555943
Q58T56	73	0	0.005712423673249447
Q58T56	83	0	0.005722789698544833
Q58T56	123	1	0.9526386124148485
Q58T56	120	0	0.0016886858500418955
Q58T56	4	0	0.005709710824287385
Q58T56	48	0	0.001616799307174162
Q58T56	54	0	0.00022502409993465874
Q58T56	58	0	0.000997497402458005
Q58T56	62	0	8.974091871880153e-05
Q58T56	130	0	0.005715663863167687
Q58T56	141	0	0.0005772535668161367
Q58T56	19	0	0.0014224531606759625
Q58T56	31	0	0.005708383698962668
Q58T56	40	0	0.005707865119458999
Q58T56	43	1	0.9738781955451393
Q58T56	89	0	0.005703150512381326
Q58T56	103	0	0.0012711210617181552
Q58T56	106	0	0.005712368302555943
Q58T58	73	0	0.005712423673249447
Q58T58	83	0	0.005722789698544833
Q58T58	123	1	0.9526386124148485
Q58T58	120	0	0.0016886858500418955
Q58T58	4	0	0.004149825508855089
Q58T58	48	0	0.00149728667456315
Q58T58	54	0	0.0002823269972219063
Q58T58	58	0	0.0005992608792694385
Q58T58	62	0	8.974091871880153e-05
Q58T58	130	0	0.005715663863167687
Q58T58	141	0	0.0005772535668161367
Q58T58	19	0	0.0014224531606759625
Q58T58	31	0	0.005708383698962668
Q58T58	40	0	0.005707865119458999
Q58T58	43	1	0.9738781955451393
Q58T58	89	0	0.005703150512381326
Q58T58	103	0	0.0009950270961488151
Q58T58	106	0	0.005712368302555943
Q58T72	73	0	0.005712423673249447
Q58T72	83	0	0.005722789698544833
Q58T72	123	1	0.9526386124148485
Q58T72	120	0	0.0016886858500418955
Q58T72	4	0	0.004149825508855089
Q58T72	48	0	0.00149728667456315
Q58T72	54	0	0.0002823269972219063
Q58T72	58	0	0.0005992608792694385
Q58T72	62	0	8.974091871880153e-05
Q58T72	141	0	0.0005772535668161367
Q58T72	19	0	0.0014224531606759625
Q58T72	31	0	0.01821237238808122
Q58T72	40	0	0.005707865119458999
Q58T72	43	1	0.9738781955451393
Q58T72	89	0	0.005703150512381326
Q58T72	103	0	0.0009950270961488151
Q58T72	106	0	0.005712368302555943
Q58T93	71	0	0.005706613443969217
Q58T93	81	0	0.005722789698544833
Q58T93	121	1	0.9525338899786366
Q58T93	118	0	0.003597340318476956
Q58T93	4	0	0.004149825508855089
Q58T93	22	0	0.0004179164274679113
Q58T93	54	0	0.001635300709086802
Q58T93	58	0	0.00029647192101236634
Q58T93	62	0	0.0006095462370310341
Q58T93	19	0	0.005710515393596243
Q58T93	31	0	0.00544301469087405
Q58T93	40	0	0.005707865119458999
Q58T93	43	1	0.9738781955451393
Q58T93	87	0	0.005710501083564974
Q58T93	101	0	0.0020149185404222452
Q58T93	104	0	0.015931707881591418
Q58T95	71	0	0.012295629762187982
Q58T95	81	0	0.005722789698544833
Q58T95	121	1	0.9526386124148485
Q58T95	118	0	0.0016886858500418955
Q58T95	4	0	0.004149825508855089
Q58T95	22	0	0.0002508641164731407
Q58T95	54	0	0.001635300709086802
Q58T95	58	0	0.00029647192101236634
Q58T95	62	0	0.0006095462370310341
Q58T95	31	0	0.005708383698962668
Q58T95	40	0	0.005707865119458999
Q58T95	43	1	0.9738781955451393
Q58T95	87	0	0.005710501083564974
Q58T95	101	0	0.0012711210617181552
Q58T95	104	0	0.005712368302555943
Q5DVA5	27	0	0.005703710021454561
Q5DVA5	44	1	0.9658487109488378
Q5DVA5	6	0	0.0026523002025305763
Q5DVA5	51	0	0.001526649021211237
Q5DVA5	62	0	0.0006511756190932761
Q5DVA5	70	0	0.0011462026865629621
Q5DVA6	27	0	0.005706758908739924
Q5DVA6	44	1	0.9526015046486115
Q5DVA6	6	0	0.0035865511064928674
Q5DVA6	39	0	0.00013731812973425626
Q5DVA6	49	0	0.0015724606090496223
Q7T3K8	27	0	0.0015798505780352835
Q7T3K8	45	1	0.9960620649352998
Q7T3K8	6	0	0.003622006669948421
Q7T3K8	49	0	0.001338302584568299
Q7T3K8	53	0	0.00036160377068168535
Q7T3K8	57	0	0.0014445321714755793
Q7T3K8	61	0	0.00048827529775576626
Q7T3K9	27	0	0.0015798505780352835
Q7T3K9	45	1	0.9960620649352998
Q7T3K9	6	0	0.003622006669948421
Q7T3K9	50	0	0.0008190393177643906
Q7T3K9	52	0	0.001512257894808166
Q7T3K9	56	0	0.00011898079824860296
Q7T3K9	60	0	0.0007105858393658129
Q7T3K9	64	0	0.0008090967310209249
Q7T3K9	68	0	0.00048827529775576626
Q800R3	27	0	0.005722664338106058
Q800R3	46	1	0.9859137166134372
Q800R3	6	0	0.0026523002025305763
Q800R3	32	0	0.00011259472916741116
Q800R3	41	0	0.00032150163279061594
Q800R3	63	0	0.0016083782111825883
Q800R9	27	0	0.005711443942576195
Q800R9	49	1	0.9886880182793975
Q800R9	6	0	0.0032044323556259663
Q800R9	60	0	0.0021443093741551674
Q800R9	65	1	0.27736567322321054
Q800S1	27	0	0.0008739240335041033
Q800S1	45	1	0.9562103809672775
Q800S1	6	0	0.0035865511064928674
Q800S1	34	0	8.941242514068161e-05
Q800S2	27	0	0.0015798505780352835
Q800S2	45	1	0.9562103809672775
Q800S2	6	0	0.0035865511064928674
Q800S2	34	0	8.941242514068161e-05
Q8QFQ4	43	1	0.9931770903663191
Q8QFQ4	6	0	0.004823224885035586
Q8QFQ4	50	0	0.0004102979463774409
Q8QFQ4	54	0	0.0009623960792793301
Q8QFQ4	63	0	0.0009737142389013102
Q8QFQ4	65	0	0.0006308762082767019
Q8QFQ4	67	0	0.0024336341574597077
Q8QFQ4	26	0	0.005587650093224025
Q8QFQ5	45	1	0.9950723441660616
Q8QFQ5	6	0	0.0029098048261716994
Q8QFQ5	56	0	0.0016592540752884265
Q8QFQ5	60	0	0.003627776710674317
Q8QFQ5	31	0	0.0005552825082871935
A6MWS8	41	1	0.9526174369095364
A6MWS8	56	0	0.05608264021933203
A6MWS8	36	0	0.005712349025400653
A6MWS8	51	0	0.02400814172332523
A6MWT0	41	1	0.9526131285520546
A6MWT0	56	0	0.05885596739283178
A6MWT0	50	0	0.0018806553854754436
A6MWT0	36	0	0.005712349025400653
A8B5P7	43	1	0.9525464994143426
A8B5P7	6	0	0.004468808946885547
A8B5P7	23	0	0.0010136996261624863
A8B5P7	35	0	0.0009652088539729522
A8B5P7	53	0	0.0057087038572989635
A8B5P7	59	0	0.0019504412850592677
A8B5P7	26	0	0.005709712396024754
A8B5P7	34	0	0.005697087738635429
A8B5P7	50	0	0.0026617806978929334
A8B5P7	64	0	0.004295582743688598
A8B5Q0	43	1	0.9525464994143426
A8B5Q0	6	0	0.004468808946885547
A8B5Q0	23	0	0.0004583097642919826
A8B5Q0	35	0	0.0009652088539729522
A8B5Q0	50	0	0.00046739367620808424
A8B5Q0	53	0	0.0026777590932100413
A8B5Q0	59	0	0.0019504412850592677
A8B5Q0	26	0	0.002126690155620089
A8B5Q0	34	0	0.005697087738635429
A8B5Q0	64	0	0.004295582743688598
B3VZU1	46	1	0.9950723441660616
B3VZU1	6	0	0.003587424461986914
B3VZU1	33	0	0.005672425860813767
B3VZU1	57	0	0.0011898553804447387
B3VZU1	26	0	0.0025015128612469136
B3VZU1	39	0	0.0017878277213676397
B3VZU3	46	1	0.9525548938926092
B3VZU3	6	0	0.004340442633313714
B3VZU3	33	0	0.005672425860813767
B3VZU3	26	0	0.0025015128612469136
B3VZU3	39	0	0.0013227219774854552
B3VZU5	44	1	0.9874187594887991
B3VZU5	6	0	0.0034092564430813683
B3VZU5	39	0	8.199221820892266e-05
B3VZU5	26	0	0.002124726319896224
B3VZU6	44	1	0.9874187594887991
B3VZU6	6	0	0.0034092564430813683
B3VZU6	39	0	0.00021501610649007278
B3VZU6	26	0	0.002124726319896224
B5A9T0	6	0	0.003587424461986914
B5A9T0	34	0	0.005721901192329474
B5A9T0	56	0	0.06138404961808447
B5A9T0	61	0	0.001198436983017578
B5A9T0	26	0	0.0015424913935989195
B5A9T0	47	1	0.952613250509621
B5A9T0	52	0	0.008308377666415432
B5A9T0	60	0	0.001698470971713157
B5LUQ5	27	0	0.004341562004054566
B5LUQ5	46	1	0.9886880182793975
B5LUQ5	6	0	0.008496803201899265
B5LUQ5	24	0	0.0006187529775543429
B5LUQ5	54	0	0.0029579941036942266
C5H0C8	44	1	0.9526053754722466
C5H0C8	6	0	0.003587424461986914
C5H0C8	26	0	0.005587650093224025
C5H0C8	56	0	0.04862113766758749
D5GRW4	46	1	0.9950723441660616
D5GRW4	6	0	0.003587424461986914
D5GRW4	33	0	0.005715569886264421
D5GRW4	60	0	0.0007702802931827354
D5GRW4	26	0	0.003917026439266158
E1AWD2	39	0	0.03574300502331854
E1AWD2	46	1	0.9933475925049682
E1AWD2	6	0	0.003587424461986914
E1AWD2	33	0	0.0057138644210234435
E1AWD2	65	0	0.0012624065917062376
E1AWD2	26	0	0.002838186377261771
E1AWD3	40	0	0.03574300502331854
E1AWD3	47	1	0.9933475925049682
E1AWD3	6	0	0.003587424461986914
E1AWD3	34	0	0.0057138644210234435
E1AWD3	58	0	0.005029595110293737
E1AWD3	66	0	0.0012939647506846667
E1AWD3	26	0	0.0017319160841077045
E1AXF9	44	1	0.9532868892614565
E1AXF9	6	0	0.003587424461986914
E1AXF9	26	0	0.005587650093224025
E1AXF9	56	0	0.06189464602738106
E1B228	45	1	0.9950723441660616
E1B228	6	0	0.003587424461986914
E1B228	33	0	0.0004306413927142494
E1B228	60	0	0.0008644982990601606
E1B228	64	0	0.0011394926311560872
E1B228	26	0	0.002838186377261771
E1B243	39	1	0.9900383680802629
E1B243	6	0	0.0034092564430813683
E1B243	35	0	0.00021679471534994136
E1B243	46	0	0.0003333680862247112
E1B243	50	0	0.0013343573445041494
E1B243	54	0	0.001199272106867069
E1B243	62	0	0.0005025094095433157
E1B243	71	0	0.0004570893493732758
E1B243	26	0	0.0015424913935989195
E1B243	58	0	0.00601996771310708
E1B247	46	1	0.9950723441660616
E1B247	6	0	0.0037917088711649934
E1B247	33	0	0.005498790028645502
E1B247	53	0	0.0019815756400272198
E1B247	26	0	0.002838186377261771
E1B247	39	0	0.00280888106028281
E1B248	46	1	0.9950723441660616
E1B248	6	0	0.0037917088711649934
E1B248	33	0	0.005498790028645502
E1B248	53	0	0.0019815756400272198
E1B248	26	0	0.002838186377261771
E1B248	39	0	0.00280888106028281
E7EKD6	6	0	0.005715804990257556
E7EKD6	42	0	0.0009746274860175402
E7EKD6	48	0	0.0031965374647526528
E7EKD6	26	0	0.003917026439266158
E7EKD6	45	1	0.5995611223236305
E7EKD6	52	0	0.006041418180826781
E7EKD9	43	1	0.9526794729251874
E7EKD9	6	0	0.005711123837063513
E7EKD9	47	0	0.001029742383264953
E7EKD9	52	0	0.00570171444904126
E7EKD9	57	0	0.0015545466620931919
E7EKD9	26	0	0.0010459398813226712
O93221	27	0	0.005615907669197704
O93221	44	1	0.9714523754402332
O93221	6	0	0.0026523002025305763
O93221	33	0	8.084471919351008e-05
O93221	51	0	0.005082587939608106
O93221	55	0	0.0010549861202913586
O93221	62	0	0.0005654685121189898
O93221	70	0	0.0010093198774929679
O93223	27	0	0.0015798505780352835
O93223	6	0	0.0026523002025305763
O93223	45	1	0.952610186865424
O93223	50	0	0.0006605566250490084
O93223	52	0	0.00042110014639932554
O93223	60	0	0.00055902985813477
O93224	27	0	0.0008739240335041033
O93224	43	1	0.9525814008660652
O93224	6	0	0.0026523002025305763
O93224	51	0	0.0057170151021456355
O93224	55	0	0.0009956172712833372
O93224	66	0	0.00022417644106150552
O93225	27	0	0.0015798505780352835
O93225	45	1	0.9775891018435563
O93225	6	0	0.0026523002025305763
O93225	53	0	0.00041380218504307635
O93225	60	0	0.001382856858723271
O93226	27	0	0.0015798505780352835
O93226	45	1	0.9744656893451132
O93226	6	0	0.0026523002025305763
O93226	56	0	0.0007333888882537565
O93226	60	0	0.0006263699488257782
O93226	67	0	0.003952043707094925
O93226	52	0	0.01110392956548336
O93451	27	0	0.005615907669197704
O93451	44	1	0.9714523754402332
O93451	6	0	0.0026523002025305763
O93451	33	0	8.084471919351008e-05
O93451	51	0	0.005082587939608106
O93451	55	0	0.0010549861202913586
O93451	62	0	0.0005654685121189898
O93451	70	0	0.0010093198774929679
O93452	26	0	0.0015798505780352835
O93452	44	1	0.9898729424284457
O93452	6	0	0.011520756262877258
O93452	53	0	0.004043564751142989
O93452	48	0	0.0012321567869972407
O93452	56	0	0.002269919081627175
O93452	60	0	0.0021556356940513116
O93453	26	0	0.0015798505780352835
O93453	44	1	0.9775891018435563
O93453	6	0	0.0026523002025305763
O93453	63	0	0.0099699231745791
O93453	49	0	0.0006914962244889872
O93453	51	0	0.0014206317497262144
O93453	55	0	0.00030845746872243607
O93453	59	0	0.0008621740228662107
O93453	67	0	0.00048827529775576626
O93455	42	1	0.9603440563848032
O93455	6	0	0.005178581889684019
O93455	26	0	0.0005355360545309265
O93455	53	0	0.0009920251456701841
P21591	77	0	0.013638078368384935
P21591	61	0	0.0024808230249551795
P21591	115	0	0.0003858333217318401
P21591	8	0	0.0615229753591524
P21591	41	0	0.007119032555984133
P21591	47	0	0.005718682870392856
P21591	83	0	0.03930122471045927
P21591	92	0	0.01557474728361865
P21591	97	0	0.005715472194853742
P21591	100	0	0.005710437852986816
P21591	107	0	0.028754515387696702
P40842	41	1	0.9857678332905169
P40842	6	0	0.004823224885035586
P40842	48	0	0.0003487741986317999
P40842	52	0	0.0008295535995630516
P40842	56	0	0.0009760693553565235
P40842	64	0	0.0010509318345440356
P40842	69	0	0.0016379882502596916
P40842	26	0	0.001323987316732537
P40844	38	1	0.9686989916230125
P40844	6	0	0.0037917088711649934
P40844	48	0	0.001445358729476345
P40844	43	0	0.001217691370953995
P40844	50	0	0.0015085239012854654
P40844	58	0	0.00030069681496060305
P40844	62	0	0.0008472246078422015
P40844	79	0	0.0011052427354280576
P40844	81	0	0.0015328658943512315
P40844	26	0	0.0017319160841077045
P40844	70	0	0.0046024653376783515
P81488	27	0	0.0015798505780352835
P81488	45	1	0.9898729424284457
P81488	6	0	0.0026523002025305763
P81488	49	0	0.0019895832093759606
P81488	53	0	0.004075887431546078
P81488	57	0	0.001953270838378481
P81488	64	0	0.001251338573630276
P82268	41	1	0.988643861071967
P82268	6	0	0.004823224885035586
P82268	48	0	0.0003487741986317999
P82268	52	0	0.0008295535995630516
P82268	56	0	0.0026950607551727078
P82268	60	0	0.0008566777351417524
P82268	69	0	0.0016379882502596916
P82268	26	0	0.001323987316732537
P82269	41	1	0.988643861071967
P82269	6	0	0.004823224885035586
P82269	48	0	0.0003675064623273748
P82269	52	0	0.002275363754070895
P82269	56	0	0.0009760693553565235
P82269	69	0	0.0016379882502596916
P82269	26	0	0.001323987316732537
P86038	27	0	0.0030746111190269126
P86038	6	0	0.0026523002025305763
P86038	51	1	0.9525514110432597
P86038	34	0	0.00011014415021597157
P86038	56	0	0.0015220979392658134
P86038	58	0	0.0042248508605001265
P86038	62	0	0.0014896840086908373
P86038	66	0	0.003496644564771263
P86038	73	0	0.0019856165103261138
P86038	48	0	0.0023556138903213296
P86039	27	0	0.0030746111190269126
P86039	6	0	0.0026523002025305763
P86039	51	1	0.9526333708854546
P86039	34	0	0.00011014415021597157
P86039	56	0	0.0015645477815349421
P86039	58	0	0.0016632518235935754
P86039	62	0	0.0008712439465920533
P86039	66	0	0.004185827025804525
P86039	48	0	0.0023556138903213296
P86185	27	0	0.03331547540238426
P86185	6	0	0.0026523002025305763
P86185	51	1	0.9525514110432597
P86185	34	0	0.00011014415021597157
P86185	56	0	0.0015220979392658134
P86185	58	0	0.0016632518235935754
P86185	62	0	0.0008712439465920533
P86185	66	0	0.003496644564771263
P86185	48	0	0.0023556138903213296
P86186	27	0	0.0030746111190269126
P86186	6	0	0.0026523002025305763
P86186	51	1	0.9506488075106939
P86186	34	0	0.00011014415021597157
P86186	56	0	0.0015220979392658134
P86186	58	0	0.0016632518235935754
P86186	62	0	0.0008712439465920533
P86186	66	0	0.002327366455280781
P86186	48	0	0.00272017060201136
P86187	27	0	0.0030746111190269126
P86187	51	1	0.9667689128685298
P86187	6	0	0.0026523002025305763
P86187	34	0	0.00011014415021597157
P86187	56	0	0.0006781603326878325
P86187	58	0	0.0012343551749332167
P86187	62	0	0.0010525102777612864
P86187	66	0	0.004185827025804525
P86187	48	0	0.0038838160027284746
P86188	27	0	0.0030746111190269126
P86188	6	0	0.0026523002025305763
P86188	51	1	0.9526333708854546
P86188	34	0	0.00011014415021597157
P86188	56	0	0.0015645477815349421
P86188	58	0	0.0016632518235935754
P86188	62	0	0.0008712439465920533
P86188	66	0	0.003496644564771263
P86188	48	0	0.0023556138903213296
P86189	27	0	0.0030746111190269126
P86189	6	0	0.0026523002025305763
P86189	51	1	0.9526333708854546
P86189	34	0	0.00011014415021597157
P86189	56	0	0.0015645477815349421
P86189	58	0	0.0016632518235935754
P86189	62	0	0.0008712439465920533
P86189	66	0	0.003496644564771263
P86189	48	0	0.0023556138903213296
Q06B79	47	1	0.9933475925049682
Q06B79	6	0	0.003587424461986914
Q06B79	34	0	0.005672425860813767
Q06B79	58	0	0.0020098589725328513
Q06B79	26	0	0.0015424913935989195
Q06B79	40	0	0.0017878277213676397
Q0VKG9	24	0	0.005722664338106058
Q0VKG9	42	1	0.9526402082788882
Q0VKG9	29	0	6.239201680846382e-05
Q0VKG9	37	0	0.00032150163279061594
Q0VKG9	59	0	0.0013757749110157003
Q17UZ0	24	0	0.0008739240335041033
Q17UZ0	41	1	0.9525463841690348
Q17UZ0	60	0	0.0057128069574880706
Q17UZ0	52	0	0.00986669185839922
Q17UZ0	55	0	0.0007147885879360872
Q17UZ0	65	0	0.000460112927250138
Q17UZ0	67	0	0.00034826526091934266
Q17UZ0	69	0	0.0035485580466918395
Q17UZ0	71	0	0.001166751541346349
Q17UZ0	74	0	0.00019607536048405519
Q17UZ0	31	0	0.0004806480789886454
Q17UZ0	51	0	0.006540303106634866
Q17UZ0	63	0	0.010907867751122683
Q2UXV8	47	1	0.9950723441660616
Q2UXV8	6	0	0.003587424461986914
Q2UXV8	34	0	0.0057138644210234435
Q2UXV8	62	0	0.0017602056212846356
Q2UXV8	66	0	0.0010941546323343522
Q2UXV8	26	0	0.0010459398813226712
Q2UXV8	40	0	0.0057069292066570364
Q2UXV9	46	1	0.9832855923328309
Q2UXV9	6	0	0.003587424461986914
Q2UXV9	33	0	0.005672425860813767
Q2UXV9	57	0	0.00332202587105028
Q2UXV9	26	0	0.0025015128612469136
Q2UXV9	39	0	0.0017878277213676397
Q2UXV9	53	0	0.0023734296498451905
Q2UXW0	47	1	0.9950723441660616
Q2UXW0	6	0	0.003587424461986914
Q2UXW0	34	0	0.005498790028645502
Q2UXW0	58	0	0.002251103657632641
Q2UXW0	66	0	0.0008191340178732342
Q2UXW0	26	0	0.004306501932568099
Q58T89	73	0	0.01520683716322527
Q58T89	83	0	0.005722789698544833
Q58T89	123	1	0.9526386124148485
Q58T89	120	0	0.0016886858500418955
Q58T89	4	0	0.004149825508855089
Q58T89	54	0	0.0006317427188363417
Q58T89	58	0	0.00029647192101236634
Q58T89	62	0	0.001081894436484524
Q58T89	76	0	0.004480912619494589
Q58T89	19	0	0.0014532579794466769
Q58T89	31	0	0.00544301469087405
Q58T89	40	0	0.006795594671085134
Q58T89	43	1	0.9738781955451393
Q58T89	89	0	0.005703150512381326
Q58T89	103	0	0.0012711210617181552
Q58T89	106	0	0.005712368302555943
Q58T90	73	0	0.005712423673249447
Q58T90	83	0	0.06036118019924714
Q58T90	123	1	0.9526386124148485
Q58T90	120	0	0.0016886858500418955
Q58T90	4	0	0.004149825508855089
Q58T90	54	0	0.0006317427188363417
Q58T90	58	0	0.00029647192101236634
Q58T90	62	0	0.0032079367467124495
Q58T90	85	0	0.0029919723704553577
Q58T90	19	0	0.0014532579794466769
Q58T90	31	0	0.00544301469087405
Q58T90	40	0	0.005707865119458999
Q58T90	43	1	0.9738781955451393
Q58T90	89	0	0.005703150512381326
Q58T90	103	0	0.0012711210617181552
Q58T90	106	0	0.005712368302555943
Q58T91	71	0	0.005706613443969217
Q58T91	81	0	0.005722789698544833
Q58T91	121	1	0.9526386124148485
Q58T91	118	0	0.0016886858500418955
Q58T91	4	0	0.004149825508855089
Q58T91	54	0	0.0006317427188363417
Q58T91	58	0	0.00029647192101236634
Q58T91	62	0	0.0006095462370310341
Q58T91	19	0	0.0014532579794466769
Q58T91	31	0	0.00544301469087405
Q58T91	40	0	0.005707865119458999
Q58T91	43	1	0.9738781955451393
Q58T91	87	0	0.005703150512381326
Q58T91	101	0	0.0012711210617181552
Q58T91	104	0	0.005712368302555943
Q58T92	71	0	0.005706613443969217
Q58T92	81	0	0.005722789698544833
Q58T92	121	1	0.9526386124148485
Q58T92	118	0	0.0016886858500418955
Q58T92	4	0	0.0057114590085505165
Q58T92	22	0	0.0004179164274679113
Q58T92	54	0	0.001635300709086802
Q58T92	58	0	0.00029647192101236634
Q58T92	62	0	0.0006095462370310341
Q58T92	19	0	0.005710515393596243
Q58T92	31	0	0.00544301469087405
Q58T92	40	0	0.005707865119458999
Q58T92	43	1	0.9738781955451393
Q58T92	87	0	0.005710501083564974
Q58T92	101	0	0.0012711210617181552
Q58T92	104	0	0.005712368302555943
Q58T94	71	0	0.005706613443969217
Q58T94	81	0	0.005722789698544833
Q58T94	121	1	0.9526386124148485
Q58T94	118	0	0.0016886858500418955
Q58T94	4	0	0.004149825508855089
Q58T94	22	0	0.0004179164274679113
Q58T94	54	0	0.0005762368033392334
Q58T94	58	0	0.0003408749886876005
Q58T94	62	0	0.0006095462370310341
Q58T94	19	0	0.005710515393596243
Q58T94	31	0	0.005708383698962668
Q58T94	40	0	0.005707865119458999
Q58T94	43	1	0.9738781955451393
Q58T94	87	0	0.005703150512381326
Q58T94	101	0	0.0012711210617181552
Q58T94	104	0	0.005712368302555943
Q8QFQ3	39	1	0.981399892633068
Q8QFQ3	6	0	0.003587424461986914
Q8QFQ3	46	0	0.0004274756948938744
Q8QFQ3	61	0	0.0012930353597422149
Q8QFQ3	63	0	0.0017724240324033384
Q8QFQ3	24	0	0.0021064756858120964
Q90ZK3	27	0	0.0015798505780352835
Q90ZK3	45	1	0.9948076687866693
Q90ZK3	6	0	0.0032044323556259663
Q90ZK3	52	0	0.0008548424586011396
Q90ZK3	56	0	0.00011898079824860296
Q90ZK3	60	0	0.0021943453290996892
Q90ZK3	64	0	0.0003575595926802784
Q90ZK3	68	0	0.00048827529775576626
Q90ZK5	27	0	0.0015798505780352835
Q90ZK5	45	1	0.9948076687866693
Q90ZK5	6	0	0.0026523002025305763
Q90ZK5	50	0	0.0006605566250490084
Q90ZK5	52	0	0.0009173945891178132
Q90ZK5	56	0	0.001285174006541947
Q90ZK5	64	0	0.00048827529775576626
