ENTRY	SITE	CLASS
A0A088MI62	4	0
A0A088MI62	5	0
A0A088MI62	26	0
A0A088MI62	33	0
A0A088MI62	34	1
A0A088MI62	48	0
A0A088MI62	49	1
A0A088MI62	58	0
A0A088MIT0	4	0
A0A088MIT0	5	0
A0A088MIT0	25	0
A0A088MIT0	26	0
A0A088MIT0	33	0
A0A088MIT0	34	1
A0A088MIT0	44	0
A0A088MIT0	45	1
A0A088MIT0	53	0
A0A088MIT0	56	0
A0A088MIT0	57	1
A0A088MIT0	66	0
A0A088MIT0	70	0
A0A088MIT0	79	0
A0A088MIT0	82	0
A0A088MIT0	83	1
A0A088MIT0	92	0
A0A088MIT0	96	0
A0A088MIT0	97	0
A0A088MIT0	113	0
A0A088MIT0	119	0
A0A088MIT0	121	0
A0A088MIT0	122	1
A0A088MIT0	123	0
A0A088MIT0	131	0
A0A193H2U2	0	0
A0A193H2U2	1	0
A0A193H2U2	8	0
A0A193H2U2	12	0
A0A193H2X2	0	0
A0A193H2X2	1	0
A0A193H2X2	8	0
A0A193H2X2	12	0
A0A193H327	0	0
A0A193H327	1	0
A0A193H327	12	0
A0A193H327	16	0
A0A193H329	4	0
A0A193H329	5	0
A0A193H329	25	0
A0A193H329	26	0
A0A193H329	43	0
A0A193H329	44	1
A0A193H329	51	0
A0A193H329	55	0
A0A193H329	59	0
A0A193H356	0	0
A0A193H356	1	0
A0A193H356	8	0
A0A193H356	12	0
A0A193H356	16	0
A0A193H356	28	0
A0A193H361	2	0
A0A193H361	4	0
A0A193H361	5	0
A0A193H361	25	0
A0A193H361	26	0
A0A193H361	43	0
A0A193H361	44	1
A0A193H361	51	0
A0A193H361	55	0
A0A193H361	59	0
A0A193H362	4	0
A0A193H362	5	0
A0A193H362	25	0
A0A193H362	26	0
A0A193H362	43	0
A0A193H362	44	1
A0A193H362	51	0
A0A193H362	55	0
A0A193H365	2	0
A0A193H365	4	0
A0A193H365	5	0
A0A193H365	25	0
A0A193H365	26	0
A0A193H365	43	0
A0A193H365	44	1
A0A193H365	51	0
A0A193H365	55	0
A0A193H365	59	0
A0A193H395	4	0
A0A193H395	5	0
A0A193H395	25	0
A0A193H395	26	1
A0A193H395	42	0
A0A193H395	43	1
A0A193H395	50	0
A0A193H395	54	0
A0A193H395	62	0
A0A193H395	69	0
A0A193H396	4	0
A0A193H396	5	0
A0A193H396	25	0
A0A193H396	26	0
A0A193H396	43	0
A0A193H396	44	1
A0A193H396	55	0
A0A193H396	59	0
A0A193H397	4	0
A0A193H397	5	0
A0A193H397	25	0
A0A193H397	26	0
A0A193H397	43	0
A0A193H397	44	1
A0A193H397	51	0
A0A193H397	55	0
A0A193H397	59	0
A0A1M4BLT1	4	0
A0A1M4BLT1	5	0
A0A1M4BLT1	25	0
A0A1M4BLT1	26	0
A0A1M4BLT1	31	0
A0A1M4BLT1	39	0
A0A1M4BLT1	42	0
A0A1M4BLT1	46	0
A0A1M4BLT1	47	1
A0A1M4BLT1	64	0
A0A219CM62	3	0
A0A219CM62	18	0
A0A219CM62	21	0
A0A219CM62	30	1
A0A219CM62	39	0
A0A219CM62	42	1
A0A219CM62	53	0
A0A219CM62	57	0
A0A219CM62	61	0
A0A219CM62	71	0
A0A219CM62	72	1
A0A219CM62	81	0
A0A219CM62	82	0
A0A219CM62	88	0
A0A219CM62	102	0
A0A219CM62	105	1
A0A219CM62	118	0
A0A219CM62	119	0
A0A219CM62	121	0
A0A219CM62	122	1
A0A219CM62	133	0
A0A219CMY0	3	0
A0A219CMY0	18	0
A0A219CMY0	30	1
A0A219CMY0	39	0
A0A219CMY0	40	0
A0A219CMY0	42	1
A0A219CMY0	53	0
A0A219CMY0	57	0
A0A219CMY0	61	0
A0A219CMY0	69	0
A0A219CMY0	70	0
A0A219CMY0	79	0
A0A219CMY0	80	0
A0A219CMY0	86	0
A0A219CMY0	100	0
A0A219CMY0	103	1
A0A219CMY0	110	0
A0A219CMY0	112	0
A0A219CMY0	113	1
A0A219CMY0	124	0
A0A2L2DDD0	4	0
A0A2L2DDD0	5	0
A0A2L2DDD0	25	0
A0A2L2DDD0	26	0
A0A2L2DDD0	31	0
A0A2L2DDD0	34	0
A0A2L2DDD0	35	1
A0A2L2DDD0	41	0
A0A2L2DDD0	52	0
A0A2L2DDD0	54	0
A0A2L2DDD0	55	1
A0A2L2DDD0	62	0
A0A2L2DDD0	69	0
A0A2L2DDD0	80	0
A0A2L2DDD0	82	0
A0A2L2DDE6	4	0
A0A2L2DDE6	5	0
A0A2L2DDE6	25	0
A0A2L2DDE6	26	0
A0A2L2DDE6	31	0
A0A2L2DDE6	45	0
A0A2L2DDE6	47	0
A0A2L2DDE6	48	1
A0A2L2DDE6	63	0
A0A2L2DDE6	66	0
A0A2U8JCR5	4	0
A0A2U8JCR5	5	0
A0A2U8JCR5	25	0
A0A2U8JCR5	26	0
A0A2U8JCR5	42	0
A0A2U8JCR5	43	1
A0A2U8JCR5	47	0
A0A2U8JCR5	51	0
A0A2U8JCR5	55	0
A0A5P9K461	4	0
A0A5P9K461	5	0
A0A5P9K461	24	0
A0A5P9K461	26	0
A0A5P9K461	29	0
A0A5P9K461	40	0
A0A5P9K461	43	0
A0A5P9K461	44	1
A0A5P9K470	4	0
A0A5P9K470	5	0
A0A5P9K470	25	0
A0A5P9K470	26	0
A0A5P9K470	43	0
A0A5P9K470	44	1
A0A5P9K470	48	0
A0A5P9K470	52	0
A0A5P9K470	56	0
A0A5P9K470	60	0
A0A5P9K6A8	4	0
A0A5P9K6A8	5	0
A0A5P9K6A8	25	0
A0A5P9K6A8	26	0
A0A5P9K6A8	43	0
A0A5P9K6A8	44	1
A0A5P9K6A8	51	0
A0A5P9K6A8	59	0
A0A5P9K9Z4	4	0
A0A5P9K9Z4	5	0
A0A5P9K9Z4	25	0
A0A5P9K9Z4	26	0
A0A5P9K9Z4	43	0
A0A5P9K9Z4	44	1
A0A5P9K9Z4	51	0
A0A5P9K9Z4	59	0
A0A5P9NYS6	4	0
A0A5P9NYS6	5	0
A0A5P9NYS6	25	0
A0A5P9NYS6	26	0
A0A5P9NYS6	41	0
A0A5P9NYS6	42	1
A0A5P9NYS6	47	0
A0A5P9NYS6	49	0
A0A5P9NYS6	53	0
A0A5P9NYS6	57	0
A0A5Q0MU22	4	0
A0A5Q0MU22	5	0
A0A5Q0MU22	25	0
A0A5Q0MU22	26	0
A0A5Q0MU22	32	0
A0A5Q0MU22	40	0
A0A5Q0MU22	43	1
A0A5Q0MU22	47	0
A0A5Q0MU22	48	1
A0A5Q0MU22	65	0
A0AEI5	4	0
A0AEI5	5	0
A0AEI5	25	1
A0AEI5	40	0
A0AEI5	41	1
A0AEI5	49	0
A0AEI5	53	0
A0AEI5	61	0
A0AEI5	62	0
A0AEI5	66	0
A0AEI6	4	0
A0AEI6	5	0
A0AEI6	25	0
A0AEI6	39	0
A0AEI6	40	1
A0AEI6	47	0
A0AEI6	51	0
A0AEI6	60	0
A0AEI6	62	0
A0AEI6	64	0
A0SN38	4	0
A0SN38	5	0
A0SN38	25	0
A0SN38	32	0
A0SN38	33	0
A0SN38	44	0
A0SN38	45	1
A0SN38	60	0
A0SN38	64	0
A0SN38	67	0
A0SN38	68	0
A0SN42	4	0
A0SN42	5	0
A0SN42	25	1
A0SN42	32	0
A0SN42	33	0
A0SN42	44	0
A0SN42	45	1
A0SN42	60	0
A0SN42	64	0
A0SN42	67	0
A0SN42	68	0
A0SN45	4	0
A0SN45	5	0
A0SN45	25	0
A0SN45	31	0
A0SN45	32	1
A0SN45	38	0
A0SN45	44	0
A0SN45	45	1
A0SN45	52	0
A0SN45	63	0
A6MWS7	1	0
A6MWS7	35	0
A6MWS7	39	0
A6MWS7	40	1
A6MWS7	49	0
A6MWS8	1	0
A6MWS8	35	0
A6MWS8	39	0
A6MWS8	40	1
A6MWS8	50	0
A6MWS8	54	0
A6MWS8	55	0
A6MWS9	1	0
A6MWS9	35	0
A6MWS9	39	0
A6MWS9	40	1
A6MWS9	49	0
A6MWT0	1	0
A6MWT0	35	0
A6MWT0	39	0
A6MWT0	40	1
A6MWT0	49	0
A6MWT0	54	0
A6MWT0	55	0
A7WNV3	4	0
A7WNV3	5	0
A7WNV3	25	0
A7WNV3	31	0
A7WNV3	32	1
A7WNV3	44	0
A7WNV3	45	1
A7WNV3	60	0
A7WNV3	67	0
A7WNV3	68	0
A7WNV4	4	0
A7WNV4	5	0
A7WNV4	25	0
A7WNV4	31	0
A7WNV4	32	1
A7WNV4	44	0
A7WNV4	45	0
A7WNV4	56	0
A7WNV4	60	0
A7WNV4	67	0
A7WNV4	68	0
A7WNV5	4	0
A7WNV5	5	0
A7WNV5	25	1
A7WNV5	36	0
A7WNV5	39	0
A7WNV5	40	1
A7WNV5	47	0
A7WNV5	51	0
A7WNV5	55	0
A7WNV5	59	0
A7WNV5	63	0
A7WNV5	72	0
A7WNV5	75	0
A7WNV6	4	0
A7WNV6	5	0
A7WNV6	25	1
A7WNV6	41	0
A7WNV6	42	1
A7WNV6	49	0
A7WNV6	53	0
A7WNV6	62	0
A7WNV6	64	0
A7WNV6	66	0
A7WNV7	4	0
A7WNV7	5	0
A7WNV7	25	1
A7WNV7	32	0
A7WNV7	33	0
A7WNV7	45	0
A7WNV7	46	1
A7WNV7	53	0
A7WNV7	61	0
A8B5P0	4	0
A8B5P0	5	0
A8B5P0	22	0
A8B5P0	25	0
A8B5P0	33	0
A8B5P0	34	0
A8B5P0	41	0
A8B5P0	42	1
A8B5P0	49	0
A8B5P0	52	0
A8B5P0	58	0
A8B5P0	63	0
A8B5P7	4	0
A8B5P7	5	0
A8B5P7	22	0
A8B5P7	25	0
A8B5P7	33	0
A8B5P7	34	0
A8B5P7	41	0
A8B5P7	42	1
A8B5P7	49	0
A8B5P7	52	0
A8B5P7	58	0
A8B5P7	63	0
A8B5Q0	4	0
A8B5Q0	5	0
A8B5Q0	22	0
A8B5Q0	25	0
A8B5Q0	33	0
A8B5Q0	34	0
A8B5Q0	41	0
A8B5Q0	42	1
A8B5Q0	49	0
A8B5Q0	52	0
A8B5Q0	58	0
A8B5Q0	63	0
A8DY01	4	0
A8DY01	5	0
A8DY01	22	0
A8DY01	25	0
A8DY01	33	0
A8DY01	34	0
A8DY01	41	0
A8DY01	42	1
A8DY01	49	0
A8DY01	52	0
A8DY01	58	0
A8DY01	63	0
B3A0M3	6	0
B3A0M3	14	0
B3A0M3	27	0
B3A0M3	30	0
B3A0M4	6	0
B3A0M4	21	0
B3A0M4	22	0
B3A0M5	6	0
B3A0M5	21	0
B3A0M5	22	0
B3A0M6	4	0
B3A0M6	10	0
B3A0M6	11	0
B3A0M7	4	0
B3A0M7	10	0
B3A0M7	11	0
B3A0M8	6	0
B3A0M8	10	0
B3A0M8	14	0
B3A0M8	18	0
B3A0M8	22	0
B3A0M8	31	0
B3A0M9	6	0
B3A0M9	10	0
B3A0M9	14	0
B3A0M9	18	0
B3A0M9	22	0
B3A0M9	31	0
B3A0N0	6	0
B3A0N0	10	0
B3A0N0	21	0
B3A0N0	22	0
B3KYH4	13	1
B3KYH4	20	0
B3KYH4	21	1
B3KYH4	33	0
B3KYH4	34	1
B3KYH4	45	0
B3KYH4	49	0
B3KYH6	13	1
B3KYH6	20	0
B3KYH6	21	1
B3KYH6	33	0
B3KYH6	34	1
B3KYH6	49	0
B3VZU0	4	0
B3VZU0	5	0
B3VZU0	25	1
B3VZU0	32	0
B3VZU0	33	1
B3VZU0	39	0
B3VZU0	45	0
B3VZU0	46	0
B3VZU0	57	0
B3VZU0	64	0
B3VZU0	65	0
B3VZU1	4	0
B3VZU1	5	0
B3VZU1	25	0
B3VZU1	31	0
B3VZU1	32	1
B3VZU1	38	0
B3VZU1	44	0
B3VZU1	45	1
B3VZU1	56	0
B3VZU1	63	0
B3VZU1	64	0
B3VZU2	4	0
B3VZU2	5	0
B3VZU2	25	1
B3VZU2	32	0
B3VZU2	33	1
B3VZU2	39	0
B3VZU2	45	0
B3VZU2	46	1
B3VZU2	55	0
B3VZU2	58	0
B3VZU2	59	0
B3VZU3	4	0
B3VZU3	5	0
B3VZU3	25	0
B3VZU3	31	0
B3VZU3	32	1
B3VZU3	38	1
B3VZU3	44	0
B3VZU3	45	1
B3VZU3	60	0
B3VZU4	4	0
B3VZU4	5	0
B3VZU4	25	1
B3VZU4	32	0
B3VZU4	33	1
B3VZU4	39	1
B3VZU4	45	0
B3VZU4	46	0
B3VZU4	61	0
B3VZU5	4	0
B3VZU5	5	0
B3VZU5	25	0
B3VZU5	38	0
B3VZU5	42	0
B3VZU5	43	1
B3VZU5	57	0
B3VZU6	4	0
B3VZU6	5	0
B3VZU6	25	0
B3VZU6	38	0
B3VZU6	42	0
B3VZU6	43	1
B5A9S9	4	0
B5A9S9	5	0
B5A9S9	25	0
B5A9S9	31	0
B5A9S9	32	1
B5A9S9	38	0
B5A9S9	44	0
B5A9S9	45	1
B5A9S9	56	0
B5A9S9	57	0
B5A9T0	4	0
B5A9T0	5	0
B5A9T0	25	0
B5A9T0	32	0
B5A9T0	33	0
B5A9T0	46	0
B5A9T0	51	0
B5A9T0	54	0
B5A9T0	55	0
B5A9T0	59	0
B5A9T0	60	0
B5A9T0	62	0
B5A9T0	63	0
B5A9T1	4	0
B5A9T1	5	0
B5A9T1	17	0
B5A9T1	25	0
B5A9T1	32	0
B5A9T1	33	0
B5A9T1	46	0
B5A9T1	51	0
B5A9T1	54	0
B5A9T1	55	0
B5A9T1	59	0
B5A9T1	60	0
B5A9T1	62	0
B5A9T1	63	0
B5LUQ3	4	0
B5LUQ3	5	0
B5LUQ3	23	0
B5LUQ3	25	0
B5LUQ3	26	0
B5LUQ3	47	0
B5LUQ3	48	1
B5LUQ3	55	0
B5LUQ3	63	0
B5LUQ3	66	0
B5LUQ3	67	1
B5LUQ3	71	0
B5LUQ3	72	1
B5LUQ3	79	0
B5LUQ3	87	0
B5LUQ3	90	0
B5LUQ4	4	0
B5LUQ4	5	0
B5LUQ4	23	0
B5LUQ4	25	0
B5LUQ4	26	0
B5LUQ4	44	0
B5LUQ4	45	1
B5LUQ4	53	0
B5LUQ5	4	0
B5LUQ5	5	0
B5LUQ5	23	0
B5LUQ5	25	0
B5LUQ5	26	0
B5LUQ5	44	0
B5LUQ5	45	1
B5LUQ5	53	0
B5LUQ6	4	0
B5LUQ6	5	0
B5LUQ6	25	0
B5LUQ6	26	0
B5LUQ6	29	0
B5LUQ6	45	0
B5LUQ6	49	0
B5LUQ6	50	1
B5LUQ6	65	0
B5LUQ6	66	0
B5LUQ7	4	0
B5LUQ7	5	0
B5LUQ7	24	0
B5LUQ7	25	0
B5LUQ7	26	0
B5LUQ7	44	0
B5LUQ7	45	1
B5LUQ7	52	0
B5LUQ7	60	0
B5LUQ7	63	0
B5LUQ7	64	1
B5LUQ7	68	0
B5LUQ7	69	0
B5LUQ7	75	0
B5LUQ7	76	0
B5LUQ7	80	0
B5LUQ7	81	0
B5LUQ7	89	0
B5LUQ7	90	0
B5LUQ7	94	0
B5LUQ7	95	0
B5LUQ7	103	0
B5LUQ7	104	0
B5LUQ7	108	0
B5LUQ7	109	0
B5LUQ7	117	0
B5LUQ7	118	0
B5LUQ7	119	0
B5LUQ7	120	0
B5LUQ7	121	0
B5LUQ7	122	0
B5LUQ8	4	0
B5LUQ8	5	0
B5LUQ8	25	0
B5LUQ8	26	1
B5LUQ8	47	0
B5LUQ8	48	1
B5LUQ8	55	0
B5LUQ8	63	0
B5LUQ8	66	0
B5LUQ8	67	1
B5LUQ8	71	0
B5LUQ8	72	0
B5LUQ8	78	0
B5LUQ8	79	0
B5LUQ8	83	0
B5LUQ8	84	0
B5LUQ8	90	0
B5LUQ8	91	0
B5LUQ8	95	0
B5LUQ8	96	1
B5LUQ8	102	0
B5LUQ9	4	0
B5LUQ9	5	0
B5LUQ9	24	0
B5LUQ9	25	0
B5LUQ9	26	0
B5LUQ9	44	0
B5LUQ9	45	1
B5LUQ9	52	0
B5LUQ9	60	0
B5LUQ9	63	0
B5LUQ9	64	1
B5LUQ9	68	0
B5LUQ9	69	0
B5LUQ9	75	0
B5LUQ9	76	0
B5LUQ9	80	0
B5LUQ9	81	0
B5LUQ9	89	0
B5LUQ9	90	0
B5LUQ9	94	0
B5LUQ9	95	0
B5LUQ9	103	0
B5LUQ9	104	0
B5LUQ9	108	0
B5LUQ9	109	0
B5LUQ9	117	0
B5LUQ9	118	0
B5LUQ9	122	0
B5LUQ9	123	0
B5LUQ9	131	0
B5LUR0	4	0
B5LUR0	5	0
B5LUR0	25	0
B5LUR0	26	0
B5LUR0	44	0
B5LUR0	45	1
B5LUR0	52	0
B5LUR0	60	0
B5LUR0	63	0
B5LUR0	64	1
B5LUR0	68	0
B5LUR0	69	1
B5LUR0	76	0
B5LUR0	77	0
B5LUR0	81	0
B5LUR0	82	1
B5LUR0	89	0
B5LUR0	90	0
B5LUR0	94	0
B5LUR0	95	0
B5LUR0	98	0
B5LUR0	102	0
B5LUR0	105	0
B5LUR0	108	0
B5LUR1	4	0
B5LUR1	5	0
B5LUR1	25	0
B5LUR1	26	0
B5LUR1	44	0
B5LUR1	45	1
B5LUR1	52	0
B5LUR1	60	0
B5LUR1	63	0
B5LUR1	64	1
B5LUR1	68	0
B5LUR1	69	1
B5LUR1	76	0
B5LUR1	77	0
B5LUR1	81	0
B5LUR1	82	1
B5LUR1	89	0
B5LUR1	90	0
B6CPR5	5	0
B6CPR5	6	1
B6CPR5	18	0
B6CPR5	19	0
B6CPR5	33	0
B6CPR5	34	0
B6CPR5	41	0
B6CPR5	42	0
B6HY14	4	0
B6HY14	5	0
B6HY14	25	0
B6HY14	26	0
B6HY14	43	0
B6HY14	44	1
B6HY14	52	0
B6HY14	55	0
B6HY14	59	0
B6HY15	4	0
B6HY15	5	0
B6HY15	25	0
B6HY15	26	0
B6HY15	43	0
B6HY15	44	0
B6HY15	49	0
B6HY15	51	0
B6HY15	55	0
B6HY15	59	0
B6HY15	63	0
B6HY15	67	0
B6HY16	5	0
B6HY16	25	0
B6HY16	26	0
B6HY16	43	0
B6HY16	44	1
B6HY16	55	0
B6HY16	59	0
C0HJB7	0	0
C0HJB7	4	0
C0HJB7	9	0
C0HJB7	12	0
C0HJB7	15	0
C0HJB8	5	0
C0HJB8	9	0
C0HJB8	13	0
C0HJB8	14	0
C0HJB8	16	0
C0HJF6	4	0
C0HJF6	5	0
C0HJF6	25	0
C0HJF6	26	0
C0HJF6	38	0
C0HJF6	39	0
C0HJF6	50	0
C0HJF6	51	1
C0HJF6	53	0
C0HJZ6	4	0
C0HJZ6	5	0
C0HJZ6	25	0
C0HJZ6	26	0
C0HJZ6	39	0
C0HJZ6	40	1
C0HJZ6	47	0
C0HJZ6	51	0
C0HJZ6	60	0
C0HJZ6	64	0
C0HJZ7	4	0
C0HJZ7	5	0
C0HJZ7	25	0
C0HJZ7	26	0
C0HJZ7	39	0
C0HJZ7	40	1
C0HJZ7	47	0
C0HJZ7	51	0
C0HJZ7	60	0
C0HJZ7	64	0
C0HJZ8	4	0
C0HJZ8	5	0
C0HJZ8	25	0
C0HJZ8	26	0
C0HJZ8	39	0
C0HJZ8	40	1
C0HJZ8	47	0
C0HJZ8	51	0
C0HJZ8	60	0
C0HJZ8	64	0
C0HJZ9	4	0
C0HJZ9	5	0
C0HJZ9	25	0
C0HJZ9	26	0
C0HJZ9	39	0
C0HJZ9	40	1
C0HJZ9	47	0
C0HJZ9	51	0
C0HJZ9	60	0
C0HJZ9	64	0
C0HK00	4	0
C0HK00	5	0
C0HK00	25	0
C0HK00	26	0
C0HK00	39	0
C0HK00	40	1
C0HK00	47	0
C0HK00	51	0
C0HK00	60	0
C0HK00	64	0
C0HK01	4	0
C0HK01	5	0
C0HK01	25	0
C0HK01	26	0
C0HK01	39	0
C0HK01	40	1
C0HK01	47	0
C0HK01	51	0
C0HK01	60	0
C0HK01	64	0
C0HK01	69	0
C0HK02	4	0
C0HK02	5	0
C0HK02	25	0
C0HK02	26	0
C0HK02	39	0
C0HK02	40	1
C0HK02	47	0
C0HK02	51	0
C0HK02	60	0
C0HK02	64	0
C0HK02	69	0
C0HK03	4	0
C0HK03	5	0
C0HK03	25	0
C0HK03	26	0
C0HK03	39	0
C0HK03	40	1
C0HK03	47	0
C0HK03	51	0
C0HK03	56	0
C0HK03	60	0
C0HK03	64	0
C0HK03	69	0
C0HK08	6	0
C0HK08	10	0
C0HK09	9	0
C0HK09	13	0
C0HK10	14	0
C0HK11	6	0
C0HK11	18	0
C0HKA7	0	0
C0HKA7	8	0
C0HKA8	0	0
C0HKA8	8	0
C0HKA9	8	0
C0HKF0	6	0
C0HKF0	10	0
C0HKF0	19	0
C0HKF0	23	0
C0HKF1	6	0
C0HKF1	10	0
C0HKF1	19	0
C0HKF2	6	0
C0HKF2	10	0
C0HKF2	19	0
C0HKK8	7	0
C0HKK8	10	0
C0HKK8	21	0
C0HKK9	7	0
C0HKK9	10	0
C0HKK9	21	0
C0HKL5	2	0
C0HKL5	10	0
C0HKL5	13	0
C0HKL6	3	0
C0HKL6	10	0
C0HKL6	13	0
C0HKL6	21	0
C0HKL7	4	0
C0HKL7	11	0
C0HKL7	14	0
C0HKL7	18	0
C0HKL8	4	0
C0HKL8	11	0
C0HKL8	14	0
C0HKL9	11	0
C0HKL9	14	0
C0HKM0	4	0
C0HKM0	11	0
C0HKM0	14	0
C0HKM0	24	0
C0HKM1	4	0
C0HKM1	11	0
C0HKM1	14	0
C0HKM1	24	0
C0HKM2	4	0
C0HKM2	11	0
C0HKM2	14	0
C0HKM2	24	0
C0HKM5	7	0
C0HKM5	10	0
C0HKM5	14	0
C0HKM6	7	0
C0HKM6	10	0
C0HKM6	14	0
C0HKM7	7	0
C0HKM7	10	0
C0HKM7	14	0
C0HKM8	7	0
C0HKM8	10	0
C0HKM8	14	0
C0HKM9	7	0
C0HKM9	10	0
C0HKM9	14	0
C0HKN0	7	0
C0HKN0	10	0
C0HKN0	21	0
C0HKN1	7	0
C0HKN1	10	0
C0HKN1	14	0
C0HKN2	7	0
C0HKN2	10	0
C0HKN2	14	0
C0HKN3	7	0
C0HKN3	10	0
C0HKN4	7	0
C0HKN4	10	0
C0HKN5	7	0
C0HKN5	10	0
C0HKN6	3	0
C0HKN6	9	0
C0HKN6	10	0
C0HKN6	13	0
C0HKN7	2	0
C0HKN7	10	0
C0HKN7	13	0
C0HKN8	3	0
C0HKN8	10	0
C0HKN8	13	0
C0HKN8	21	0
C0HKN9	4	0
C0HKN9	11	0
C0HKN9	14	0
C0HKN9	18	0
C0HKP0	4	0
C0HKP0	11	0
C0HKP0	14	0
C0HKP0	18	0
C0HKP1	4	0
C0HKP1	11	0
C0HKP1	14	0
C0HKP2	4	0
C0HKP2	11	0
C0HKP2	14	0
C0HKP3	11	0
C0HKP3	14	0
C0HKP4	11	0
C0HKP4	14	0
C0HKP5	4	0
C0HKP5	11	0
C0HKP5	14	0
C0HKP5	24	0
C0HKP6	4	0
C0HKP6	11	0
C0HKP6	14	0
C0HKP6	24	0
C0HKP7	4	0
C0HKP7	11	0
C0HKP7	14	0
C0HKP7	24	0
C0HKP8	6	0
C0HKP8	8	0
C0HKP8	10	0
C0HKP8	18	0
C0HKP8	22	0
C0HKP9	16	0
C0HKQ0	16	0
C0HKQ1	7	0
C0HKQ1	11	0
C0HKQ1	15	0
C0HKQ1	16	0
C0HKQ1	18	0
C0HKQ1	27	0
C0HKQ2	21	0
C0HKQ2	22	0
C0HL41	0	0
C0HL42	0	0
C0HL43	0	0
C0HL44	0	0
C0HL47	10	0
C0HL47	17	0
C0HL47	18	0
C0HL48	10	0
C0HL48	17	0
C0HL48	18	0
C0HL49	14	0
C0HLC0	4	0
C0HLC0	6	0
C0HLC0	10	0
C0HLC0	14	0
C0HLC0	18	0
C0HLC0	23	0
C0HLC1	4	0
C0HLC1	6	0
C0HLC1	10	0
C0HLC1	14	0
C0HLC1	18	0
C0HLC1	23	0
C0HLC3	4	0
C0HLC3	6	0
C0HLC3	10	0
C0HLC3	14	0
C0HLC3	18	0
C0HLC4	3	0
C0HLC4	7	0
C0HLC4	11	0
C0HLC4	15	0
C0HLC5	3	0
C0HLC5	7	0
C0HLC5	11	0
C0HLC5	18	0
C0HLC6	3	0
C0HLC6	7	0
C0HLC6	11	0
C0HLC6	15	0
C0HLC7	3	0
C0HLC7	7	0
C0HLC7	11	0
C0HLC7	18	0
C0HLC8	3	0
C0HLC8	7	0
C0HLC8	11	0
C0HLC8	18	0
C0HLC9	3	0
C0HLC9	7	0
C0HLC9	11	0
C0HLC9	18	0
C0HLD0	4	0
C0HLD0	6	0
C0HLD0	10	0
C0HLD0	14	0
C0HLD1	4	0
C0HLD1	6	0
C0HLD1	10	0
C0HLD1	14	0
C0HLD2	3	0
C0HLD2	7	0
C0HLD2	11	0
C0HLD2	22	0
C0HLD3	3	0
C0HLD3	7	0
C0HLD3	8	0
C0HLD3	18	0
C0HLD4	3	0
C0HLD4	7	0
C0HLD4	8	0
C0HLD4	18	0
C0HLD5	6	0
C0HLD5	16	0
C0HLD6	6	0
C0HLD6	16	0
C0HLD7	16	0
C0HLD8	6	0
C0HLD8	16	0
C0HLD9	6	0
C0HLD9	16	0
C0HLE1	16	0
C0HLX8	6	0
C0HLX8	10	0
C0HLX8	19	0
C0HLX8	21	0
C0HLX8	23	0
C0HLX9	6	0
C0HLX9	10	0
C0HLX9	19	0
C0HLX9	21	0
C0HLX9	23	0
C0HLY0	6	0
C0HLY0	7	0
C0HLY0	10	0
C0HLY0	14	0
C0HLY0	25	0
C0HLY0	27	0
C0HLY1	6	0
C0HLY1	10	0
C0HLY1	21	0
C0HLY2	10	0
C0HLY2	17	0
C0HLY2	18	0
C0HLY3	6	0
C0HLY4	12	0
C0HM29	9	0
C0HM31	6	0
C0HM31	14	0
C0HM32	6	0
C0HM32	14	0
C0HM33	6	0
C0HM33	14	0
C0HM34	10	0
C0HM35	7	0
C0HM35	14	0
C0HM35	15	0
C0HM56	6	0
C0HM56	7	0
C0HM56	10	0
C0HM56	14	0
C0HM56	25	0
C0HM56	27	0
C0HM59	6	0
C3RT17	4	0
C3RT17	5	0
C3RT17	25	0
C3RT17	31	0
C3RT17	32	1
C3RT17	44	0
C3RT17	45	1
C3RT17	52	0
C3RT17	64	0
C3RT17	67	0
C3RT17	68	0
C3RT18	4	0
C3RT18	5	0
C3RT18	25	0
C3RT18	31	0
C3RT18	32	1
C3RT18	44	0
C3RT18	45	1
C3RT18	52	0
C3RT18	64	0
C3RT18	67	0
C3RT18	68	0
C3RT22	4	0
C3RT22	5	0
C3RT22	25	0
C3RT22	31	0
C3RT22	32	1
C3RT22	44	0
C3RT22	45	1
C3RT22	60	0
C3RT22	64	0
C3RT23	4	0
C3RT23	5	0
C3RT23	25	1
C3RT23	40	0
C3RT23	41	1
C3RT23	44	0
C3RT23	46	0
C3RT23	48	0
C3RT23	56	0
C3RT23	64	0
C3RT23	69	0
C3RT23	72	0
C3RT24	4	0
C3RT24	5	0
C3RT24	25	0
C3RT24	40	0
C3RT24	41	1
C3RT24	44	1
C3RT24	46	0
C3RT24	48	0
C3RT24	56	0
C3RT24	64	0
C3RT24	69	0
C3RT24	72	0
C4N9P6	4	0
C4N9P6	5	0
C4N9P6	25	1
C4N9P6	32	0
C4N9P6	33	0
C4N9P6	39	0
C4N9P6	45	0
C4N9P6	46	0
C4N9P6	49	0
C4N9P6	53	0
C4N9P6	57	0
C4N9P6	61	0
C5H0C7	4	0
C5H0C7	5	0
C5H0C7	25	1
C5H0C7	42	0
C5H0C7	43	1
C5H0C7	55	0
C5H0C8	4	0
C5H0C8	5	0
C5H0C8	25	1
C5H0C8	42	0
C5H0C8	43	1
C5H0C8	55	0
C5H0D4	4	0
C5H0D4	5	0
C5H0D4	25	1
C5H0D4	34	0
C5H0D4	37	0
C5H0D4	38	0
C5H0D4	45	0
C5H0D4	49	0
C5H0D4	53	0
C5H0D4	57	0
C5H0D4	61	0
C5H0D4	70	0
C5H0D5	4	0
C5H0D5	5	0
C5H0D5	25	1
C5H0D5	34	0
C5H0D5	37	0
C5H0D5	38	0
C5H0D5	45	0
C5H0D5	49	0
C5H0D5	53	0
C5H0D5	57	0
C5H0D5	61	0
C5H0D5	70	0
C5H0D6	4	0
C5H0D6	5	0
C5H0D6	25	0
C5H0D6	31	0
C5H0D6	32	1
C5H0D6	38	0
C5H0D6	44	0
C5H0D6	45	0
C5H0D6	52	0
C5H0D6	63	0
C5H0D7	4	0
C5H0D7	5	0
C5H0D7	25	0
C5H0D7	31	0
C5H0D7	32	1
C5H0D7	38	0
C5H0D7	44	0
C5H0D7	45	1
C5H0D7	52	0
C5H0D7	63	0
C5H0D8	4	0
C5H0D8	5	0
C5H0D8	25	0
C5H0D8	31	0
C5H0D8	32	1
C5H0D8	38	0
C5H0D8	44	0
C5H0D8	45	1
C5H0D8	52	0
C5H0D8	63	0
C5H0D9	4	0
C5H0D9	5	0
C5H0D9	25	0
C5H0D9	31	0
C5H0D9	32	1
C5H0D9	38	0
C5H0D9	44	0
C5H0D9	45	1
C5H0D9	52	0
C5H0D9	63	0
C5H0E0	4	0
C5H0E0	5	0
C5H0E0	25	0
C5H0E0	31	0
C5H0E0	32	1
C5H0E0	38	0
C5H0E0	44	0
C5H0E0	45	1
C5H0E0	52	0
C5H0E0	60	0
C5H0E1	4	0
C5H0E1	5	0
C5H0E1	25	0
C5H0E1	31	0
C5H0E1	32	1
C5H0E1	38	0
C5H0E1	44	0
C5H0E1	45	1
C5H0E1	52	0
C5H0E1	60	0
C5H0E2	4	0
C5H0E2	5	0
C5H0E2	25	0
C5H0E2	31	0
C5H0E2	32	1
C5H0E2	38	0
C5H0E2	44	0
C5H0E2	45	1
C5H0E2	52	0
C5IB03	4	0
C5IB03	5	0
C5IB03	25	1
C5IB03	38	0
C5IB03	39	1
C5IB03	46	0
C5IB03	50	0
C5IB03	55	0
C5IB03	61	0
C5IB03	63	0
C5J8E3	4	0
C5J8E3	5	0
C5J8E3	25	0
C5J8E3	26	0
C5J8E3	38	0
C5J8E3	39	0
C5J8E3	46	0
C5J8E3	47	0
C5J8E3	49	0
C5J8E3	55	0
C5J8E3	57	0
C5J8E3	59	0
C5J8E3	61	0
D3UA80	11	0
D3UA80	12	1
D3UA80	19	0
D3UA80	23	0
D3UA80	32	0
D3UA80	34	0
D3UA80	36	0
D4YWD0	13	1
D4YWD0	19	0
D4YWD0	20	1
D4YWD0	32	0
D4YWD0	33	1
D4YWD0	48	0
D4YWD0	52	0
D4YWD1	13	1
D4YWD1	20	0
D4YWD1	21	1
D4YWD1	32	0
D4YWD1	33	0
D4YWD1	34	1
D4YWD1	40	0
D4YWD1	44	0
D5GRW4	4	0
D5GRW4	5	0
D5GRW4	25	0
D5GRW4	31	0
D5GRW4	32	1
D5GRW4	44	0
D5GRW4	45	1
D5GRW4	59	0
D5GRW4	63	0
E1AWD2	4	0
E1AWD2	5	0
E1AWD2	25	0
E1AWD2	31	0
E1AWD2	32	0
E1AWD2	37	0
E1AWD2	38	1
E1AWD2	44	0
E1AWD2	45	1
E1AWD2	64	0
E1AWD2	67	0
E1AWD2	68	0
E1AWD3	4	0
E1AWD3	5	0
E1AWD3	25	0
E1AWD3	32	0
E1AWD3	33	0
E1AWD3	38	0
E1AWD3	39	1
E1AWD3	45	0
E1AWD3	46	1
E1AWD3	57	0
E1AWD3	65	0
E1AWD3	68	0
E1AWD3	69	0
E1AWD4	4	0
E1AWD4	5	0
E1AWD4	25	0
E1AWD4	31	0
E1AWD4	32	0
E1AWD4	43	0
E1AWD4	44	1
E1AWD4	51	0
E1AWD4	63	0
E1AWD4	66	0
E1AWD4	67	0
E1AWD5	4	0
E1AWD5	5	0
E1AWD5	25	0
E1AWD5	31	0
E1AWD5	32	0
E1AWD5	43	0
E1AWD5	44	1
E1AWD5	59	0
E1AWD5	63	0
E1AWD5	66	0
E1AWD5	67	0
E1AWD6	4	0
E1AWD6	5	0
E1AWD6	25	1
E1AWD6	39	0
E1AWD6	40	1
E1AWD6	45	0
E1AWD6	47	0
E1AWD6	55	0
E1AWD6	68	0
E1AWD6	71	0
E1AWD7	4	0
E1AWD7	5	0
E1AWD7	25	0
E1AWD7	31	0
E1AWD7	32	0
E1AWD7	37	0
E1AWD7	43	0
E1AWD7	44	1
E1AWD7	54	0
E1AWD7	59	0
E1AWD8	4	0
E1AWD8	5	0
E1AWD8	25	0
E1AWD8	31	0
E1AWD8	32	0
E1AWD8	37	0
E1AWD8	43	0
E1AWD8	44	1
E1AWD8	51	0
E1AWD8	59	0
E1AWE0	4	0
E1AWE0	5	0
E1AWE0	25	0
E1AWE0	31	0
E1AWE0	32	1
E1AWE0	38	0
E1AWE0	44	0
E1AWE0	45	1
E1AWE0	52	0
E1AWE0	60	0
E1AXF5	4	0
E1AXF5	5	0
E1AXF5	25	1
E1AXF5	39	0
E1AXF5	40	1
E1AXF5	47	0
E1AXF5	68	0
E1AXF5	71	0
E1AXF6	4	0
E1AXF6	5	0
E1AXF6	25	1
E1AXF6	34	0
E1AXF6	37	0
E1AXF6	38	0
E1AXF6	45	0
E1AXF6	49	0
E1AXF6	53	0
E1AXF6	57	0
E1AXF6	61	0
E1AXF6	70	0
E1AXF9	4	0
E1AXF9	5	0
E1AXF9	25	1
E1AXF9	42	0
E1AXF9	43	1
E1AXF9	55	0
E1B228	4	0
E1B228	5	0
E1B228	25	0
E1B228	31	0
E1B228	32	0
E1B228	43	0
E1B228	44	1
E1B228	59	0
E1B228	63	0
E1B228	66	0
E1B228	67	0
E1B230	4	0
E1B230	5	0
E1B230	25	1
E1B230	37	0
E1B230	38	1
E1B230	45	0
E1B230	49	0
E1B230	53	0
E1B230	57	0
E1B230	61	0
E1B230	70	0
E1B230	72	0
E1B231	4	0
E1B231	5	0
E1B231	25	0
E1B231	39	0
E1B231	40	0
E1B231	47	0
E1B231	51	0
E1B231	52	0
E1B231	60	0
E1B231	62	0
E1B231	70	0
E1B240	4	0
E1B240	5	0
E1B240	25	1
E1B240	32	0
E1B240	33	0
E1B240	44	0
E1B240	45	1
E1B240	60	0
E1B240	64	0
E1B240	67	0
E1B240	68	0
E1B241	4	0
E1B241	5	0
E1B241	25	0
E1B241	32	0
E1B241	33	0
E1B241	44	0
E1B241	45	1
E1B241	60	0
E1B241	64	0
E1B241	67	0
E1B241	68	0
E1B242	4	0
E1B242	5	0
E1B242	25	1
E1B242	34	0
E1B242	37	0
E1B242	38	1
E1B242	45	0
E1B242	49	0
E1B242	53	0
E1B242	57	0
E1B242	61	0
E1B242	70	0
E1B243	4	0
E1B243	5	0
E1B243	25	1
E1B243	34	0
E1B243	37	0
E1B243	38	0
E1B243	45	0
E1B243	49	0
E1B243	53	0
E1B243	57	0
E1B243	61	0
E1B243	70	0
E1B245	4	0
E1B245	5	0
E1B245	25	1
E1B245	32	0
E1B245	33	0
E1B245	44	0
E1B245	45	1
E1B245	53	0
E1B245	60	0
E1B245	61	0
E1B247	4	0
E1B247	5	0
E1B247	25	0
E1B247	31	0
E1B247	32	1
E1B247	38	0
E1B247	44	0
E1B247	45	1
E1B247	52	0
E1B247	59	0
E1B248	4	0
E1B248	5	0
E1B248	25	0
E1B248	31	0
E1B248	32	1
E1B248	38	0
E1B248	44	0
E1B248	45	1
E1B248	52	0
E1B248	60	0
E4Z7G0	4	0
E4Z7G0	5	0
E4Z7G0	24	0
E4Z7G0	25	0
E4Z7G0	35	0
E4Z7G0	36	1
E4Z7G0	43	0
E4Z7G0	44	1
E4Z7G0	48	0
E4Z7G0	49	0
E4Z7G0	50	1
E6ZBE2	4	0
E6ZBE2	5	0
E6ZBE2	24	0
E6ZBE2	25	1
E6ZBE2	33	0
E6ZBE2	34	1
E6ZBE2	42	0
E6ZBE2	43	1
E6ZBE2	51	0
E6ZBE2	52	1
E6ZBE2	60	0
E6ZBE2	61	0
E6ZBE2	62	0
E6ZBE2	63	1
E7EKC4	4	0
E7EKC4	5	0
E7EKC4	25	1
E7EKC4	32	0
E7EKC4	33	0
E7EKC4	39	0
E7EKC4	45	0
E7EKC4	46	1
E7EKC4	61	0
E7EKC4	65	0
E7EKC4	68	0
E7EKC4	69	0
E7EKC5	4	0
E7EKC5	5	0
E7EKC5	25	1
E7EKC5	32	0
E7EKC5	33	0
E7EKC5	39	0
E7EKC5	45	0
E7EKC5	46	0
E7EKC5	61	0
E7EKC5	65	0
E7EKC5	68	0
E7EKC5	69	0
E7EKD0	4	0
E7EKD0	5	0
E7EKD0	25	0
E7EKD0	31	0
E7EKD0	32	1
E7EKD0	44	0
E7EKD0	45	1
E7EKD0	56	0
E7EKD0	57	0
E7EKD0	61	0
E7EKD4	4	0
E7EKD4	5	0
E7EKD4	25	0
E7EKD4	28	0
E7EKD4	31	0
E7EKD4	32	1
E7EKD4	41	0
E7EKD4	42	1
E7EKD4	53	0
E7EKD4	54	0
E7EKD4	58	0
E7EKD6	4	0
E7EKD6	5	0
E7EKD6	25	1
E7EKD6	41	0
E7EKD6	44	0
E7EKD6	47	0
E7EKD6	51	0
E7EKD6	58	0
E7EKD6	60	0
E7EKD9	4	0
E7EKD9	5	0
E7EKD9	25	1
E7EKD9	41	0
E7EKD9	42	1
E7EKD9	46	0
E7EKD9	51	0
E7EKD9	56	0
E7EKD9	61	0
E7EKD9	62	0
E7EKE0	4	0
E7EKE0	5	0
E7EKE0	25	0
E7EKE0	40	0
E7EKE0	41	1
E7EKE0	48	0
E7EKE0	56	0
E7EKE0	64	0
E7EKE0	69	0
E7EKE0	72	0
E7EKE1	4	0
E7EKE1	5	0
E7EKE1	25	1
E7EKE1	40	0
E7EKE1	41	1
E7EKE1	48	0
E7EKE1	56	0
E7EKE1	64	0
E7EKE1	69	0
E7EKE1	72	0
E7EKH1	4	0
E7EKH1	5	0
E7EKH1	25	1
E7EKH1	32	0
E7EKH1	33	1
E7EKH1	45	0
E7EKH1	46	1
E7EKH1	53	0
E7EKH1	68	0
E7EKH1	69	0
E7EKH2	4	0
E7EKH2	5	0
E7EKH2	25	0
E7EKH2	32	0
E7EKH2	33	1
E7EKH2	45	0
E7EKH2	46	1
E7EKH2	53	0
E7EKH2	65	0
E7EKH2	68	0
E7EKH2	69	0
E7EKH3	4	0
E7EKH3	5	0
E7EKH3	25	1
E7EKH3	40	0
E7EKH3	41	0
E7EKH3	44	0
E7EKH3	46	0
E7EKH3	48	0
E7EKH3	56	0
E7EKH3	64	0
E7EKH3	72	0
E7EKH4	4	0
E7EKH4	5	0
E7EKH4	25	1
E7EKH4	40	0
E7EKH4	41	1
E7EKH4	48	0
E7EKH4	56	0
E7EKH4	64	0
E7EKH4	72	0
E7EKH5	4	0
E7EKH5	5	0
E7EKH5	25	1
E7EKH5	40	0
E7EKH5	41	1
E7EKH5	48	0
E7EKH5	56	0
E7EKH5	64	0
E7EKH5	72	0
E7EKH6	4	0
E7EKH6	5	0
E7EKH6	25	0
E7EKH6	40	0
E7EKH6	41	1
E7EKH6	49	0
E7EKH6	53	0
E7EKH6	54	0
E7EKH6	58	0
E7EKH6	66	0
E7EKH7	4	0
E7EKH7	5	0
E7EKH7	25	0
E7EKH7	40	0
E7EKH7	41	1
E7EKH7	49	0
E7EKH7	53	0
E7EKH7	58	0
E7EKH7	66	0
E7EKI0	4	0
E7EKI0	5	0
E7EKI0	25	1
E7EKI0	37	0
E7EKI0	38	1
E7EKI0	45	0
E7EKI0	49	0
E7EKI0	53	0
E7EKI0	57	0
E7EKI0	61	0
E7EKI0	70	0
E7EKI9	4	0
E7EKI9	5	0
E7EKI9	23	0
E7EKI9	25	0
E7EKI9	36	0
E7EKI9	40	0
E7EKI9	41	0
E7EKI9	61	0
E7EKI9	63	0
E7EKI9	65	0
E7EKI9	67	0
E7EKJ5	4	0
E7EKJ5	5	0
E7EKJ5	25	0
E7EKJ5	31	0
E7EKJ5	32	1
E7EKJ5	44	0
E7EKJ5	45	1
E7EKJ5	60	0
E7EKJ5	64	0
E7EKJ6	4	0
E7EKJ6	5	0
E7EKJ6	25	0
E7EKJ6	31	0
E7EKJ6	32	1
E7EKJ6	43	0
E7EKJ6	44	0
E7EKJ6	45	1
E7EKJ6	56	0
E7EKJ6	60	0
E7EKJ7	4	0
E7EKJ7	5	0
E7EKJ7	25	0
E7EKJ7	31	0
E7EKJ7	32	1
E7EKJ7	43	0
E7EKJ7	44	0
E7EKJ7	45	1
E7EKJ7	56	0
E7EKJ7	60	0
E7EKM1	4	0
E7EKM1	5	0
E7EKM1	25	0
E7EKM1	31	0
E7EKM1	32	1
E7EKM1	43	0
E7EKM1	44	0
E7EKM1	45	1
E7EKM1	56	0
E7EKM1	60	0
F1T149	4	0
F1T149	5	0
F1T149	25	1
F1T149	36	0
F1T149	37	1
F1T149	42	0
F1T149	46	0
F1T149	49	0
F1T149	54	0
F1T149	57	0
F1T149	61	0
F1T149	69	0
F1T149	78	0
F1T149	80	0
F1T150	4	0
F1T150	5	0
F1T150	25	1
F1T150	34	0
F1T150	36	0
F1T150	37	0
F1T150	38	0
F1T150	42	0
F1T150	46	0
F1T150	49	0
F1T150	54	0
F1T150	57	0
F1T150	61	0
F1T150	69	0
F1T150	78	0
F1T150	80	0
F1T151	4	0
F1T151	5	0
F1T151	22	0
F1T151	25	1
F1T151	32	0
F1T151	39	0
F1T151	40	1
F1T151	47	0
F1T151	51	0
F1T151	55	0
F1T151	59	0
F1T151	63	0
F1T151	72	0
F1T152	4	0
F1T152	5	0
F1T152	25	0
F1T152	39	0
F1T152	40	1
F1T152	47	0
F1T152	51	0
F1T152	60	0
F1T152	62	0
F1T152	64	0
F1T153	4	0
F1T153	5	0
F1T153	25	1
F1T153	41	0
F1T153	42	1
F1T153	49	0
F1T153	57	0
F1T153	70	0
F1T153	73	0
F1T154	4	0
F1T154	5	0
F1T154	25	0
F1T154	41	0
F1T154	42	1
F1T154	49	0
F1T154	54	0
F1T154	57	0
F1T154	70	0
F1T155	4	0
F1T155	5	0
F1T155	25	1
F1T155	40	0
F1T155	41	1
F1T155	48	0
F1T155	56	0
F1T155	69	0
F1T156	4	0
F1T156	5	0
F1T156	25	0
F1T156	31	0
F1T156	32	0
F1T156	38	0
F1T156	43	0
F1T156	44	1
F1T156	52	0
F1T156	55	0
F1T157	4	0
F1T157	5	0
F1T157	25	0
F1T157	31	0
F1T157	32	0
F1T157	38	0
F1T157	43	0
F1T157	44	1
F1T157	52	0
F1T157	55	0
F7UI84	4	0
F7UI84	5	0
F7UI84	25	0
F7UI84	26	1
F7UI84	40	0
F7UI84	44	0
F7UI84	45	1
F7UI84	62	0
F7UI85	4	0
F7UI85	5	0
F7UI85	25	0
F7UI85	26	1
F7UI85	40	0
F7UI85	44	0
F7UI85	45	1
F7UI85	62	0
F7UI86	4	0
F7UI86	5	0
F7UI86	25	0
F7UI86	26	1
F7UI86	40	0
F7UI86	44	0
F7UI86	45	1
F7UI87	4	0
F7UI87	5	0
F7UI87	25	0
F7UI87	26	1
F7UI87	40	0
F7UI87	44	0
F7UI87	45	1
F7UI87	62	0
F7UI88	4	0
F7UI88	5	0
F7UI88	25	0
F7UI88	26	0
F7UI88	31	0
F7UI88	39	0
F7UI88	42	0
F7UI88	46	0
F7UI88	47	1
F7UI88	64	0
G0LWV9	2	0
G0LWV9	3	0
G0LWV9	22	0
G0LWV9	23	1
G0LWV9	30	0
G0LWV9	31	1
G0LWV9	38	0
G0LWV9	39	1
G0LWV9	44	0
G0LWV9	45	1
G0LWV9	48	0
G0LWV9	66	0
G3ETQ2	4	0
G3ETQ2	5	0
G3ETQ2	25	1
G3ETQ2	40	0
G3ETQ2	41	1
G3ETQ2	48	0
G3ETQ2	51	0
G3ETQ2	56	0
G3ETQ2	58	0
G3ETQ2	63	0
G3ETQ3	4	0
G3ETQ3	5	0
G3ETQ3	25	1
G3ETQ3	40	0
G3ETQ3	41	1
G3ETQ3	48	0
G3ETQ3	52	0
G3ETQ3	61	0
G3ETQ3	63	0
G3ETQ3	65	0
G3F828	4	0
G3F828	5	0
G3F828	25	1
G3F828	40	0
G3F828	41	1
G3F828	48	0
G3F828	52	0
G3F828	61	0
G3F828	63	0
G3F828	65	0
H0USY4	2	0
H0USY4	6	0
H0USY4	14	0
J7H8J4	4	0
J7H8J4	5	0
J7H8J4	25	0
J7H8J4	26	1
J7H8J4	43	0
J7H8J4	44	1
J7H8J4	51	0
J7H8J4	55	0
J7H8J4	63	0
K7ZGS2	4	0
K7ZGS2	5	0
K7ZGS2	25	1
K7ZGS2	32	0
K7ZGS2	33	0
K7ZGS2	44	0
K7ZGS2	45	1
K7ZGS2	53	0
K7ZGS2	60	0
K7ZGS2	61	0
L0L3V3	4	0
L0L3V3	5	0
L0L3V3	23	0
L0L3V3	25	0
L0L3V3	26	1
L0L3V3	37	0
L0L3V3	46	0
L0L3V3	52	0
L0L3V3	53	1
L0L3V3	65	0
L0P323	4	0
L0P323	5	0
L0P323	23	0
L0P323	24	0
L0P323	28	0
L0P323	29	1
L0P323	37	0
L0P323	38	1
L0P323	46	0
L0P323	47	1
L0P323	55	0
L0P323	56	0
L0P323	57	0
L0P323	58	1
L0P329	4	0
L0P329	5	0
L0P329	25	0
L0P329	26	0
L0P329	32	0
L0P329	40	0
L0P329	43	0
L0P329	47	0
L0P329	48	1
L0P329	65	0
L0P3K3	4	0
L0P3K3	5	0
L0P3K3	25	0
L0P3K3	26	1
L0P3K3	32	0
L0P3K3	40	0
L0P3K3	43	0
L0P3K3	47	0
L0P3K3	48	1
L0P3K3	65	0
L0P402	4	0
L0P402	5	0
L0P402	25	0
L0P402	26	0
L0P402	31	0
L0P402	39	0
L0P402	42	0
L0P402	43	0
L0P402	46	0
L0P402	47	1
L0P402	64	0
L0PIN3	4	0
L0PIN3	5	0
L0PIN3	25	0
L0PIN3	26	0
L0PIN3	35	0
L0PIN3	39	0
L0PIN3	44	0
L0PIN3	45	1
L0PIN3	50	0
L0PIN3	58	0
L0PJV8	4	0
L0PJV8	5	0
L0PJV8	25	0
L0PJV8	26	1
L0PJV8	39	0
L0PJV8	44	0
L0PJV8	45	0
L0PJV8	50	0
L0PJV8	58	0
M9P2C1	1	0
M9P2C1	47	0
M9P2C1	50	0
M9P2C1	51	0
M9P2C1	56	0
M9P2C1	63	0
M9P2C1	64	0
M9P2C1	73	0
M9P2C1	74	0
M9P2C1	75	1
M9P2C1	79	0
M9P2C1	87	0
M9P2C1	88	0
M9P2C1	89	0
M9P2C1	90	0
O93221	4	0
O93221	5	0
O93221	25	0
O93221	26	0
O93221	32	0
O93221	42	0
O93221	43	1
O93221	50	0
O93221	54	0
O93221	61	0
O93221	69	0
O93222	4	0
O93222	5	0
O93222	25	0
O93222	26	0
O93222	33	0
O93222	42	0
O93222	43	1
O93223	4	0
O93223	5	0
O93223	25	0
O93223	26	0
O93223	43	0
O93223	44	0
O93223	49	0
O93223	51	0
O93223	59	0
O93224	4	0
O93224	5	0
O93224	25	0
O93224	26	0
O93224	41	0
O93224	42	1
O93224	50	0
O93224	54	0
O93224	65	0
O93225	4	0
O93225	5	0
O93225	25	0
O93225	26	0
O93225	43	0
O93225	44	1
O93225	52	0
O93225	59	0
O93226	4	0
O93226	5	0
O93226	25	0
O93226	26	0
O93226	43	0
O93226	44	1
O93226	51	0
O93226	55	0
O93226	59	0
O93226	66	0
O93227	0	0
O93227	1	0
O93227	3	0
O93227	4	0
O93227	17	0
O93227	20	0
O93227	24	0
O93227	25	1
O93227	36	0
O93227	37	0
O93227	39	0
O93227	40	1
O93227	53	0
O93227	61	0
O93227	62	1
O93227	73	0
O93227	74	0
O93227	76	0
O93227	77	1
O93227	78	0
O93451	4	0
O93451	5	0
O93451	25	0
O93451	26	0
O93451	32	0
O93451	42	0
O93451	43	1
O93451	50	0
O93451	54	0
O93451	61	0
O93451	69	0
O93451	75	0
O93452	4	0
O93452	5	0
O93452	24	0
O93452	25	1
O93452	42	0
O93452	43	1
O93452	47	0
O93452	51	0
O93452	52	0
O93452	55	0
O93452	59	0
O93453	4	0
O93453	5	0
O93453	24	0
O93453	25	1
O93453	42	0
O93453	43	0
O93453	48	0
O93453	50	0
O93453	54	0
O93453	58	0
O93453	61	0
O93453	62	0
O93453	66	0
O93454	4	0
O93454	5	0
O93454	25	0
O93454	26	0
O93454	33	0
O93454	42	0
O93454	43	0
O93454	44	1
O93454	70	0
O93455	4	0
O93455	5	0
O93455	25	0
O93455	40	0
O93455	41	0
O93455	52	0
O93456	4	0
O93456	5	0
O93456	25	0
O93456	26	1
O93456	39	0
O93456	46	0
O93456	47	1
O93456	58	0
O93456	59	0
O93456	61	0
O93456	62	1
O93456	75	0
O93456	82	0
O93456	83	1
O93456	94	0
O93456	95	0
O93456	97	0
O93456	98	1
O93456	111	0
O93456	118	0
O93456	119	1
O93456	130	0
O93456	131	0
O93456	133	0
O93456	134	1
O93456	147	0
O93456	154	0
O93456	155	1
O93456	166	0
O93456	167	0
O93456	169	0
O93456	170	1
O93456	171	0
O93456	184	0
O93456	186	0
O93456	187	0
O93456	198	0
O93456	199	0
P01357	2	0
P01357	29	0
P01357	32	0
P01357	40	0
P01357	43	0
P01357	47	0
P01357	60	0
P01357	66	0
P01357	67	1
P01357	83	0
P01357	84	0
P01357	98	0
P01357	99	0
P01357	108	1
P01357	111	1
P01357	119	0
P01357	122	0
P01357	126	0
P01357	139	0
P01357	145	0
P01357	146	1
P01357	162	0
P01357	163	0
P01357	172	1
P01357	175	1
P01357	183	0
P01357	186	0
P01357	190	0
P01357	203	0
P01357	209	0
P01357	210	1
P01357	226	0
P01357	227	0
P01505	7	0
P01505	11	0
P01505	15	0
P04096	2	0
P05222	2	0
P05222	29	0
P05222	32	1
P05222	40	0
P05222	43	0
P05222	47	0
P05222	60	0
P05222	66	0
P05222	67	1
P05222	78	0
P05222	81	1
P05222	89	0
P05222	92	0
P05222	96	0
P05222	109	0
P05222	115	0
P05222	116	1
P05222	127	1
P05222	130	1
P05222	138	0
P05222	141	0
P05222	145	0
P05222	158	0
P05222	164	0
P05222	165	1
P05222	181	0
P05222	182	0
P05223	2	0
P05223	29	0
P05223	32	1
P05223	40	0
P05223	43	0
P05223	47	0
P05223	55	0
P05223	58	1
P05223	66	0
P05223	69	0
P05223	73	0
P05223	86	0
P05223	92	0
P05223	93	1
P05223	104	1
P05223	107	1
P05223	115	0
P05223	118	0
P05223	122	0
P05223	135	0
P05224	2	0
P05224	29	0
P05224	32	0
P05224	40	0
P05224	43	0
P05224	47	0
P05224	60	0
P05224	66	0
P05224	67	1
P05224	83	0
P05224	84	0
P05224	98	0
P05224	99	0
P05224	108	1
P05224	111	1
P05224	119	0
P05224	122	0
P05224	126	0
P05224	139	0
P05224	145	0
P05224	146	1
P05224	162	0
P05224	163	0
P05225	3	0
P05225	4	1
P05225	20	0
P05225	21	0
P05225	30	1
P05225	33	1
P05225	41	0
P05225	44	0
P05225	48	0
P05225	61	0
P05225	67	0
P05225	68	1
P05225	84	0
P05225	85	0
P05225	94	1
P05225	97	1
P05225	105	0
P05225	108	0
P05225	112	0
P05225	125	0
P05225	131	0
P05225	132	1
P05225	148	0
P05225	149	0
P05225	163	0
P05225	164	0
P05225	173	1
P05225	176	1
P05225	184	0
P05226	2	0
P05226	30	0
P05226	33	1
P05226	41	0
P05226	44	0
P05226	48	0
P05226	61	0
P05226	67	0
P05226	68	1
P05226	84	0
P05226	85	0
P05226	94	1
P05226	97	1
P05226	105	0
P05226	108	0
P05226	112	0
P05226	125	0
P05226	131	0
P05226	132	1
P05226	148	0
P05226	149	0
P05226	163	0
P05226	164	0
P05226	173	1
P05226	176	1
P05226	184	0
P05226	187	0
P05226	191	0
P05226	204	0
P05226	210	0
P05226	211	1
P05226	227	0
P05226	228	0
P05421	4	0
P05421	5	0
P05421	22	0
P05421	25	0
P05421	26	0
P05421	45	0
P05421	46	1
P05421	57	0
P05421	58	0
P05421	60	0
P05421	61	1
P05421	67	0
P05421	80	0
P05421	81	1
P05421	92	0
P05421	93	0
P05421	95	0
P05421	96	1
P05421	115	0
P05421	116	1
P05421	127	0
P05421	128	0
P05421	130	0
P05421	131	1
P05421	137	0
P05421	150	0
P05421	151	1
P05421	162	0
P05421	163	0
P05421	165	0
P05421	166	1
P05421	185	0
P05421	186	1
P05421	197	0
P05422	4	0
P05422	5	0
P05422	22	0
P05422	25	0
P05422	26	0
P05422	45	0
P05422	46	0
P05422	57	0
P05422	58	0
P05422	59	1
P05422	77	0
P05422	78	1
P05422	89	0
P05422	90	0
P05422	92	0
P05422	93	1
P05422	112	0
P05422	113	1
P05422	124	0
P05422	125	0
P05422	127	0
P05422	128	1
P05422	134	0
P05422	147	0
P05422	148	1
P05422	159	0
P05422	160	0
P05422	162	0
P05422	163	1
P05422	182	0
P05422	183	1
P05422	194	0
P05422	195	0
P08610	4	0
P08611	3	0
P08613	3	0
P08614	6	0
P08615	5	0
P08616	4	0
P08944	2	0
P08947	7	0
P08947	30	0
P08947	41	0
P08947	42	1
P08947	47	0
P08947	58	0
P08947	59	0
P08947	66	0
P08947	67	0
P08947	79	0
P08947	84	0
P08947	86	0
P08947	87	0
P08948	7	0
P08948	30	0
P08948	41	0
P08948	42	1
P08948	47	0
P08948	58	0
P08948	59	0
P08948	66	0
P08948	67	0
P08948	79	0
P08948	84	0
P08948	86	0
P08948	87	0
P08950	40	0
P08950	45	0
P08950	46	1
P08950	59	0
P08950	60	0
P08950	75	0
P08952	5	0
P08952	6	0
P0C008	6	0
P0C008	14	0
P0C008	22	0
P0C008	27	0
P0C008	30	0
P0C009	4	0
P0C009	10	0
P0C009	11	0
P0C2A6	10	0
P0C2A6	23	0
P0C2A7	10	0
P0C2A7	23	0
P0C2A8	3	0
P0C2A8	10	0
P0C2A8	23	0
P0C2A9	4	0
P0C2A9	6	0
P0C2A9	8	0
P0C2A9	21	0
P0C5W6	10	0
P0C5W6	17	0
P0C5W6	18	0
P0C5W7	4	0
P0C5W7	5	0
P0C5W7	25	0
P0C5W7	31	0
P0C5W7	32	1
P0C5W7	38	0
P0C5W7	44	0
P0C5W7	45	1
P0C5W7	56	0
P0C5W7	63	0
P0C5W7	64	0
P0C5W8	10	0
P0C5W8	17	0
P0C5W8	18	0
P0C5W9	14	0
P0C5W9	15	0
P0C5X0	14	0
P0C5X0	15	0
P0C5X1	6	0
P0C5X1	10	0
P0C5X1	14	0
P0C5X1	23	0
P0C5X1	25	0
P0C5X1	27	0
P0C5X2	6	0
P0C5X2	10	0
P0C5X2	14	0
P0C5X2	25	0
P0C5X2	27	0
P0C5X3	6	0
P0C5X3	10	0
P0C5X3	14	0
P0C5X3	25	0
P0C5X3	27	0
P0C5X4	6	0
P0C5X4	10	0
P0C5X4	14	0
P0C5X4	25	0
P0C5X4	27	0
P0C5X5	10	0
P0C5X5	14	0
P0C5X5	18	0
P0C5X5	29	0
P0C5X5	31	0
P0C8S7	6	0
P0C8S7	10	0
P0C8S7	21	0
P0C8S7	22	0
P0C8S8	6	0
P0C8S8	21	0
P0C8S8	22	0
P0C8S9	6	0
P0C8S9	14	0
P0C8S9	27	0
P0C8S9	30	0
P0C8T0	6	0
P0C8T0	14	0
P0C8T0	27	0
P0C8T0	30	0
P0C8T1	6	0
P0C8T1	10	0
P0C8T1	21	0
P0C8T1	22	0
P0C8T2	6	0
P0C8T2	10	0
P0C8T2	21	0
P0C8T2	22	0
P0C8T3	3	0
P0C8T3	7	0
P0C8T3	11	0
P0C8T3	19	0
P0C8T3	20	1
P0C8T3	24	0
P0C8T3	27	0
P0C8T4	2	0
P0C8T4	6	0
P0C8T4	14	0
P0C8T4	18	0
P0C8T4	27	0
P0C8T4	30	0
P0C8T5	6	0
P0C8T5	14	0
P0C8T5	18	0
P0C8T5	23	0
P0C8T5	27	0
P0C8T5	30	0
P0C8T6	6	0
P0C8T6	14	0
P0C8T6	18	0
P0C8T6	27	0
P0C8T6	30	0
P0C8T7	6	0
P0C8T7	14	0
P0C8T7	18	0
P0C8T7	27	0
P0C8T7	30	0
P0C8T8	4	0
P0C8T8	8	0
P0C8T8	11	0
P0C8T8	16	0
P0C8T8	19	0
P0C8T8	23	0
P0C8T8	31	0
P0C8T8	40	0
P0C8T8	42	0
P0C8T9	6	0
P0C8T9	14	0
P0C8T9	18	0
P0C8T9	22	0
P0C8T9	31	0
P0C8T9	34	0
P0C8U0	10	0
P0C8U0	11	0
P0C8U1	10	0
P0C8U1	11	0
P0C8U2	6	0
P0C8U2	10	0
P0CJ25	2	0
P0CJ25	6	0
P0CJ25	10	0
P0CJ25	14	0
P0CJ26	2	0
P0CJ26	6	0
P0CJ26	10	0
P0CJ26	14	0
P0CJ27	2	0
P0CJ27	6	0
P0CJ27	10	0
P0CJ27	14	0
P0CJ28	2	0
P0CJ28	6	0
P0CJ28	10	0
P0CJ28	11	0
P0CJ28	14	0
P0CJ29	2	0
P0CJ29	6	0
P0CJ29	10	0
P0CJ29	11	0
P0CJ29	14	0
P0CJ30	2	0
P0CJ30	6	0
P0CJ30	10	0
P0CJ30	11	0
P0CJ30	14	0
P0CJ31	2	0
P0CJ31	6	0
P0CJ31	10	0
P0CJ31	11	0
P0CJ31	14	0
P0CJ32	2	0
P0CJ32	6	0
P0CJ32	10	0
P0CJ32	14	0
P0DQJ7	6	0
P0DQJ7	10	0
P0DQJ7	19	0
P0DQJ7	23	0
P0DQJ8	6	0
P0DQJ8	10	0
P0DQJ8	19	0
P0DQJ8	23	0
P0DQJ9	10	0
P0DQJ9	18	0
P0DQJ9	21	0
P0DQJ9	22	0
P0DQK0	10	0
P0DQK0	17	0
P0DQK0	18	0
P0DQK1	10	0
P0DQK1	18	0
P0DQK1	21	0
P0DQK1	22	0
P0DQK2	10	0
P0DQK2	17	0
P0DQK2	18	0
P0DQK3	7	0
P0DQK3	11	0
P0DQK3	15	0
P0DQK3	20	0
P0DQK3	26	0
P0DQK3	28	0
P0DQK3	33	0
P0DQK4	7	0
P0DQK4	11	0
P0DQK4	15	0
P0DQK4	20	0
P0DQK4	26	0
P0DQK4	28	0
P0DQK4	33	0
P0DQK5	10	0
P0DQK6	10	0
P0DQK7	10	0
P0DQK8	6	0
P0DQK8	10	0
P0DQK8	15	0
P0DQK9	16	0
P0DQL0	6	0
P0DQL0	10	0
P0DQL0	19	0
P0DQL0	23	0
P0DQL1	6	0
P0DQL1	10	0
P0DQL1	19	0
P0DQL1	23	0
P0DQL2	1	0
P0DQL2	4	0
P0DQL2	13	0
P0DQL2	16	0
P0DQL2	19	0
P0DQL2	20	0
P0DQW2	2	0
P0DQW2	6	0
P0DQW2	14	0
P0DQW3	2	0
P0DQW3	6	0
P0DQW3	14	0
P0DQW4	2	0
P0DQW4	6	0
P0DQW4	14	0
P0DQW5	3	0
P0DQW6	15	0
P0DQW7	15	0
P0DTB9	3	0
P0DTB9	10	0
P0DTB9	17	0
P0DTD4	6	0
P0DTD4	14	0
P0DTD4	18	0
P0DTD5	4	0
P0DTD5	6	0
P0DTD5	10	0
P0DTD5	13	0
P0DTD5	17	0
P0DTD5	21	0
P0DTD6	4	0
P0DTD6	6	0
P0DTD6	10	0
P0DTD6	14	0
P0DTL9	10	0
P0DTL9	14	0
P0DTL9	21	0
P0DTL9	22	0
P0DTM0	6	0
P0DTM1	6	0
P0DTM3	10	0
P0DTM3	11	0
P0DTT7	16	0
P0DTT7	17	0
P0DTT8	16	0
P0DTT9	16	0
P0DTU0	6	0
P0DTU0	14	0
P0DTU1	4	0
P0DTU1	5	0
P0DTU1	25	0
P0DTU1	31	0
P0DTU1	32	1
P0DTU1	38	0
P0DTU1	44	0
P0DTU1	45	1
P0DTU1	52	0
P0DTU1	63	0
P0DTU2	2	0
P0DTU2	8	0
P0DTU2	17	0
P0DTU2	25	0
P0DTU2	27	0
P0DTU2	30	0
P0DTV3	6	0
P0DTV3	7	0
P0DTV3	10	0
P0DTV6	11	0
P11006	2	0
P11006	32	0
P11006	35	1
P11006	39	0
P11006	46	0
P11006	49	0
P11006	57	0
P11006	59	0
P11006	60	1
P11006	78	0
P11006	81	1
P11006	85	0
P11006	91	0
P11006	92	0
P11006	95	0
P11006	105	0
P11006	106	1
P11006	124	0
P11006	127	1
P11006	131	0
P11006	137	0
P11006	138	0
P11006	141	0
P11006	151	0
P11006	152	1
P11006	170	0
P11006	173	1
P11006	177	0
P11006	183	0
P11006	184	0
P11006	187	0
P11006	197	0
P11006	198	1
P11006	216	0
P11006	219	1
P11006	223	0
P11006	229	0
P11006	230	0
P11006	233	0
P11006	243	0
P11006	244	1
P11006	262	0
P11006	265	1
P11006	269	0
P11006	275	0
P11006	276	0
P11006	279	0
P11006	289	0
P11006	290	1
P11006	298	0
P11006	299	0
P13684	2	0
P13684	20	0
P13684	34	0
P13684	37	0
P13684	42	0
P13684	49	0
P13684	52	0
P13684	62	0
P13684	63	0
P13684	68	0
P13684	82	0
P13684	83	0
P13684	85	0
P21591	7	0
P21591	40	0
P21591	46	0
P21591	59	0
P21591	60	0
P21591	75	0
P21591	76	0
P21591	82	0
P21591	91	0
P21591	96	0
P21591	99	0
P21591	106	0
P21591	114	0
P21850	4	0
P21850	5	0
P21850	22	0
P21850	25	0
P21850	26	0
P21850	46	0
P21850	47	1
P21850	55	0
P21850	60	0
P21850	75	0
P21850	76	1
P21850	83	0
P21850	84	0
P21850	104	0
P21850	105	1
P21850	116	0
P21850	117	0
P21850	119	0
P21850	120	1
P21850	140	0
P21850	141	1
P21850	152	0
P21850	153	0
P21850	155	0
P21850	156	1
P21850	176	0
P21850	177	1
P21850	188	0
P21850	189	0
P21850	191	0
P21850	192	1
P21850	212	0
P21850	213	1
P21850	224	0
P21850	225	0
P29002	3	0
P29002	18	0
P29002	30	1
P29002	39	0
P29002	42	1
P29002	53	0
P29002	57	0
P29002	61	0
P29002	71	0
P29002	72	1
P29002	81	0
P29002	82	0
P29002	93	1
P29002	102	0
P29002	105	1
P29002	116	0
P29002	120	0
P29002	124	0
P29002	134	0
P29002	135	1
P29002	144	0
P29002	145	0
P29002	151	0
P29002	168	1
P29002	181	0
P29002	182	0
P29002	184	0
P29002	185	1
P29003	10	0
P29003	14	0
P29003	18	0
P29004	3	0
P29004	18	0
P29004	30	1
P29004	39	0
P29004	42	1
P29004	53	0
P29004	57	0
P29004	61	0
P29004	69	0
P29004	70	0
P29004	79	0
P29004	80	0
P29004	91	1
P29004	100	0
P29004	103	1
P29004	114	0
P29004	118	0
P29004	122	0
P29004	130	0
P29004	131	0
P29004	140	0
P29004	141	0
P29004	147	0
P29004	164	1
P29004	177	0
P29004	178	0
P29004	180	0
P29004	181	1
P29005	10	0
P29005	14	0
P29006	3	0
P29006	18	0
P29006	30	1
P29006	39	0
P29006	42	1
P29006	53	0
P29006	57	0
P29006	61	0
P29006	71	0
P29006	72	1
P29006	77	0
P29006	81	0
P29006	82	0
P29006	88	0
P29006	102	0
P29006	105	1
P29006	112	0
P29006	114	0
P29006	115	1
P29006	133	0
P29006	134	0
P31107	4	0
P31107	5	0
P31107	25	0
P31107	26	0
P31107	43	0
P31107	44	1
P31107	49	0
P31107	51	0
P31107	55	0
P31107	59	0
P31107	63	0
P31107	67	0
P32412	4	0
P32412	5	0
P32412	25	1
P32412	32	0
P32412	33	1
P32412	45	0
P32412	46	1
P32412	61	0
P32412	65	0
P32412	68	0
P32412	69	0
P32413	6	0
P32413	10	0
P32413	14	0
P32413	23	0
P32413	27	0
P32414	4	0
P32414	7	0
P32414	8	0
P32414	9	0
P32414	11	0
P32414	19	0
P32414	23	0
P32414	31	0
P32414	40	0
P32414	42	0
P32416	10	0
P32423	10	0
P32423	18	0
P32423	21	0
P32423	22	0
P32424	6	0
P32424	14	0
P32424	27	0
P32424	30	0
P38951	1	0
P38951	11	0
P38951	18	0
P38951	22	0
P38951	27	0
P38951	30	0
P38951	31	0
P38951	34	0
P38951	40	0
P38951	43	0
P38951	46	0
P38951	54	0
P38952	1	0
P38952	11	0
P38952	18	0
P38952	22	0
P38952	27	0
P38952	30	0
P38952	31	0
P38952	34	0
P38952	40	0
P38952	43	0
P38952	46	0
P39080	10	0
P39080	11	0
P39080	22	0
P39084	4	0
P39084	5	0
P39084	25	0
P39084	31	0
P39084	32	1
P39084	38	0
P39084	44	0
P39084	45	1
P39084	52	0
P39084	63	0
P39084	64	0
P40754	7	0
P40754	8	0
P40835	6	0
P40835	10	0
P40835	21	0
P40835	22	0
P40836	20	0
P40836	21	0
P40837	6	0
P40837	14	0
P40837	23	0
P40837	27	0
P40838	6	0
P40838	10	0
P40838	14	0
P40838	22	0
P40838	27	0
P40839	5	0
P40839	7	0
P40839	11	0
P40839	15	0
P40839	28	0
P40840	6	0
P40840	10	0
P40840	19	0
P40840	23	0
P40841	4	0
P40841	6	0
P40841	10	0
P40841	19	0
P40841	23	0
P40842	4	0
P40842	5	0
P40842	25	0
P40842	39	0
P40842	40	1
P40842	47	0
P40842	51	0
P40842	55	0
P40842	63	0
P40842	68	0
P40843	4	0
P40843	8	0
P40843	9	0
P40843	11	0
P40843	19	0
P40843	23	0
P40843	31	0
P40843	40	0
P40843	42	0
P40844	4	0
P40844	5	0
P40844	25	0
P40844	36	0
P40844	37	1
P40844	42	0
P40844	46	0
P40844	47	0
P40844	49	0
P40844	57	0
P40844	61	0
P40844	69	0
P40844	78	0
P40844	80	0
P40845	6	0
P40845	10	0
P40845	14	0
P40845	18	0
P40845	22	0
P40845	31	0
P40845	34	0
P40846	6	0
P40846	10	0
P40846	14	0
P40846	18	0
P40846	22	0
P40846	31	0
P40846	34	0
P40951	5	0
P40951	7	0
P40951	8	0
P56227	10	0
P56230	10	0
P56233	7	1
P56233	18	0
P56233	20	0
P56236	7	0
P56236	18	0
P56236	20	0
P56237	7	1
P56237	18	0
P56237	20	0
P56239	4	0
P56239	6	0
P56239	8	0
P56239	21	0
P56240	4	0
P56240	6	0
P56240	8	0
P56240	21	0
P56241	4	0
P56241	6	0
P56241	8	0
P56241	21	0
P56242	4	0
P56242	6	0
P56242	21	0
P56243	4	0
P56243	6	0
P56243	21	0
P56244	4	0
P56244	6	0
P56244	21	0
P56249	4	0
P56249	5	0
P56249	23	0
P56249	25	0
P56249	26	0
P56249	44	0
P56249	45	1
P56249	64	0
P56249	66	0
P56917	6	0
P56921	6	0
P56923	6	0
P56924	6	0
P56924	20	0
P57104	6	0
P57104	10	0
P62544	10	0
P62545	10	0
P62546	10	0
P62546	23	0
P62547	10	0
P62547	23	0
P62548	3	0
P62548	10	0
P62548	23	0
P62549	3	0
P62549	10	0
P62549	23	0
P62562	4	0
P62562	6	0
P62562	8	0
P62562	21	0
P62563	4	0
P62563	6	0
P62563	8	0
P62563	21	0
P62568	10	0
P62569	10	0
P62570	7	1
P62570	18	0
P62570	20	0
P62571	7	1
P62571	18	0
P62571	20	0
P69016	6	0
P69016	7	0
P69017	6	0
P69017	7	0
P69018	6	0
P69018	7	0
P69019	4	0
P69019	5	0
P69019	23	0
P69019	25	0
P69019	26	1
P69019	47	0
P69019	48	1
P69019	55	0
P69019	56	0
P69019	66	0
P69019	67	0
P69020	6	0
P69020	7	0
P69021	4	0
P69021	5	0
P69021	23	0
P69021	25	0
P69021	26	1
P69021	47	0
P69021	48	1
P69021	55	0
P69021	56	0
P69021	67	0
P69021	68	0
P69021	69	0
P69022	6	0
P69022	7	0
P69023	6	0
P69023	7	0
P69024	6	0
P69024	8	0
P69024	10	0
P69025	6	0
P69025	8	0
P69025	10	0
P69026	6	0
P69026	8	0
P69026	10	0
P69027	6	0
P69027	8	0
P69027	10	0
P69028	18	0
P69028	20	0
P69029	18	0
P69029	20	0
P69030	7	0
P69030	18	0
P69030	20	0
P69031	4	0
P69031	5	0
P69031	25	0
P69031	26	0
P69031	44	0
P69031	45	1
P69031	53	0
P69031	64	0
P69031	66	0
P69032	7	0
P69032	18	0
P69032	20	0
P69033	7	0
P69033	18	0
P69033	20	0
P79874	4	0
P79874	5	0
P79874	25	0
P79874	31	0
P79874	32	1
P79874	38	0
P79874	44	0
P79874	45	0
P79874	55	0
P79874	60	0
P79875	4	0
P79875	5	0
P79875	25	1
P79875	31	0
P79875	32	1
P79875	38	0
P79875	44	0
P79875	45	1
P79875	52	0
P79875	60	0
P79876	4	0
P79876	5	0
P79876	25	0
P79876	31	0
P79876	32	1
P79876	38	0
P79876	44	0
P79876	45	0
P79876	52	0
P79876	57	0
P80278	7	0
P80278	8	0
P80278	18	0
P80279	3	0
P80279	7	0
P80279	11	0
P80279	15	0
P80279	22	0
P80279	23	0
P80280	7	0
P80280	8	0
P80280	11	0
P80280	15	0
P80281	4	0
P80281	6	0
P80281	10	0
P80281	14	0
P80281	18	0
P80281	22	0
P80282	4	0
P80282	5	0
P80282	25	0
P80282	26	0
P80282	33	0
P80282	42	0
P80282	43	1
P80282	47	0
P80282	51	0
P80282	52	0
P80282	62	0
P80395	6	0
P80395	10	0
P80395	14	0
P80395	18	0
P80395	27	0
P80395	30	0
P80396	6	0
P80396	10	0
P80396	14	0
P80396	18	0
P80396	27	0
P80396	30	0
P80397	6	0
P80397	10	0
P80397	14	0
P80397	18	0
P80397	27	0
P80397	30	0
P80398	4	0
P80398	5	0
P80398	25	1
P80398	41	0
P80398	42	1
P80398	49	0
P80398	53	0
P80398	57	0
P80398	61	0
P80398	74	0
P80398	77	0
P80399	4	0
P80399	5	0
P80399	25	1
P80399	32	0
P80399	33	1
P80399	39	0
P80399	40	1
P80399	47	0
P80399	51	0
P80399	62	0
P80399	63	0
P80400	18	0
P80400	22	0
P80954	6	0
P80954	14	0
P80954	18	0
P80954	27	0
P80954	30	0
P80955	6	0
P80955	10	0
P80955	14	0
P80955	18	0
P80955	27	0
P80955	30	0
P80956	6	0
P80956	10	0
P80956	14	0
P80956	18	0
P80956	31	0
P80956	34	0
P81251	3	0
P81251	10	0
P81251	23	0
P81252	10	0
P81252	23	0
P81485	4	0
P81485	5	0
P81485	25	0
P81485	26	0
P81485	33	0
P81485	43	0
P81485	44	1
P81485	48	0
P81485	52	0
P81485	56	0
P81485	67	0
P81486	4	0
P81486	5	0
P81486	25	0
P81486	26	0
P81486	29	0
P81486	43	0
P81486	44	1
P81486	48	0
P81486	52	0
P81486	56	0
P81486	60	0
P81487	4	0
P81487	6	0
P81487	11	0
P81487	15	0
P81488	4	0
P81488	5	0
P81488	25	0
P81488	26	0
P81488	43	0
P81488	44	1
P81488	48	0
P81488	52	0
P81488	56	0
P81488	63	0
P81490	4	0
P81490	5	0
P81490	25	0
P81490	26	0
P81490	43	0
P81490	44	1
P81490	48	0
P81490	52	0
P81490	56	0
P81565	4	0
P81565	5	0
P81565	25	0
P81565	26	0
P81565	36	0
P81565	38	0
P81565	42	0
P81565	43	1
P81565	48	0
P81835	6	0
P81835	7	0
P81838	6	0
P81838	7	0
P81839	6	0
P81839	7	0
P81840	6	0
P81840	7	0
P81844	6	0
P81844	7	0
P81845	6	0
P81845	7	0
P81846	6	0
P81846	7	0
P81847	7	0
P81847	18	0
P81847	20	0
P81851	6	0
P81851	8	0
P81851	10	0
P82023	4	0
P82023	6	0
P82023	7	0
P82023	21	0
P82027	6	0
P82027	7	0
P82027	13	0
P82028	6	0
P82028	7	1
P82028	13	0
P82029	6	0
P82029	7	1
P82029	13	0
P82030	6	0
P82030	13	0
P82031	6	0
P82031	11	0
P82031	13	0
P82032	6	0
P82032	7	0
P82032	13	0
P82033	6	0
P82033	7	0
P82033	13	0
P82034	6	0
P82034	7	0
P82034	13	0
P82035	7	0
P82035	13	0
P82037	11	0
P82037	13	0
P82037	19	0
P82037	23	0
P82037	24	0
P82037	29	0
P82038	11	0
P82038	13	0
P82038	19	0
P82038	23	0
P82038	24	0
P82038	29	0
P82039	6	0
P82039	7	0
P82039	13	0
P82040	6	0
P82040	11	0
P82040	13	0
P82041	6	0
P82041	7	0
P82041	13	0
P82042	6	0
P82042	7	0
P82042	13	0
P82043	6	0
P82043	7	0
P82043	13	0
P82044	6	0
P82044	7	0
P82044	13	0
P82050	6	0
P82065	6	0
P82066	7	0
P82067	7	0
P82068	6	0
P82068	7	1
P82069	6	0
P82069	8	0
P82069	17	0
P82095	6	0
P82095	7	0
P82095	13	0
P82097	4	0
P82097	6	0
P82098	4	0
P82098	6	0
P82104	10	0
P82104	23	0
P82232	10	0
P82232	17	0
P82232	18	0
P82233	6	0
P82233	7	0
P82233	14	0
P82233	15	0
P82234	6	0
P82234	10	0
P82234	11	0
P82234	19	0
P82234	21	0
P82234	23	0
P82235	6	0
P82235	10	0
P82235	11	0
P82235	21	0
P82235	23	0
P82268	4	0
P82268	5	0
P82268	25	0
P82268	39	0
P82268	40	1
P82268	47	0
P82268	51	0
P82268	55	0
P82268	59	0
P82268	68	0
P82269	4	0
P82269	5	0
P82269	25	0
P82269	39	0
P82269	40	1
P82269	47	0
P82269	51	0
P82269	55	0
P82269	68	0
P82282	17	0
P82282	18	0
P82284	17	0
P82284	18	0
P82285	17	0
P82285	18	0
P82286	3	0
P82286	18	0
P82286	19	0
P82286	30	1
P82286	39	0
P82286	42	1
P82286	53	0
P82286	57	0
P82286	61	0
P82286	71	0
P82286	72	1
P82286	81	0
P82286	82	0
P82286	88	0
P82286	102	0
P82286	105	1
P82286	112	0
P82286	114	0
P82286	115	1
P82286	133	0
P82286	134	0
P82386	6	0
P82386	7	0
P82387	6	0
P82387	7	0
P82389	4	0
P82389	5	0
P82389	23	0
P82389	25	0
P82389	26	1
P82389	47	0
P82389	48	1
P82389	55	0
P82389	56	0
P82389	66	0
P82389	67	0
P82390	4	0
P82390	5	0
P82390	23	0
P82390	25	0
P82390	26	1
P82390	47	0
P82390	48	1
P82390	55	0
P82390	56	0
P82390	66	0
P82390	67	0
P82391	6	0
P82391	7	0
P82393	6	0
P82393	7	0
P82396	6	0
P82396	7	0
P82397	6	0
P82397	8	0
P82397	10	0
P82399	8	0
P82399	10	0
P82651	8	0
P82652	0	0
P82653	0	0
P82654	0	0
P82740	6	0
P82740	7	0
P82740	10	0
P82740	14	0
P82740	25	0
P82740	27	0
P82741	6	0
P82741	10	0
P82741	19	0
P82741	22	0
P82742	7	0
P82742	11	0
P82742	16	0
P82742	21	0
P82742	23	0
P82742	28	0
P82780	7	0
P82780	10	0
P82780	19	0
P82780	21	0
P82819	6	0
P82819	10	0
P82819	21	0
P82819	22	0
P82820	9	0
P82821	10	0
P82822	10	0
P82823	10	0
P82824	11	0
P82825	14	0
P82825	21	0
P82825	22	0
P82826	14	0
P82826	21	0
P82826	22	0
P82827	10	0
P82827	14	0
P82827	18	0
P82827	22	0
P82827	31	0
P82828	6	0
P82828	10	0
P82828	14	0
P82828	19	0
P82828	23	0
P82828	25	0
P82828	27	0
P82829	6	0
P82829	10	0
P82829	14	0
P82829	25	0
P82829	27	0
P82830	10	0
P82831	10	0
P82831	11	0
P82832	10	0
P82833	10	0
P82833	14	0
P82833	21	0
P82833	22	0
P82834	10	0
P82834	14	0
P82834	21	0
P82834	22	0
P82835	10	0
P82835	14	0
P82835	21	0
P82835	22	0
P82836	10	0
P82836	14	0
P82836	21	0
P82836	22	0
P82837	10	0
P82837	14	0
P82837	21	0
P82837	22	0
P82838	14	0
P82838	21	0
P82838	22	0
P82839	6	0
P82839	10	0
P82839	14	0
P82839	18	0
P82839	22	0
P82839	31	0
P82839	34	0
P82840	6	0
P82840	10	0
P82840	19	0
P82840	21	0
P82840	23	0
P82841	10	0
P82841	14	0
P82841	21	0
P82841	22	0
P82843	10	0
P82843	14	0
P82843	21	0
P82843	22	0
P82844	14	0
P82844	21	0
P82844	22	0
P82845	10	0
P82845	14	0
P82845	21	0
P82845	22	0
P82846	6	0
P82846	10	0
P82846	14	0
P82846	18	0
P82846	22	0
P82846	31	0
P82846	34	0
P82848	6	0
P82871	10	0
P82871	21	0
P82871	22	0
P82875	6	0
P82875	10	0
P82875	19	0
P82875	22	0
P82876	6	0
P82876	17	0
P82876	18	0
P82877	6	0
P82877	17	0
P82877	18	0
P82878	7	0
P82878	11	0
P82878	16	0
P82878	22	0
P82878	24	0
P82878	29	0
P82879	7	0
P82879	12	0
P82879	18	0
P82879	21	0
P82879	25	0
P82880	6	0
P82881	10	0
P82882	10	0
P82883	10	0
P82884	10	0
P82904	14	0
P82904	21	0
P82904	22	0
P82905	10	0
P82905	14	0
P82905	21	0
P82905	22	0
P82906	13	0
P82906	14	0
P82906	21	0
P82906	22	0
P83055	1	0
P83055	25	0
P83055	28	0
P83055	33	0
P83055	35	0
P83055	41	0
P83055	44	0
P83055	47	0
P83055	51	0
P83055	61	0
P83055	69	0
P83055	75	0
P83055	79	0
P83055	82	0
P83055	83	0
P83055	86	0
P83055	94	0
P83055	96	0
P83055	103	0
P83055	112	0
P83056	1	0
P83056	25	0
P83056	33	0
P83056	39	0
P83056	46	0
P83056	49	0
P83056	50	1
P83056	58	0
P83056	60	0
P83056	67	0
P83056	73	0
P83056	74	0
P83056	83	0
P83056	87	0
P83056	89	0
P83056	95	0
P83056	96	0
P83057	25	0
P83057	33	0
P83057	39	0
P83057	46	0
P83057	49	1
P83057	58	0
P83057	60	0
P83057	67	0
P83057	73	0
P83057	74	0
P83057	76	0
P83057	86	0
P83057	92	0
P83058	0	0
P83058	8	0
P83059	1	0
P83059	25	0
P83059	28	0
P83059	33	0
P83059	43	0
P83059	46	0
P83059	51	0
P83059	61	0
P83059	69	0
P83059	75	0
P83059	82	0
P83059	85	0
P83059	86	0
P83059	94	0
P83059	96	0
P83059	103	0
P83059	110	0
P83059	113	0
P83059	114	0
P83059	122	0
P83059	124	0
P83059	131	0
P83059	137	0
P83059	140	0
P83059	145	0
P83059	147	0
P83060	1	0
P83060	25	0
P83060	33	0
P83060	39	0
P83060	46	0
P83060	49	0
P83060	50	1
P83060	58	0
P83060	60	0
P83060	67	0
P83060	74	0
P83060	77	0
P83060	78	1
P83060	86	0
P83060	88	0
P83060	95	0
P83060	102	0
P83060	105	0
P83060	106	1
P83060	114	0
P83060	116	0
P83060	123	0
P83060	130	0
P83060	133	0
P83060	134	1
P83060	142	0
P83060	144	0
P83060	151	0
P83060	157	0
P83060	158	0
P83060	160	0
P83060	164	0
P83080	3	0
P83080	18	0
P83080	30	1
P83080	39	0
P83080	42	1
P83080	47	0
P83080	53	0
P83080	57	0
P83080	61	0
P83080	71	0
P83080	72	0
P83080	81	0
P83080	82	0
P83080	88	0
P83080	102	0
P83080	105	1
P83080	118	0
P83080	119	0
P83080	121	0
P83080	122	1
P83080	140	0
P83081	3	0
P83081	18	0
P83081	30	1
P83081	39	0
P83081	42	1
P83081	47	0
P83081	53	0
P83081	57	0
P83081	61	0
P83081	71	0
P83081	72	0
P83081	81	0
P83081	82	0
P83081	88	0
P83081	102	0
P83081	105	1
P83081	118	0
P83081	119	0
P83081	121	0
P83081	122	1
P83081	140	0
P83082	3	0
P83082	18	0
P83082	30	1
P83082	39	0
P83082	42	1
P83082	47	0
P83082	53	0
P83082	57	0
P83082	61	0
P83082	70	0
P83082	71	0
P83082	72	0
P83082	81	0
P83082	82	0
P83082	88	0
P83082	102	0
P83082	105	1
P83082	118	0
P83082	119	0
P83082	121	0
P83082	122	1
P83082	140	0
P83082	141	0
P83083	3	0
P83083	18	0
P83083	22	0
P83083	30	1
P83083	39	0
P83083	42	1
P83083	53	0
P83083	57	0
P83083	61	0
P83083	66	0
P83083	71	0
P83083	72	0
P83083	81	0
P83083	82	0
P83083	88	0
P83083	102	0
P83083	105	1
P83083	118	0
P83083	119	0
P83083	121	0
P83083	122	1
P83083	140	0
P83083	141	0
P83084	3	0
P83084	18	0
P83084	30	1
P83084	39	0
P83084	42	1
P83084	47	0
P83084	53	0
P83084	57	0
P83084	61	0
P83084	70	0
P83084	71	0
P83084	72	0
P83084	82	0
P83084	83	0
P83084	89	0
P83084	103	0
P83084	106	1
P83084	119	0
P83084	120	0
P83084	122	0
P83084	123	1
P83084	131	0
P83084	141	0
P83086	17	0
P83087	17	0
P83188	5	0
P83188	6	0
P83188	16	0
P83189	5	0
P83189	6	0
P83189	16	0
P83190	5	0
P83190	6	0
P83190	16	0
P83191	5	0
P83191	6	0
P83191	16	0
P83305	8	0
P83305	11	0
P83306	10	0
P83306	17	0
P83306	18	0
P83306	19	0
P83455	4	0
P83455	5	0
P83455	25	0
P83455	26	0
P83455	35	0
P83455	38	0
P83455	39	0
P83455	50	0
P83455	51	1
P83455	53	0
P83455	61	0
P83637	6	0
P83637	8	0
P83637	10	0
P83637	18	0
P83638	4	0
P83638	6	0
P83638	10	0
P83638	14	0
P83638	18	0
P83638	22	0
P83639	3	0
P83639	7	0
P83639	11	0
P83639	15	0
P83640	3	0
P83640	7	0
P83640	8	0
P83640	18	0
P83641	3	0
P83641	7	0
P83641	11	0
P83641	22	0
P83642	4	0
P83642	6	0
P83642	10	0
P83663	3	0
P83663	8	0
P83663	13	0
P83663	16	0
P83719	4	0
P83719	5	0
P83719	25	1
P83719	41	0
P83719	42	1
P83719	46	0
P83719	51	0
P83719	56	0
P83719	59	0
P83719	61	0
P83866	6	0
P83866	10	0
P83867	6	0
P83867	10	0
P83951	6	0
P83951	10	0
P83951	19	0
P83951	23	0
P84002	18	0
P84003	18	0
P84111	10	0
P84111	14	0
P84111	21	0
P84111	22	0
P84112	10	0
P84112	14	0
P84112	21	0
P84112	22	0
P84113	14	0
P84113	21	0
P84113	22	0
P84114	6	0
P84114	10	0
P84114	14	0
P84114	23	0
P84114	25	0
P84114	27	0
P84115	6	0
P84115	10	0
P84115	15	0
P84115	21	0
P84115	23	0
P84116	6	0
P84211	8	0
P84212	1	0
P84213	7	0
P84213	43	0
P84213	56	0
P84213	57	0
P84213	72	0
P84213	73	0
P84213	79	0
P84213	84	0
P84213	87	0
P84213	94	0
P84213	102	0
P84214	2	0
P84215	1	0
P84262	4	0
P84262	8	0
P84262	11	0
P84262	19	0
P84262	23	0
P84262	28	0
P84262	31	0
P84263	6	0
P84264	6	0
P84264	8	0
P84264	10	0
P84265	6	0
P84265	8	0
P84265	10	0
P84266	6	0
P84266	8	0
P84266	10	0
P84267	16	0
P84267	18	0
P84268	16	0
P84268	18	0
P84268	20	0
P84269	7	0
P84269	16	0
P84269	18	0
P84270	7	0
P84270	16	0
P84270	18	0
P84270	20	0
P84271	7	0
P84271	16	0
P84271	18	0
P84271	20	0
P84272	7	0
P84272	16	0
P84272	18	0
P84272	20	0
P84273	6	0
P84274	6	0
P84274	9	0
P84274	10	0
P84274	13	0
P84274	25	0
P84274	26	0
P84275	6	0
P84275	9	0
P84275	10	0
P84275	22	0
P84275	25	0
P84275	26	0
P84276	4	0
P84276	5	0
P84276	25	1
P84276	36	0
P84276	39	0
P84276	40	1
P84276	46	0
P84276	50	0
P84276	53	0
P84276	62	0
P84276	65	0
P84276	66	0
P84277	5	0
P84277	9	0
P84277	12	0
P84277	21	0
P84277	24	0
P84277	25	0
P84278	6	0
P84278	21	0
P84278	23	0
P84278	29	0
P84279	6	0
P84279	21	0
P84279	23	0
P84279	29	0
P84280	6	0
P84280	21	0
P84280	23	0
P84280	29	0
P84281	4	0
P84281	8	0
P84281	11	0
P84281	19	0
P84281	23	0
P84281	28	0
P84281	31	0
P84292	6	0
P84292	10	0
P84337	9	0
P84337	10	0
P84337	14	0
P84337	20	0
P84337	21	0
P84337	23	0
P84381	7	0
P84381	11	0
P84382	10	0
P84382	11	0
P84382	14	0
P84382	24	0
P84383	11	0
P84383	14	0
P84383	24	0
P84384	7	0
P84384	8	0
P84384	11	0
P84384	21	0
P84385	4	0
P84385	11	0
P84385	14	0
P84386	7	0
P84386	11	0
P84387	7	0
P84387	11	0
P84387	15	0
P84387	24	0
P84524	1	0
P84524	7	0
P84524	9	0
P84566	16	0
P84567	4	0
P84567	5	0
P84567	25	0
P84567	26	1
P84567	40	0
P84567	44	0
P84567	45	1
P84570	16	0
P84571	14	0
P84572	4	0
P84572	5	0
P84572	25	0
P84572	26	1
P84572	40	0
P84572	44	0
P84572	45	1
P84572	62	0
P84596	4	0
P84596	5	0
P84596	25	0
P84596	26	0
P84596	43	0
P84596	44	1
P84596	51	0
P84596	55	0
P84596	63	0
P84597	4	0
P84597	5	0
P84597	25	0
P84597	26	0
P84597	43	0
P84597	44	1
P84597	48	0
P84597	52	0
P84597	60	0
P84598	3	0
P84598	7	0
P84598	8	0
P84598	18	0
P84599	6	0
P84599	8	0
P84599	10	0
P84599	18	0
P84599	22	0
P84600	6	0
P84600	8	0
P84600	10	0
P84600	18	0
P84601	6	0
P84601	8	0
P84601	10	0
P84601	18	0
P84673	8	0
P84697	0	0
P84697	8	0
P84822	2	0
P84823	9	0
P84824	0	0
P84824	8	0
P84825	0	0
P84825	8	0
P84831	6	0
P84832	9	0
P84834	6	0
P84834	7	0
P84839	14	0
P84839	18	0
P84839	21	0
P84839	22	0
P84840	4	0
P84840	7	0
P84840	8	0
P84840	9	0
P84840	11	0
P84840	19	0
P84840	23	0
P84840	31	0
P84840	40	0
P84840	42	0
P84841	4	0
P84841	8	0
P84841	9	0
P84841	11	0
P84841	19	0
P84841	23	0
P84841	31	0
P84841	40	0
P84841	42	0
P84842	5	0
P84842	7	0
P84842	11	0
P84842	15	0
P84842	28	0
P84859	5	0
P84859	6	0
P84859	9	0
P84859	10	0
P84859	12	0
P84859	13	0
P84859	18	0
P84859	19	0
P84859	22	0
P84859	23	0
P84860	6	0
P84860	10	0
P84860	14	0
P84860	18	0
P84860	27	0
P84880	6	0
P84880	8	0
P84880	10	0
P84880	18	0
P84893	0	0
P84895	0	0
P84895	8	0
P84896	0	0
P84896	8	0
P84897	8	0
P84898	8	0
P84899	4	0
P84899	5	0
P84899	25	0
P84899	26	1
P84899	44	0
P84899	45	0
P84899	46	1
P84899	58	0
P84900	4	0
P84900	5	0
P84900	25	0
P84900	26	1
P84900	44	0
P84900	45	0
P84900	46	1
P84900	51	0
P84900	59	0
P84901	0	0
P84901	8	0
P84909	8	0
P84912	0	0
P84912	4	0
P84912	13	0
P84912	16	0
P84921	4	0
P84921	6	0
P84921	10	0
P84921	14	0
P84921	18	0
P84921	23	0
P84922	3	0
P84922	7	0
P84922	11	0
P84922	15	0
P84923	3	0
P84923	7	0
P84923	11	0
P84923	18	0
P84924	3	0
P84924	7	0
P84924	11	0
P84925	4	0
P84925	6	0
P84925	10	0
P84925	14	0
P84926	3	0
P84926	7	0
P84926	11	0
P84926	22	0
P84927	3	0
P84927	7	0
P84927	8	0
P84927	18	0
P84928	2	0
P84928	6	0
P84928	17	0
P84928	25	0
P84929	6	0
P84929	16	0
P84930	16	0
P84931	6	0
P84931	16	0
P84935	8	0
P84936	6	0
P84936	8	0
P84936	10	0
P84936	18	0
P84937	4	0
P84937	6	0
P84937	14	0
P84938	16	0
P84946	0	0
P84946	4	0
P84947	0	0
P84947	4	0
P84949	2	0
P84950	2	0
P84953	0	0
P84953	4	0
P84956	1	0
P84956	7	0
P84956	9	0
P84956	11	0
P84957	1	0
P84957	7	0
P84957	9	0
P84957	12	0
P85053	6	0
P85053	10	0
P85053	19	0
P85053	21	0
P85053	23	0
P85054	4	0
P85054	7	0
P85054	8	0
P85054	9	0
P85054	11	0
P85054	16	0
P85054	19	0
P85054	23	0
P85054	31	0
P85054	40	0
P85054	42	0
P85055	6	0
P85055	10	0
P85055	14	0
P85055	18	0
P85055	22	0
P85055	31	0
P85055	34	0
P85056	5	0
P85056	9	0
P85056	20	0
P85056	21	0
P85057	6	0
P85057	21	0
P85057	23	0
P85058	6	0
P85058	10	0
P85058	19	0
P85058	21	0
P85058	23	0
P85059	4	0
P85059	7	0
P85059	8	0
P85059	9	0
P85059	11	0
P85059	16	0
P85059	19	0
P85059	23	0
P85059	31	0
P85059	40	0
P85059	42	0
P85070	4	0
P85070	5	0
P85070	25	0
P85070	32	0
P85070	33	0
P85070	39	0
P85070	44	0
P85070	45	1
P85070	56	0
P85071	4	0
P85071	5	0
P85071	31	0
P85071	32	0
P85071	38	0
P85071	43	0
P85071	44	1
P85071	55	0
P85090	10	0
P85090	18	0
P85095	0	0
P85095	2	0
P85095	6	0
P85095	15	0
P85095	19	0
P85279	6	0
P85279	10	0
P85279	19	0
P85279	23	0
P85443	6	0
P85443	10	0
P85447	16	0
P85523	3	0
P85523	7	0
P85523	15	0
P85523	20	0
P85881	1	0
P85881	2	0
P85881	22	0
P85881	23	1
P85881	37	0
P85881	41	0
P85881	42	1
P85882	4	0
P85882	5	0
P85882	25	0
P85882	26	0
P85882	31	0
P85882	40	0
P85882	44	0
P85882	45	1
P85882	62	0
P85883	4	0
P85883	5	0
P85883	25	0
P85883	26	1
P85883	40	0
P85883	44	0
P85883	45	1
P85883	62	0
P85885	0	0
P85885	8	0
P85982	13	0
P85982	17	0
P86016	6	0
P86016	9	0
P86016	13	0
P86016	17	0
P86016	21	0
P86016	30	0
P86017	6	0
P86017	10	0
P86017	14	0
P86017	18	0
P86017	22	0
P86017	31	0
P86018	4	0
P86018	8	0
P86018	9	0
P86018	11	0
P86018	19	0
P86018	23	0
P86018	31	0
P86018	40	0
P86018	42	0
P86019	6	0
P86019	8	0
P86019	10	0
P86019	12	0
P86020	2	0
P86020	8	0
P86020	10	0
P86020	12	0
P86021	6	0
P86021	10	0
P86021	14	0
P86021	18	0
P86021	22	0
P86021	31	0
P86021	34	0
P86022	6	0
P86022	10	0
P86022	18	0
P86022	19	0
P86022	23	0
P86023	6	0
P86023	19	0
P86023	23	0
P86024	6	0
P86024	19	0
P86024	23	0
P86025	6	0
P86025	10	0
P86025	19	0
P86025	23	0
P86026	3	0
P86027	6	0
P86027	10	0
P86027	21	0
P86027	22	0
P86028	21	0
P86028	22	0
P86035	0	0
P86035	8	0
P86037	4	0
P86037	5	0
P86037	25	0
P86037	26	0
P86037	33	0
P86037	47	0
P86037	49	0
P86037	50	1
P86037	55	0
P86037	57	0
P86037	61	0
P86037	65	0
P86039	4	0
P86039	5	0
P86039	25	0
P86039	26	0
P86039	33	0
P86039	47	0
P86039	49	0
P86039	50	1
P86039	55	0
P86039	57	0
P86039	61	0
P86039	65	0
P86039	78	0
P86040	4	0
P86040	5	0
P86040	25	0
P86040	26	0
P86040	33	0
P86040	47	0
P86040	49	0
P86040	50	1
P86040	55	0
P86040	57	0
P86040	61	0
P86040	65	0
P86042	10	0
P86042	14	0
P86042	25	0
P86042	27	0
P86093	4	0
P86093	5	0
P86093	24	0
P86093	25	1
P86093	37	0
P86093	42	0
P86093	43	1
P86093	55	0
P86093	56	0
P86122	7	0
P86122	13	0
P86122	15	0
P86123	0	0
P86124	0	0
P86125	7	0
P86126	7	0
P86127	3	0
P86128	9	0
P86128	11	0
P86129	13	0
P86130	0	0
P86131	6	0
P86132	6	0
P86133	7	0
P86133	13	0
P86134	7	0
P86134	13	0
P86135	9	0
P86135	11	0
P86136	7	0
P86136	11	0
P86136	17	0
P86149	14	0
P86149	18	0
P86149	21	0
P86149	22	0
P86150	14	0
P86150	18	0
P86150	21	0
P86150	22	0
P86151	5	0
P86151	7	0
P86151	11	0
P86151	15	0
P86151	28	0
P86152	5	0
P86152	7	0
P86152	11	0
P86152	20	0
P86152	24	0
P86153	6	0
P86153	10	0
P86153	14	0
P86153	22	0
P86153	27	0
P86154	6	0
P86154	10	0
P86154	14	0
P86154	27	0
P86155	4	0
P86155	8	0
P86155	9	0
P86155	11	0
P86155	19	0
P86155	23	0
P86155	31	0
P86155	40	0
P86155	42	0
P86156	0	0
P86156	8	0
P86157	0	0
P86157	8	0
P86158	6	0
P86158	20	0
P86159	14	0
P86159	15	0
P86160	7	0
P86160	14	0
P86160	15	0
P86161	6	0
P86161	10	0
P86161	19	0
P86161	21	0
P86161	23	0
P86162	6	0
P86162	10	0
P86162	21	0
P86162	23	0
P86164	4	0
P86164	12	0
P86165	4	0
P86165	12	0
P86185	4	0
P86185	5	0
P86185	25	0
P86185	26	1
P86185	33	0
P86185	47	0
P86185	49	0
P86185	50	1
P86185	55	0
P86185	57	0
P86185	61	0
P86185	65	0
P86186	4	0
P86186	5	0
P86186	25	0
P86186	26	0
P86186	33	0
P86186	47	0
P86186	49	0
P86186	50	1
P86186	55	0
P86186	57	0
P86186	61	0
P86186	65	0
P86186	78	0
P86187	4	0
P86187	5	0
P86187	25	0
P86187	26	0
P86187	33	0
P86187	47	0
P86187	49	0
P86187	50	1
P86187	55	0
P86187	57	0
P86187	61	0
P86187	65	0
P86187	78	0
P86188	4	0
P86188	5	0
P86188	25	0
P86188	26	0
P86188	33	0
P86188	47	0
P86188	49	0
P86188	50	1
P86188	55	0
P86188	57	0
P86188	61	0
P86188	65	0
P86279	3	0
P86279	7	0
P86279	11	0
P86279	22	0
P86280	3	0
P86280	7	0
P86280	8	0
P86280	18	0
P86281	3	0
P86281	7	0
P86281	11	0
P86281	15	0
P86281	22	0
P86283	18	0
P86426	0	0
P86426	7	0
P86427	3	0
P86428	0	0
P86428	4	0
P86482	6	0
P86483	7	0
P86483	25	0
P86483	37	0
P86483	40	0
P86483	45	0
P86483	46	0
P86483	65	0
P86483	66	0
P86484	10	0
P86485	7	1
P86485	18	0
P86485	20	0
P86488	4	0
P86488	5	0
P86490	4	0
P86490	5	0
P86493	4	0
P86493	5	0
P86495	4	0
P86495	5	1
P86501	10	0
P86502	10	0
P86502	23	0
P86503	10	0
P86503	23	0
P86504	7	1
P86504	18	0
P86504	20	0
P86505	4	0
P86505	6	0
P86505	8	0
P86505	21	0
P86510	8	0
P86511	7	0
P86511	16	0
P86512	7	0
P86512	16	0
P86513	7	0
P86514	7	0
P86515	8	0
P86610	2	0
P86611	2	0
P86612	2	0
P86613	1	0
P86613	7	0
P86613	9	0
P86613	11	0
P86621	6	0
P86621	10	0
P86621	17	0
P86622	6	0
P86622	10	0
P86622	17	0
P86623	6	0
P86623	10	0
P86623	17	0
P86625	3	0
P86627	0	0
P86627	8	0
P86628	0	0
P86629	0	0
P86629	8	0
P86630	0	0
P86631	0	0
P86631	8	0
P86632	0	0
P86632	8	0
P86635	3	0
P86635	11	0
P86635	22	0
P86636	3	0
P86636	11	0
P86636	22	0
P86637	3	0
P86637	11	0
P86637	22	0
P86638	3	0
P86638	11	0
P86638	22	0
P86639	4	0
P86639	6	0
P86639	10	0
P86639	14	0
P86639	18	0
P86639	22	0
P86640	3	0
P86640	7	0
P86640	11	0
P86640	15	0
P86641	3	0
P86641	7	0
P86641	11	0
P86641	15	0
P86642	3	0
P86642	7	0
P86683	4	0
P86683	6	0
P86683	10	0
P86683	14	0
P86683	18	0
P86684	4	0
P86684	6	0
P86684	10	0
P86684	14	0
P86684	18	0
P86710	16	0
P86711	6	0
P86711	10	0
P86711	19	0
P86711	23	0
P86812	8	0
P86813	8	0
P86814	8	0
P86814	10	0
P86815	8	0
P86815	10	0
P86816	8	0
P86817	8	0
P86818	8	0
P86819	7	0
P86820	5	0
P86913	2	0
P86913	6	0
P86913	10	0
P86913	15	0
P86913	23	0
P86914	2	0
P86914	6	0
P86914	10	0
P86914	15	0
P86914	23	0
P86915	5	0
P86915	6	0
P86915	16	0
P86941	3	0
P86941	7	0
P86941	11	0
P86941	15	0
P86994	7	0
P86994	25	0
P86994	37	0
P86994	45	0
P86994	46	0
P86994	65	0
P86994	66	0
Q06B79	4	0
Q06B79	5	0
Q06B79	25	1
Q06B79	32	0
Q06B79	33	1
Q06B79	39	0
Q06B79	45	0
Q06B79	46	1
Q06B79	57	0
Q06B79	64	0
Q06B79	65	0
Q09022	1	0
Q09022	19	0
Q09022	29	0
Q09022	36	0
Q09022	40	0
Q09022	45	0
Q09022	48	0
Q09022	49	0
Q09022	52	0
Q09022	58	0
Q09022	64	0
Q0VKG8	4	0
Q0VKG8	5	0
Q0VKG8	25	0
Q0VKG8	26	0
Q0VKG8	35	0
Q0VKG8	38	0
Q0VKG8	39	0
Q0VKG8	50	0
Q0VKG8	51	1
Q0VKG8	53	0
Q0VKG8	60	0
Q0VKG9	1	0
Q0VKG9	2	0
Q0VKG9	22	0
Q0VKG9	23	0
Q0VKG9	28	0
Q0VKG9	36	0
Q0VKG9	40	0
Q0VKG9	41	0
Q0VKG9	58	0
Q0VTT8	4	0
Q0VTT8	5	0
Q0VTT8	25	0
Q0VTT8	26	1
Q0VTT8	44	0
Q0VTT8	45	0
Q0VTT8	46	1
Q0VTT8	58	0
Q0VTT9	4	0
Q0VTT9	5	0
Q0VTT9	25	0
Q0VTT9	26	1
Q0VTT9	44	0
Q0VTT9	45	0
Q0VTT9	46	1
Q0VTT9	51	0
Q0VTT9	59	0
Q0VTU0	4	0
Q0VTU0	5	0
Q0VTU0	25	0
Q0VTU0	26	1
Q0VTU0	34	0
Q0VTU0	44	0
Q0VTU0	45	0
Q0VTU0	46	1
Q0VTU0	58	0
Q0VZ38	4	0
Q0VZ38	5	0
Q0VZ38	25	0
Q0VZ38	26	1
Q0VZ38	40	0
Q0VZ38	44	0
Q0VZ38	45	1
Q0VZ38	62	0
Q0VZ38	63	0
Q0VZ39	4	0
Q0VZ39	5	0
Q0VZ39	25	0
Q0VZ39	26	1
Q0VZ39	40	0
Q0VZ39	44	0
Q0VZ39	45	1
Q0VZ39	62	0
Q0VZ39	63	0
Q0VZ40	4	0
Q0VZ40	5	0
Q0VZ40	25	0
Q0VZ40	26	1
Q0VZ40	40	0
Q0VZ40	44	0
Q0VZ40	45	1
Q0VZ40	62	0
Q0VZ41	4	0
Q0VZ41	5	0
Q0VZ41	25	0
Q0VZ41	26	1
Q0VZ41	40	0
Q0VZ41	44	0
Q0VZ41	45	1
Q0VZ41	62	0
Q17UY8	4	0
Q17UY8	5	0
Q17UY8	25	0
Q17UY8	26	0
Q17UY8	33	0
Q17UY8	43	0
Q17UY8	44	1
Q17UY8	51	0
Q17UY8	59	0
Q17UY9	16	0
Q17UY9	17	1
Q17UY9	31	0
Q17UY9	35	0
Q17UY9	36	1
Q17UY9	53	0
Q17UY9	54	0
Q17UZ0	1	0
Q17UZ0	2	0
Q17UZ0	22	0
Q17UZ0	23	0
Q17UZ0	30	0
Q17UZ0	39	0
Q17UZ0	40	1
Q17UZ0	50	0
Q17UZ0	51	0
Q17UZ0	54	0
Q17UZ0	58	0
Q17UZ0	59	0
Q17UZ0	62	0
Q17UZ0	64	0
Q17UZ0	66	0
Q17UZ0	68	0
Q17UZ0	70	0
Q17UZ0	73	0
Q1EJP4	0	0
Q1EJP4	20	0
Q1EJP4	21	0
Q1EJP4	28	0
Q1EJP4	38	0
Q1EJP4	39	1
Q1EJP4	46	0
Q1EJP4	50	0
Q1EJP4	58	0
Q1EJP5	4	0
Q1EJP5	5	0
Q1EJP5	25	0
Q1EJP5	26	0
Q1EJP5	33	0
Q1EJP5	43	0
Q1EJP5	44	1
Q1EJP5	51	0
Q1EJP5	55	0
Q1EJP5	63	0
Q1EN11	4	0
Q1EN11	5	0
Q1EN11	25	0
Q1EN11	26	0
Q1EN11	43	0
Q1EN11	44	0
Q1EN11	47	0
Q1EN11	49	0
Q1EN11	51	0
Q1EN11	55	0
Q1EN11	59	0
Q1EN12	3	0
Q1EN12	4	0
Q1EN12	24	0
Q1EN12	25	0
Q1EN12	42	0
Q1EN12	43	0
Q1EN12	48	0
Q1EN12	50	0
Q1EN12	54	0
Q1EN12	58	0
Q1EN13	4	0
Q1EN13	5	0
Q1EN13	25	0
Q1EN13	26	0
Q1EN13	43	0
Q1EN13	44	1
Q1EN13	48	0
Q1EN13	52	0
Q1EN13	56	0
Q1EN13	63	0
Q1EN15	4	0
Q1EN15	5	0
Q1EN15	25	0
Q1EN15	26	0
Q1EN15	43	0
Q1EN15	44	0
Q1EN15	47	0
Q1EN15	49	0
Q1EN15	64	0
Q1EN15	66	0
Q1EN15	67	0
Q1JS87	4	0
Q1JS87	5	0
Q1JS87	25	0
Q1JS87	36	0
Q1JS87	37	1
Q1JS87	42	0
Q1JS87	45	0
Q1JS87	46	0
Q1JS87	47	0
Q1JS87	49	0
Q1JS87	57	0
Q1JS87	61	0
Q1JS87	69	0
Q1JS87	78	0
Q1JS87	80	0
Q1JS88	4	0
Q1JS88	5	0
Q1JS88	25	0
Q1JS88	36	0
Q1JS88	37	1
Q1JS88	42	0
Q1JS88	46	0
Q1JS88	49	0
Q1JS88	57	0
Q1JS88	61	0
Q1JS88	66	0
Q1JS88	69	0
Q1JS89	4	0
Q1JS89	5	0
Q1JS89	25	1
Q1JS89	36	0
Q1JS89	39	0
Q1JS89	40	1
Q1JS89	47	0
Q1JS89	51	0
Q1JS89	55	0
Q1JS89	59	0
Q1JS89	63	0
Q1JS89	72	0
Q1JS89	75	0
Q1JS90	4	0
Q1JS90	5	0
Q1JS90	25	0
Q1JS90	37	0
Q1JS90	38	1
Q1JS90	45	0
Q1JS90	49	0
Q1JS90	58	0
Q1JS90	60	0
Q1JS90	62	0
Q1JS91	4	0
Q1JS91	5	0
Q1JS91	25	1
Q1JS91	32	0
Q1JS91	33	0
Q1JS91	45	0
Q1JS91	46	1
Q1JS91	53	0
Q1JS91	61	0
Q1JS92	4	0
Q1JS92	5	0
Q1JS92	25	1
Q1JS92	41	0
Q1JS92	42	1
Q1JS92	49	0
Q1JS92	53	0
Q1JS92	62	0
Q1JS92	64	0
Q1JS92	66	0
Q1JS93	4	0
Q1JS93	5	0
Q1JS93	25	0
Q1JS93	31	0
Q1JS93	32	1
Q1JS93	44	0
Q1JS93	45	1
Q1JS93	60	0
Q1JS93	67	0
Q1JS93	68	0
Q1JS94	4	0
Q1JS94	5	0
Q1JS94	25	1
Q1JS94	36	0
Q1JS94	39	0
Q1JS94	40	1
Q1JS94	46	0
Q1JS94	50	0
Q1JS94	53	0
Q1JS94	62	0
Q1JS94	65	0
Q1JS94	66	0
Q2UXR1	4	0
Q2UXR1	5	0
Q2UXR1	25	1
Q2UXR1	39	0
Q2UXR1	40	1
Q2UXR1	47	0
Q2UXR1	55	0
Q2UXR1	59	0
Q2UXR1	63	0
Q2UXR1	72	0
Q2UXR2	4	0
Q2UXR2	5	0
Q2UXR2	25	1
Q2UXR2	40	0
Q2UXR2	41	1
Q2UXR2	48	0
Q2UXR2	56	0
Q2UXR2	69	0
Q2UXR3	4	0
Q2UXR3	5	0
Q2UXR3	25	0
Q2UXR3	41	0
Q2UXR3	42	1
Q2UXR3	49	0
Q2UXR3	57	0
Q2UXR3	70	0
Q2UXR3	73	0
Q2UXR4	4	0
Q2UXR4	5	0
Q2UXR4	25	0
Q2UXR4	32	0
Q2UXR4	33	0
Q2UXR4	36	1
Q2UXR4	42	0
Q2UXR4	43	1
Q2UXR4	65	0
Q2UXR4	66	0
Q2UXV8	4	0
Q2UXV8	5	0
Q2UXV8	25	1
Q2UXV8	32	0
Q2UXV8	33	0
Q2UXV8	39	0
Q2UXV8	45	0
Q2UXV8	46	0
Q2UXV8	61	0
Q2UXV8	65	0
Q2UXV8	68	0
Q2UXV8	69	0
Q2UXV9	4	0
Q2UXV9	5	0
Q2UXV9	25	0
Q2UXV9	31	0
Q2UXV9	32	1
Q2UXV9	38	0
Q2UXV9	44	0
Q2UXV9	45	1
Q2UXV9	52	0
Q2UXV9	56	0
Q2UXV9	67	0
Q2UXV9	68	0
Q2UXW0	4	0
Q2UXW0	5	0
Q2UXW0	25	1
Q2UXW0	32	0
Q2UXW0	33	0
Q2UXW0	45	0
Q2UXW0	46	1
Q2UXW0	57	0
Q2UXW0	65	0
Q2UXW0	68	0
Q2UXW0	69	0
Q2WCN5	4	0
Q2WCN5	5	0
Q2WCN5	25	0
Q2WCN5	32	0
Q2WCN5	33	1
Q2WCN5	39	0
Q2WCN5	45	0
Q2WCN5	46	1
Q2WCN5	57	0
Q2WCN5	61	0
Q2WCN6	4	0
Q2WCN6	5	0
Q2WCN6	25	1
Q2WCN6	39	0
Q2WCN6	40	0
Q2WCN6	47	0
Q2WCN6	55	0
Q2WCN6	63	0
Q2WCN6	68	0
Q2WCN6	71	0
Q2WCN7	4	0
Q2WCN7	5	0
Q2WCN7	25	1
Q2WCN7	42	0
Q2WCN7	43	1
Q2WCN7	51	0
Q2WCN7	55	0
Q2WCN7	64	0
Q2WCN7	66	0
Q2WCN7	68	0
Q2WCN8	4	0
Q2WCN8	5	0
Q2WCN8	25	0
Q2WCN8	41	0
Q2WCN8	42	1
Q2WCN8	50	0
Q2WCN8	54	0
Q2WCN8	63	0
Q2WCN8	65	0
Q2WCN8	67	0
Q571V3	4	0
Q571V3	5	0
Q571V3	25	0
Q571V3	26	0
Q571V3	31	0
Q571V3	44	0
Q571V3	45	1
Q571V3	50	0
Q571V3	52	0
Q571V3	56	0
Q571V3	67	0
Q571V4	4	0
Q571V4	5	0
Q571V4	23	0
Q571V4	25	0
Q571V4	26	0
Q571V4	44	0
Q571V4	45	1
Q571V4	53	0
Q571V4	64	0
Q571V4	66	0
Q571V4	71	0
Q571V6	4	0
Q571V6	5	0
Q571V6	23	0
Q571V6	25	0
Q571V6	26	0
Q571V6	38	0
Q571V6	47	0
Q571V6	48	1
Q571V6	62	0
Q58T39	3	0
Q58T39	18	0
Q58T39	30	1
Q58T39	39	0
Q58T39	42	1
Q58T39	53	0
Q58T39	57	0
Q58T39	61	0
Q58T39	71	0
Q58T39	72	1
Q58T39	81	0
Q58T39	82	0
Q58T39	88	0
Q58T39	102	0
Q58T39	105	1
Q58T39	118	0
Q58T39	119	0
Q58T39	121	0
Q58T39	122	1
Q58T39	140	0
Q58T40	3	0
Q58T40	18	0
Q58T40	30	1
Q58T40	39	0
Q58T40	42	1
Q58T40	47	0
Q58T40	53	0
Q58T40	57	0
Q58T40	61	0
Q58T40	70	0
Q58T40	71	0
Q58T40	72	0
Q58T40	81	0
Q58T40	82	0
Q58T40	88	0
Q58T40	102	0
Q58T40	105	1
Q58T40	118	0
Q58T40	119	0
Q58T40	121	0
Q58T40	122	1
Q58T40	140	0
Q58T40	141	0
Q58T41	3	0
Q58T41	18	0
Q58T41	30	1
Q58T41	39	0
Q58T41	42	1
Q58T41	47	0
Q58T41	53	0
Q58T41	57	0
Q58T41	61	0
Q58T41	71	0
Q58T41	72	0
Q58T41	81	0
Q58T41	82	0
Q58T41	88	0
Q58T41	102	0
Q58T41	105	1
Q58T41	118	0
Q58T41	119	0
Q58T41	121	0
Q58T41	122	1
Q58T41	140	0
Q58T42	3	0
Q58T42	18	0
Q58T42	30	1
Q58T42	39	0
Q58T42	42	1
Q58T42	53	0
Q58T42	57	0
Q58T42	61	0
Q58T42	66	0
Q58T42	71	0
Q58T42	72	0
Q58T42	81	0
Q58T42	82	0
Q58T42	88	0
Q58T42	102	0
Q58T42	105	1
Q58T42	114	0
Q58T42	116	0
Q58T42	117	1
Q58T42	135	0
Q58T42	136	0
Q58T43	3	0
Q58T43	18	0
Q58T43	30	1
Q58T43	39	0
Q58T43	42	1
Q58T43	47	0
Q58T43	53	0
Q58T43	57	0
Q58T43	61	0
Q58T43	70	0
Q58T43	71	0
Q58T43	72	0
Q58T43	81	0
Q58T43	82	0
Q58T43	88	0
Q58T43	102	0
Q58T43	105	1
Q58T43	118	0
Q58T43	119	0
Q58T43	121	0
Q58T43	122	1
Q58T43	140	0
Q58T44	3	0
Q58T44	18	0
Q58T44	30	1
Q58T44	39	0
Q58T44	42	1
Q58T44	53	0
Q58T44	57	0
Q58T44	61	0
Q58T44	66	0
Q58T44	71	0
Q58T44	72	0
Q58T44	81	0
Q58T44	82	0
Q58T44	88	0
Q58T44	102	0
Q58T44	105	1
Q58T44	114	0
Q58T44	116	0
Q58T44	117	1
Q58T44	135	0
Q58T44	136	0
Q58T45	3	0
Q58T45	18	0
Q58T45	21	0
Q58T45	30	1
Q58T45	39	0
Q58T45	42	1
Q58T45	53	0
Q58T45	57	0
Q58T45	61	0
Q58T45	71	0
Q58T45	72	1
Q58T45	81	0
Q58T45	82	0
Q58T45	88	0
Q58T45	102	0
Q58T45	105	1
Q58T45	118	0
Q58T45	119	0
Q58T45	121	0
Q58T45	122	1
Q58T45	140	0
Q58T45	141	0
Q58T46	3	0
Q58T46	18	0
Q58T46	30	1
Q58T46	39	0
Q58T46	42	1
Q58T46	47	0
Q58T46	53	0
Q58T46	57	0
Q58T46	61	0
Q58T46	70	0
Q58T46	71	0
Q58T46	72	0
Q58T46	81	0
Q58T46	82	0
Q58T46	88	0
Q58T46	102	0
Q58T46	105	1
Q58T46	118	0
Q58T46	119	0
Q58T46	121	0
Q58T46	122	1
Q58T46	140	0
Q58T46	141	0
Q58T48	3	0
Q58T48	18	0
Q58T48	30	1
Q58T48	39	0
Q58T48	42	1
Q58T48	47	0
Q58T48	53	0
Q58T48	57	0
Q58T48	61	0
Q58T48	70	0
Q58T48	71	0
Q58T48	72	0
Q58T48	81	0
Q58T48	82	0
Q58T48	88	0
Q58T48	102	0
Q58T48	105	1
Q58T48	118	0
Q58T48	119	0
Q58T48	121	0
Q58T48	122	1
Q58T48	140	0
Q58T48	141	0
Q58T49	3	0
Q58T49	18	0
Q58T49	30	1
Q58T49	39	0
Q58T49	42	1
Q58T49	47	0
Q58T49	53	0
Q58T49	57	0
Q58T49	61	0
Q58T49	71	0
Q58T49	72	0
Q58T49	81	0
Q58T49	82	0
Q58T49	88	0
Q58T49	102	0
Q58T49	105	1
Q58T49	118	0
Q58T49	119	0
Q58T49	121	0
Q58T49	122	1
Q58T49	140	0
Q58T51	3	0
Q58T51	18	0
Q58T51	30	1
Q58T51	39	0
Q58T51	42	1
Q58T51	47	0
Q58T51	53	0
Q58T51	57	0
Q58T51	61	0
Q58T51	71	0
Q58T51	72	0
Q58T51	81	0
Q58T51	82	0
Q58T51	88	0
Q58T51	102	0
Q58T51	105	1
Q58T51	118	0
Q58T51	119	0
Q58T51	121	0
Q58T51	122	1
Q58T51	140	0
Q58T51	141	0
Q58T52	3	0
Q58T52	18	0
Q58T52	22	0
Q58T52	30	1
Q58T52	39	0
Q58T52	42	1
Q58T52	53	0
Q58T52	57	0
Q58T52	61	0
Q58T52	66	0
Q58T52	71	0
Q58T52	72	0
Q58T52	81	0
Q58T52	82	0
Q58T52	88	0
Q58T52	102	0
Q58T52	105	1
Q58T52	118	0
Q58T52	119	0
Q58T52	121	0
Q58T52	122	1
Q58T52	140	0
Q58T52	141	0
Q58T55	3	0
Q58T55	18	0
Q58T55	21	0
Q58T55	30	1
Q58T55	39	0
Q58T55	42	0
Q58T55	46	0
Q58T55	47	0
Q58T55	53	0
Q58T55	57	0
Q58T55	61	0
Q58T55	66	0
Q58T55	71	0
Q58T55	72	0
Q58T55	81	0
Q58T55	82	0
Q58T55	88	0
Q58T55	102	0
Q58T55	105	1
Q58T55	118	0
Q58T55	119	0
Q58T55	121	0
Q58T55	122	1
Q58T55	140	0
Q58T55	141	0
Q58T56	1	0
Q58T56	3	0
Q58T56	18	0
Q58T56	30	1
Q58T56	39	0
Q58T56	42	1
Q58T56	47	0
Q58T56	53	0
Q58T56	57	0
Q58T56	61	0
Q58T56	71	0
Q58T56	72	0
Q58T56	81	0
Q58T56	82	0
Q58T56	88	0
Q58T56	102	0
Q58T56	105	1
Q58T56	118	0
Q58T56	119	0
Q58T56	121	0
Q58T56	122	1
Q58T56	129	0
Q58T56	140	0
Q58T58	3	0
Q58T58	18	0
Q58T58	30	1
Q58T58	39	0
Q58T58	42	0
Q58T58	47	0
Q58T58	53	0
Q58T58	57	0
Q58T58	61	0
Q58T58	71	0
Q58T58	72	0
Q58T58	81	0
Q58T58	82	0
Q58T58	88	0
Q58T58	102	0
Q58T58	105	1
Q58T58	118	0
Q58T58	119	0
Q58T58	121	0
Q58T58	122	1
Q58T58	129	0
Q58T58	140	0
Q58T59	3	0
Q58T59	18	0
Q58T59	21	0
Q58T59	30	1
Q58T59	39	0
Q58T59	42	1
Q58T59	53	0
Q58T59	57	0
Q58T59	61	0
Q58T59	71	0
Q58T59	72	1
Q58T59	81	0
Q58T59	82	0
Q58T59	88	0
Q58T59	102	0
Q58T59	105	1
Q58T59	115	0
Q58T59	118	0
Q58T59	119	0
Q58T59	121	0
Q58T59	122	1
Q58T59	140	0
Q58T60	3	0
Q58T60	18	0
Q58T60	30	1
Q58T60	39	0
Q58T60	42	1
Q58T60	47	0
Q58T60	53	0
Q58T60	57	0
Q58T60	61	0
Q58T60	71	0
Q58T60	72	0
Q58T60	82	0
Q58T60	83	0
Q58T60	89	0
Q58T60	103	0
Q58T60	106	1
Q58T60	119	0
Q58T60	120	0
Q58T60	122	0
Q58T60	123	1
Q58T60	131	0
Q58T60	141	0
Q58T61	3	0
Q58T61	18	0
Q58T61	30	1
Q58T61	39	0
Q58T61	42	1
Q58T61	47	0
Q58T61	53	0
Q58T61	57	0
Q58T61	61	0
Q58T61	70	0
Q58T61	71	0
Q58T61	72	0
Q58T61	81	0
Q58T61	82	0
Q58T61	88	0
Q58T61	102	0
Q58T61	105	1
Q58T61	118	0
Q58T61	119	0
Q58T61	121	0
Q58T61	122	1
Q58T61	130	0
Q58T61	140	0
Q58T62	3	0
Q58T62	18	0
Q58T62	30	1
Q58T62	39	0
Q58T62	42	1
Q58T62	53	0
Q58T62	57	0
Q58T62	61	0
Q58T62	66	0
Q58T62	71	0
Q58T62	72	0
Q58T62	81	0
Q58T62	82	0
Q58T62	88	0
Q58T62	102	0
Q58T62	105	1
Q58T62	114	0
Q58T62	116	0
Q58T62	117	1
Q58T62	135	0
Q58T62	136	0
Q58T64	3	0
Q58T64	18	0
Q58T64	30	1
Q58T64	39	0
Q58T64	42	1
Q58T64	47	0
Q58T64	53	0
Q58T64	57	0
Q58T64	61	0
Q58T64	70	0
Q58T64	71	0
Q58T64	72	0
Q58T64	81	0
Q58T64	82	0
Q58T64	88	0
Q58T64	102	0
Q58T64	105	1
Q58T64	111	0
Q58T64	118	0
Q58T64	119	0
Q58T64	121	0
Q58T64	122	1
Q58T64	140	0
Q58T64	141	0
Q58T65	3	0
Q58T65	18	0
Q58T65	30	1
Q58T65	40	0
Q58T65	43	1
Q58T65	48	0
Q58T65	54	0
Q58T65	58	0
Q58T65	62	0
Q58T65	71	0
Q58T65	72	0
Q58T65	73	0
Q58T65	82	0
Q58T65	83	0
Q58T65	89	0
Q58T65	103	0
Q58T65	106	1
Q58T65	119	0
Q58T65	120	0
Q58T65	122	0
Q58T65	123	1
Q58T65	141	0
Q58T65	142	0
Q58T68	3	0
Q58T68	18	0
Q58T68	30	1
Q58T68	40	0
Q58T68	43	1
Q58T68	48	0
Q58T68	54	0
Q58T68	58	0
Q58T68	62	0
Q58T68	71	0
Q58T68	72	0
Q58T68	73	0
Q58T68	82	0
Q58T68	83	0
Q58T68	89	0
Q58T68	103	0
Q58T68	106	1
Q58T68	119	0
Q58T68	120	0
Q58T68	122	0
Q58T68	123	1
Q58T68	141	0
Q58T68	142	0
Q58T69	3	0
Q58T69	18	0
Q58T69	30	1
Q58T69	40	0
Q58T69	43	1
Q58T69	48	0
Q58T69	54	0
Q58T69	58	0
Q58T69	62	0
Q58T69	71	0
Q58T69	72	0
Q58T69	73	0
Q58T69	82	0
Q58T69	83	0
Q58T69	89	0
Q58T69	103	0
Q58T69	106	1
Q58T69	119	0
Q58T69	120	0
Q58T69	122	0
Q58T69	123	1
Q58T69	141	0
Q58T69	142	0
Q58T70	3	0
Q58T70	18	0
Q58T70	30	1
Q58T70	40	0
Q58T70	43	1
Q58T70	48	0
Q58T70	54	0
Q58T70	58	0
Q58T70	62	0
Q58T70	71	0
Q58T70	72	0
Q58T70	73	0
Q58T70	82	0
Q58T70	83	0
Q58T70	89	0
Q58T70	103	0
Q58T70	106	1
Q58T70	119	0
Q58T70	120	0
Q58T70	122	0
Q58T70	123	1
Q58T70	141	0
Q58T70	142	0
Q58T72	3	0
Q58T72	18	0
Q58T72	30	1
Q58T72	39	0
Q58T72	42	0
Q58T72	47	0
Q58T72	53	0
Q58T72	57	0
Q58T72	61	0
Q58T72	71	0
Q58T72	72	0
Q58T72	81	0
Q58T72	82	0
Q58T72	88	0
Q58T72	102	0
Q58T72	105	1
Q58T72	118	0
Q58T72	119	0
Q58T72	121	0
Q58T72	122	1
Q58T72	140	0
Q58T74	3	0
Q58T74	18	0
Q58T74	30	1
Q58T74	39	0
Q58T74	42	0
Q58T74	47	0
Q58T74	53	0
Q58T74	57	0
Q58T74	61	0
Q58T74	71	0
Q58T74	72	0
Q58T74	81	0
Q58T74	82	0
Q58T74	88	0
Q58T74	102	0
Q58T74	105	1
Q58T74	118	0
Q58T74	119	0
Q58T74	121	0
Q58T74	122	1
Q58T74	140	0
Q58T77	3	0
Q58T77	18	0
Q58T77	30	1
Q58T77	39	0
Q58T77	42	1
Q58T77	53	0
Q58T77	57	0
Q58T77	61	0
Q58T77	66	0
Q58T77	71	0
Q58T77	72	0
Q58T77	81	0
Q58T77	82	0
Q58T77	88	0
Q58T77	102	0
Q58T77	105	1
Q58T77	114	0
Q58T77	116	0
Q58T77	117	1
Q58T77	135	0
Q58T77	136	0
Q58T79	3	0
Q58T79	18	0
Q58T79	19	0
Q58T79	22	0
Q58T79	30	1
Q58T79	39	0
Q58T79	42	1
Q58T79	53	0
Q58T79	57	0
Q58T79	61	0
Q58T79	66	0
Q58T79	71	0
Q58T79	72	0
Q58T79	81	0
Q58T79	82	0
Q58T79	88	0
Q58T79	102	0
Q58T79	105	1
Q58T79	118	0
Q58T79	119	0
Q58T79	121	0
Q58T79	122	1
Q58T79	140	0
Q58T79	141	0
Q58T80	3	0
Q58T80	18	0
Q58T80	30	1
Q58T80	39	0
Q58T80	42	1
Q58T80	47	0
Q58T80	53	0
Q58T80	57	0
Q58T80	61	0
Q58T80	70	0
Q58T80	71	0
Q58T80	72	0
Q58T80	81	0
Q58T80	82	0
Q58T80	88	0
Q58T80	102	0
Q58T80	105	1
Q58T80	118	0
Q58T80	119	0
Q58T80	121	0
Q58T80	122	1
Q58T80	140	0
Q58T80	141	0
Q58T83	3	0
Q58T83	18	0
Q58T83	30	1
Q58T83	39	0
Q58T83	42	1
Q58T83	47	0
Q58T83	53	0
Q58T83	57	0
Q58T83	61	0
Q58T83	70	0
Q58T83	71	0
Q58T83	72	0
Q58T83	81	0
Q58T83	82	0
Q58T83	88	0
Q58T83	102	0
Q58T83	105	1
Q58T83	118	0
Q58T83	119	0
Q58T83	121	0
Q58T83	122	1
Q58T83	140	0
Q58T83	141	0
Q58T86	3	0
Q58T86	18	0
Q58T86	30	1
Q58T86	39	0
Q58T86	42	1
Q58T86	47	0
Q58T86	53	0
Q58T86	57	0
Q58T86	61	0
Q58T86	71	0
Q58T86	72	0
Q58T86	81	0
Q58T86	82	0
Q58T86	88	0
Q58T86	102	0
Q58T86	105	1
Q58T86	118	0
Q58T86	119	0
Q58T86	121	0
Q58T86	122	1
Q58T86	140	0
Q58T87	3	0
Q58T87	18	0
Q58T87	30	1
Q58T87	39	0
Q58T87	42	1
Q58T87	47	0
Q58T87	53	0
Q58T87	57	0
Q58T87	61	0
Q58T87	71	0
Q58T87	72	0
Q58T87	81	0
Q58T87	82	0
Q58T87	88	0
Q58T87	102	0
Q58T87	105	1
Q58T87	118	0
Q58T87	119	0
Q58T87	121	0
Q58T87	122	0
Q58T87	140	0
Q58T89	3	0
Q58T89	18	0
Q58T89	30	0
Q58T89	39	0
Q58T89	42	0
Q58T89	53	0
Q58T89	57	0
Q58T89	61	0
Q58T89	71	0
Q58T89	72	1
Q58T89	75	0
Q58T89	81	0
Q58T89	82	0
Q58T89	88	0
Q58T89	102	0
Q58T89	105	1
Q58T89	118	0
Q58T89	119	0
Q58T89	121	0
Q58T89	122	1
Q58T89	140	0
Q58T89	141	0
Q58T90	3	0
Q58T90	18	0
Q58T90	30	0
Q58T90	39	0
Q58T90	42	1
Q58T90	53	0
Q58T90	57	0
Q58T90	61	0
Q58T90	71	0
Q58T90	72	1
Q58T90	81	0
Q58T90	82	0
Q58T90	84	0
Q58T90	88	0
Q58T90	102	0
Q58T90	105	1
Q58T90	118	0
Q58T90	119	0
Q58T90	121	0
Q58T90	122	1
Q58T90	140	0
Q58T90	141	0
Q58T91	3	0
Q58T91	18	0
Q58T91	30	0
Q58T91	39	0
Q58T91	42	1
Q58T91	53	0
Q58T91	57	0
Q58T91	61	0
Q58T91	69	0
Q58T91	70	0
Q58T91	79	0
Q58T91	80	0
Q58T91	86	0
Q58T91	100	0
Q58T91	103	1
Q58T91	116	0
Q58T91	117	0
Q58T91	119	0
Q58T91	120	1
Q58T91	138	0
Q58T91	139	0
Q58T92	3	0
Q58T92	18	0
Q58T92	21	0
Q58T92	30	1
Q58T92	39	0
Q58T92	42	1
Q58T92	53	0
Q58T92	57	0
Q58T92	61	0
Q58T92	69	0
Q58T92	70	0
Q58T92	79	0
Q58T92	80	0
Q58T92	86	0
Q58T92	100	0
Q58T92	103	1
Q58T92	116	0
Q58T92	117	0
Q58T92	119	0
Q58T92	120	1
Q58T92	138	0
Q58T92	139	0
Q58T93	3	0
Q58T93	18	0
Q58T93	21	0
Q58T93	30	1
Q58T93	39	0
Q58T93	42	1
Q58T93	53	0
Q58T93	57	0
Q58T93	61	0
Q58T93	69	0
Q58T93	70	0
Q58T93	79	0
Q58T93	80	0
Q58T93	86	0
Q58T93	100	0
Q58T93	103	1
Q58T93	116	0
Q58T93	117	0
Q58T93	119	0
Q58T93	120	1
Q58T93	138	0
Q58T93	139	0
Q58T94	3	0
Q58T94	18	0
Q58T94	21	0
Q58T94	30	1
Q58T94	39	0
Q58T94	42	1
Q58T94	53	0
Q58T94	57	0
Q58T94	61	0
Q58T94	69	0
Q58T94	70	0
Q58T94	79	0
Q58T94	80	0
Q58T94	86	0
Q58T94	100	0
Q58T94	103	1
Q58T94	116	0
Q58T94	117	0
Q58T94	119	0
Q58T94	120	1
Q58T94	138	0
Q58T94	139	0
Q58T95	3	0
Q58T95	21	0
Q58T95	30	1
Q58T95	39	0
Q58T95	42	1
Q58T95	53	0
Q58T95	57	0
Q58T95	61	0
Q58T95	69	0
Q58T95	70	0
Q58T95	79	0
Q58T95	80	0
Q58T95	86	0
Q58T95	100	0
Q58T95	103	1
Q58T95	116	0
Q58T95	117	0
Q58T95	119	0
Q58T95	120	1
Q58T95	138	0
Q58T95	139	0
Q5DVA5	4	0
Q5DVA5	5	0
Q5DVA5	25	0
Q5DVA5	26	0
Q5DVA5	42	0
Q5DVA5	43	1
Q5DVA5	50	0
Q5DVA5	61	0
Q5DVA5	69	0
Q5DVA6	4	0
Q5DVA6	5	0
Q5DVA6	25	0
Q5DVA6	26	0
Q5DVA6	38	0
Q5DVA6	42	0
Q5DVA6	43	1
Q5DVA6	48	0
Q75VN4	5	0
Q75VN4	11	0
Q75VN4	12	0
Q75VN4	15	0
Q75VN4	16	0
Q75VN4	20	0
Q75VN4	23	0
Q75VN4	24	0
Q75VN4	27	0
Q75VN4	28	0
Q75VN4	29	0
Q75VN4	30	0
Q75VN4	31	0
Q75VN4	33	0
Q75VN4	34	0
Q75VN4	43	0
Q75VN4	46	0
Q75VN4	57	0
Q75VN4	72	1
Q75VN4	79	0
Q75VN4	85	0
Q75VN4	86	1
Q75VN4	92	0
Q75VN4	99	0
Q75VN4	108	0
Q75VN4	116	0
Q75VN4	120	0
Q75VN4	125	0
Q7LZ52	0	0
Q7LZ52	8	0
Q7LZ53	0	0
Q7LZ53	8	0
Q7LZ54	8	0
Q7T3K8	4	0
Q7T3K8	5	0
Q7T3K8	25	0
Q7T3K8	26	0
Q7T3K8	43	0
Q7T3K8	44	1
Q7T3K8	48	0
Q7T3K8	52	0
Q7T3K8	56	0
Q7T3K8	60	0
Q7T3K9	4	0
Q7T3K9	5	0
Q7T3K9	25	0
Q7T3K9	26	1
Q7T3K9	43	0
Q7T3K9	44	1
Q7T3K9	49	0
Q7T3K9	51	0
Q7T3K9	55	0
Q7T3K9	59	0
Q7T3K9	63	0
Q7T3K9	67	0
Q7T3L1	1	0
Q7T3L1	25	0
Q7T3L1	33	0
Q7T3L1	39	0
Q7T3L1	43	0
Q7T3L1	46	0
Q7T3L1	47	0
Q7T3L1	50	0
Q7T3L1	58	0
Q7T3L1	60	0
Q7T3L1	67	0
Q7T3L1	71	0
Q7T3L1	74	0
Q7T3L1	75	0
Q7T3L1	78	0
Q7T3L1	86	0
Q7T3L1	88	0
Q7T3L1	95	0
Q7T3L1	99	0
Q7T3L1	102	0
Q7T3L1	103	0
Q7T3L1	106	0
Q7T3L1	114	0
Q7T3L1	116	0
Q7T3L1	123	0
Q7T3L1	127	0
Q7T3L1	130	0
Q7T3L1	131	0
Q7T3L1	134	0
Q7T3L1	142	0
Q7T3L1	144	0
Q7T3L1	151	0
Q7T3L1	155	0
Q7T3L1	158	0
Q7T3L1	159	0
Q7T3L1	162	0
Q7T3L1	170	0
Q7T3L1	172	0
Q7T3L1	179	0
Q7T3L1	183	0
Q7T3L1	186	0
Q7T3L1	187	0
Q7T3L1	190	0
Q7T3L1	198	0
Q7T3L1	200	0
Q7T3L1	207	0
Q7T3L1	211	0
Q7T3L1	214	0
Q7T3L1	215	0
Q7T3L1	218	0
Q7T3L1	226	0
Q7T3L1	228	0
Q7T3L1	235	0
Q7T3L1	239	0
Q7T3L1	242	0
Q7T3L1	243	0
Q7T3L1	246	0
Q7T3L1	254	0
Q7T3L1	256	0
Q7T3L1	263	0
Q7T3L1	269	0
Q7T3L1	272	0
Q7T3L1	277	0
Q7T3L1	293	0
Q800F1	4	0
Q800F1	5	0
Q800F1	25	0
Q800F1	26	1
Q800F1	44	0
Q800F1	45	0
Q800F1	46	1
Q800F1	51	0
Q800F1	59	0
Q800R2	4	0
Q800R2	5	0
Q800R2	25	0
Q800R2	26	1
Q800R2	47	0
Q800R2	48	1
Q800R2	59	0
Q800R3	4	0
Q800R3	5	0
Q800R3	25	0
Q800R3	26	0
Q800R3	31	0
Q800R3	40	0
Q800R3	44	0
Q800R3	45	1
Q800R3	62	0
Q800R4	4	0
Q800R4	5	0
Q800R4	24	0
Q800R4	25	0
Q800R4	33	0
Q800R4	42	0
Q800R4	43	1
Q800R4	51	0
Q800R4	55	0
Q800R9	4	0
Q800R9	5	0
Q800R9	25	0
Q800R9	26	1
Q800R9	47	0
Q800R9	48	1
Q800R9	59	0
Q800R9	64	0
Q800S1	4	0
Q800S1	5	0
Q800S1	25	0
Q800S1	26	0
Q800S1	33	0
Q800S1	43	0
Q800S1	44	1
Q800S2	4	0
Q800S2	5	0
Q800S2	25	0
Q800S2	26	0
Q800S2	33	0
Q800S2	43	0
Q800S2	44	1
Q8JHE1	3	0
Q8JHE1	18	0
Q8JHE1	30	1
Q8JHE1	39	0
Q8JHE1	42	1
Q8JHE1	47	0
Q8JHE1	53	0
Q8JHE1	57	0
Q8JHE1	61	0
Q8JHE1	70	0
Q8JHE1	71	0
Q8JHE1	72	0
Q8JHE1	81	0
Q8JHE1	82	0
Q8JHE1	88	0
Q8JHE1	102	0
Q8JHE1	105	1
Q8JHE1	118	0
Q8JHE1	119	0
Q8JHE1	121	0
Q8JHE1	122	1
Q8QFQ3	4	0
Q8QFQ3	5	0
Q8QFQ3	23	0
Q8QFQ3	37	0
Q8QFQ3	38	0
Q8QFQ3	45	0
Q8QFQ3	60	0
Q8QFQ3	62	0
Q8QFQ3	68	0
Q8QFQ3	69	0
Q8QFQ4	4	0
Q8QFQ4	5	0
Q8QFQ4	25	1
Q8QFQ4	41	0
Q8QFQ4	42	1
Q8QFQ4	49	0
Q8QFQ4	53	0
Q8QFQ4	62	0
Q8QFQ4	64	0
Q8QFQ4	66	0
Q8QFQ5	5	0
Q8QFQ5	30	0
Q8QFQ5	43	0
Q8QFQ5	44	1
Q8QFQ5	55	0
Q8QFQ5	59	0
Q8QFQ5	66	0
Q8QFQ5	67	0
Q90W78	4	0
Q90W78	5	0
Q90W78	24	0
Q90W78	25	0
Q90W78	35	0
Q90W78	36	1
Q90W78	42	0
Q90W78	46	0
Q90W78	47	0
Q90W78	53	0
Q90W78	63	0
Q90W78	64	0
Q90W78	66	0
Q90W78	69	0
Q90W88	1	0
Q90W88	25	0
Q90W88	33	0
Q90W88	39	0
Q90W88	43	0
Q90W88	46	0
Q90W88	47	0
Q90W88	50	0
Q90W88	58	0
Q90W88	60	0
Q90W88	67	0
Q90W88	71	0
Q90W88	74	0
Q90W88	75	0
Q90W88	78	0
Q90W88	86	0
Q90W88	88	0
Q90W88	95	0
Q90W88	99	0
Q90W88	102	0
Q90W88	103	0
Q90W88	106	0
Q90W88	114	0
Q90W88	116	0
Q90W88	123	0
Q90W88	127	0
Q90W88	130	0
Q90W88	131	0
Q90W88	134	0
Q90W88	142	0
Q90W88	144	0
Q90WP7	4	0
Q90WP7	5	0
Q90WP7	25	0
Q90WP7	41	0
Q90WP7	42	0
Q90WP7	45	0
Q90WP7	50	0
Q90WP7	55	0
Q90WP7	60	0
Q90WZ1	1	0
Q90WZ1	25	0
Q90WZ1	33	0
Q90WZ1	39	0
Q90WZ1	43	0
Q90WZ1	46	0
Q90WZ1	47	0
Q90WZ1	50	0
Q90WZ1	58	0
Q90WZ1	60	0
Q90WZ1	67	0
Q90WZ1	71	0
Q90WZ1	74	0
Q90WZ1	75	0
Q90WZ1	78	0
Q90WZ1	86	0
Q90WZ1	88	0
Q90WZ1	95	0
Q90WZ1	99	0
Q90WZ1	102	0
Q90WZ1	103	0
Q90WZ1	106	0
Q90WZ1	114	0
Q90WZ1	116	0
Q90WZ1	123	0
Q90WZ1	127	0
Q90WZ1	130	0
Q90WZ1	131	0
Q90WZ1	134	0
Q90WZ1	142	0
Q90WZ1	144	0
Q90WZ1	151	0
Q90WZ1	155	0
Q90WZ1	158	0
Q90WZ1	159	0
Q90WZ1	162	0
Q90WZ1	170	0
Q90WZ1	172	0
Q90WZ1	179	0
Q90WZ1	183	0
Q90WZ1	186	0
Q90WZ1	187	0
Q90WZ1	190	0
Q90WZ1	198	0
Q90WZ1	200	0
Q90ZK3	4	0
Q90ZK3	5	0
Q90ZK3	25	0
Q90ZK3	26	0
Q90ZK3	43	0
Q90ZK3	44	1
Q90ZK3	51	0
Q90ZK3	55	0
Q90ZK3	59	0
Q90ZK3	63	0
Q90ZK3	67	0
Q90ZK5	4	0
Q90ZK5	5	0
Q90ZK5	25	0
Q90ZK5	26	0
Q90ZK5	43	0
Q90ZK5	44	1
Q90ZK5	49	0
Q90ZK5	51	0
Q90ZK5	55	0
Q90ZK5	63	0
Q91826	2	0
Q91826	33	0
Q91826	34	1
Q91826	37	0
Q91826	42	0
Q91826	49	0
Q91826	52	0
Q91826	56	0
Q91826	60	0
Q91826	61	0
Q99134	2	0
Q99134	33	0
Q99134	34	1
Q99134	37	0
Q99134	42	0
Q99134	49	0
Q99134	52	0
Q99134	56	0
Q99134	60	0
Q99134	61	0
Q9DET7	3	0
Q9DET7	18	0
Q9DET7	21	0
Q9DET7	30	1
Q9DET7	39	0
Q9DET7	42	1
Q9DET7	53	0
Q9DET7	57	0
Q9DET7	61	0
Q9DET7	71	0
Q9DET7	72	1
Q9DET7	81	0
Q9DET7	82	0
Q9DET7	88	0
Q9DET7	105	1
Q9DET7	118	0
Q9DET7	119	0
Q9DET7	121	0
Q9DET7	122	1
Q9DET7	133	0
Q9DET7	136	0
Q9DET7	140	0
Q9DET7	141	0
Q9PT75	4	0
Q9PT75	5	0
Q9PT75	25	0
Q9PT75	26	0
Q9PT75	42	0
Q9PT75	43	1
Q9PT75	50	0
Q9PT75	61	0
Q9PT75	69	0
U3UBT3	4	0
U3UBT3	5	0
U3UBT3	25	0
U3UBT3	26	1
U3UBT3	40	0
U3UBT3	44	0
U3UBT3	45	1
U3UBT3	62	0
